image_id,class_id,x_center,y_center,width,height,confidence
000003_jpg.rf.8511b9c219dbf9799a6d58900b15917d.jpg,7,0.5019230842590332,0.4788358509540558,0.49370282888412476,0.6424340605735779,0.938369870185852
000006_jpg.rf.89610ec419ccfab22f8314026b90ee26.jpg,7,0.378648966550827,0.16583850979804993,0.2913982570171356,0.33124977350234985,0.9296411871910095
000006_jpg.rf.89610ec419ccfab22f8314026b90ee26.jpg,1,0.8524448275566101,0.2491302192211151,0.015904059633612633,0.013071372173726559,0.020971141755580902
000006_jpg.rf.89610ec419ccfab22f8314026b90ee26.jpg,1,0.8814778923988342,0.10053429007530212,0.020333804190158844,0.03661445528268814,0.004107203800231218
000006_jpg.rf.89610ec419ccfab22f8314026b90ee26.jpg,1,0.8556366562843323,0.24946866929531097,0.014536124654114246,0.011496488936245441,0.002489560516551137
000006_jpg.rf.89610ec419ccfab22f8314026b90ee26.jpg,1,0.850709080696106,0.24976815283298492,0.020542878657579422,0.016295121982693672,0.0024244447704404593
000006_jpg.rf.89610ec419ccfab22f8314026b90ee26.jpg,0,0.5638779997825623,0.27750900387763977,0.014446515589952469,0.012737457640469074,0.002151225693523884
000006_jpg.rf.89610ec419ccfab22f8314026b90ee26.jpg,8,0.9076148271560669,0.9796640872955322,0.18282942473888397,0.04067186266183853,0.0019366336055099964
000006_jpg.rf.89610ec419ccfab22f8314026b90ee26.jpg,7,0.3762832283973694,0.539853036403656,0.04323526844382286,0.062375105917453766,0.001441233791410923
000006_jpg.rf.89610ec419ccfab22f8314026b90ee26.jpg,9,0.37665069103240967,0.5402201414108276,0.042823389172554016,0.06373735517263412,0.001330902217887342
000006_jpg.rf.89610ec419ccfab22f8314026b90ee26.jpg,0,0.5641894340515137,0.277254581451416,0.016559233888983727,0.016133932396769524,0.0012968347873538733
000006_jpg.rf.89610ec419ccfab22f8314026b90ee26.jpg,0,0.8549059629440308,0.2507694363594055,0.015516208484768867,0.012299556285142899,0.0012051527155563235
000006_jpg.rf.89610ec419ccfab22f8314026b90ee26.jpg,9,0.3180975019931793,0.5770239233970642,0.0427689403295517,0.06307906657457352,0.0012033575912937522
00000_00000_00003_png.rf.d18afc3c9625ffb1974029d3e3762aee.jpg,6,0.5158653259277344,0.5024750828742981,0.5669199228286743,0.5977458953857422,0.9310253262519836
00000_00000_00003_png.rf.d18afc3c9625ffb1974029d3e3762aee.jpg,1,0.7621805667877197,0.48198893666267395,0.4756389260292053,0.9639778733253479,0.0031763131264597178
00000_00000_00003_png.rf.d18afc3c9625ffb1974029d3e3762aee.jpg,1,0.4601442813873291,0.4485889673233032,0.9202678799629211,0.8971779346466064,0.0017067394219338894
00000_00000_00003_png.rf.d18afc3c9625ffb1974029d3e3762aee.jpg,10,0.18450982868671417,0.4767753779888153,0.36901965737342834,0.7869131565093994,0.0014622296439483762
00000_00000_00003_png.rf.d18afc3c9625ffb1974029d3e3762aee.jpg,7,0.15886227786540985,0.44242385029792786,0.3177245557308197,0.5516852140426636,0.0012812829809263349
00000_00000_00005_png.rf.ab60a274676963d378f5014e89d9e2b1.jpg,6,0.5309081077575684,0.533410370349884,0.6243459582328796,0.6529282927513123,0.9358174800872803
00000_00000_00005_png.rf.ab60a274676963d378f5014e89d9e2b1.jpg,6,0.10966482758522034,0.12638817727565765,0.21932965517044067,0.2527763545513153,0.005902847740799189
00000_00000_00005_png.rf.ab60a274676963d378f5014e89d9e2b1.jpg,1,0.47987356781959534,0.29843100905418396,0.9597471356391907,0.5968620181083679,0.002305930247530341
00000_00000_00005_png.rf.ab60a274676963d378f5014e89d9e2b1.jpg,1,0.48917534947395325,0.4285101592540741,0.9752422571182251,0.8570203185081482,0.0020417228806763887
00000_00000_00005_png.rf.ab60a274676963d378f5014e89d9e2b1.jpg,6,0.11995132267475128,0.1761217713356018,0.23990264534950256,0.3521082103252411,0.001119253458455205
00000_00000_00005_png.rf.ab60a274676963d378f5014e89d9e2b1.jpg,7,0.16510121524333954,0.47833406925201416,0.3302024304866791,0.5538865923881531,0.0010454142466187477
00000_00000_00006_png.rf.9d1ea68507aff6973a1dbcdc6f4422a8.jpg,6,0.5283939242362976,0.555202305316925,0.601535975933075,0.6289054155349731,0.938915491104126
00000_00000_00006_png.rf.9d1ea68507aff6973a1dbcdc6f4422a8.jpg,1,0.5195738077163696,0.21594029664993286,0.8778555989265442,0.43176448345184326,0.02269158884882927
00000_00000_00006_png.rf.9d1ea68507aff6973a1dbcdc6f4422a8.jpg,1,0.504212498664856,0.3081529438495636,0.9396393299102783,0.6163058876991272,0.02019413374364376
00000_00000_00006_png.rf.9d1ea68507aff6973a1dbcdc6f4422a8.jpg,6,0.8537875413894653,0.059070833027362823,0.2909548878669739,0.11814166605472565,0.007676103617995977
00000_00000_00006_png.rf.9d1ea68507aff6973a1dbcdc6f4422a8.jpg,1,0.45571669936180115,0.14454011619091034,0.8041415214538574,0.2889716625213623,0.0019820707384496927
00000_00000_00006_png.rf.9d1ea68507aff6973a1dbcdc6f4422a8.jpg,6,0.8594644069671631,0.10070079565048218,0.28074830770492554,0.20140159130096436,0.0016880775801837444
00000_00000_00006_png.rf.9d1ea68507aff6973a1dbcdc6f4422a8.jpg,1,0.4752221703529358,0.4419039487838745,0.9445522427558899,0.883807897567749,0.0015979419695213437
00000_00000_00006_png.rf.9d1ea68507aff6973a1dbcdc6f4422a8.jpg,1,0.1368139088153839,0.12942984700202942,0.04230903089046478,0.11079489439725876,0.0010881050257012248
00000_00000_00008_png.rf.ff305dcd6e9ceb9188937311a4a1b207.jpg,6,0.5121884942054749,0.5055299997329712,0.6573854684829712,0.6682425737380981,0.9288086891174316
00000_00000_00008_png.rf.ff305dcd6e9ceb9188937311a4a1b207.jpg,6,0.07882637530565262,0.11257174611091614,0.15609301626682281,0.22476330399513245,0.08624603599309921
00000_00000_00013_png.rf.9076cbfc7f7811fa22547539a7e7ac02.jpg,6,0.5362443923950195,0.4950539767742157,0.7029909491539001,0.7295396327972412,0.9350694417953491
00000_00000_00017_png.rf.6c2381a6a103a041f23159fbd44868ed.jpg,6,0.5285224914550781,0.5267202258110046,0.7493599057197571,0.755994975566864,0.9311085343360901
00000_00000_00021_png.rf.0803f8eb5b4566c44100cfef9d0bfa8e.jpg,6,0.5314028859138489,0.5336114764213562,0.808472216129303,0.8238229155540466,0.934423565864563
00000_00000_00024_png.rf.8b21eb79678eed47df52a9ab4319bc08.jpg,6,0.5123310089111328,0.5051104426383972,0.8384982347488403,0.8598808646202087,0.9383166432380676
00000_00001_00008_png.rf.936b0185c3b9131c96d42d60a5da1abb.jpg,6,0.5328603386878967,0.532179594039917,0.6167058348655701,0.6369335055351257,0.9409580230712891
00000_00001_00008_png.rf.936b0185c3b9131c96d42d60a5da1abb.jpg,6,0.10673830658197403,0.1141342967748642,0.21347661316394806,0.2282685935497284,0.006451631896197796
00000_00001_00008_png.rf.936b0185c3b9131c96d42d60a5da1abb.jpg,6,0.10628913342952728,0.1976710706949234,0.21257826685905457,0.3953421413898468,0.001273812958970666
00000_00001_00013_png.rf.c2367f9d1b377597b2cc3706b70fa818.jpg,6,0.5164228677749634,0.5319528579711914,0.6536180377006531,0.6695058941841125,0.9336791634559631
00000_00001_00013_png.rf.c2367f9d1b377597b2cc3706b70fa818.jpg,7,0.7435031533241272,0.5457916259765625,0.5128259658813477,0.7897851467132568,0.0060829883441329
00000_00001_00013_png.rf.c2367f9d1b377597b2cc3706b70fa818.jpg,7,0.8690018653869629,0.5427873730659485,0.26121991872787476,0.7432966232299805,0.0033803824335336685
00000_00001_00013_png.rf.c2367f9d1b377597b2cc3706b70fa818.jpg,6,0.6555832028388977,0.06415418535470963,0.6677249073982239,0.12830837070941925,0.0012808357132598758
00000_00001_00013_png.rf.c2367f9d1b377597b2cc3706b70fa818.jpg,6,0.08581381291151047,0.10079742223024368,0.17136158049106598,0.20119410753250122,0.0010051841381937265
00000_00001_00016_png.rf.2818a0160369aa9d2465007de479d6d3.jpg,6,0.5163933038711548,0.5131356120109558,0.6847866177558899,0.6864960789680481,0.9412060379981995
00000_00001_00016_png.rf.2818a0160369aa9d2465007de479d6d3.jpg,10,0.9612454771995544,0.9143396615982056,0.07591526955366135,0.17132063210010529,0.004625395406037569
00000_00001_00016_png.rf.2818a0160369aa9d2465007de479d6d3.jpg,7,0.7351041436195374,0.8017272353172302,0.5236690640449524,0.39654552936553955,0.0015851446660235524
00000_00001_00016_png.rf.2818a0160369aa9d2465007de479d6d3.jpg,7,0.580571174621582,0.7789620757102966,0.8341520428657532,0.44207584857940674,0.001162695582024753
00000_00001_00020_png.rf.4fc3ed0f124f480c5152a541fff2dbf7.jpg,6,0.5332980751991272,0.5021637082099915,0.7110289335250854,0.7435028553009033,0.9358988404273987
00000_00001_00020_png.rf.4fc3ed0f124f480c5152a541fff2dbf7.jpg,7,0.6220788955688477,0.7948639392852783,0.7558422088623047,0.41027209162712097,0.0019923921208828688
00000_00001_00020_png.rf.af293e6651965d897c75935cf2084f7d.jpg,6,0.5332980751991272,0.5021637082099915,0.7110289335250854,0.7435028553009033,0.9358988404273987
00000_00001_00020_png.rf.af293e6651965d897c75935cf2084f7d.jpg,7,0.6220788955688477,0.7948639392852783,0.7558422088623047,0.41027209162712097,0.0019923921208828688
00000_00001_00021_png.rf.beb4a4004ddd09e998abac6f77de0322.jpg,6,0.5265361666679382,0.5115336775779724,0.7399423122406006,0.7641851305961609,0.932928204536438
00000_00001_00021_png.rf.beb4a4004ddd09e998abac6f77de0322.jpg,0,0.9682093262672424,0.5830644369125366,0.06356782466173172,0.24710707366466522,0.006122139748185873
00000_00001_00021_png.rf.beb4a4004ddd09e998abac6f77de0322.jpg,0,0.9648029804229736,0.5045631527900696,0.0697486624121666,0.44194743037223816,0.003292461158707738
00000_00001_00021_png.rf.beb4a4004ddd09e998abac6f77de0322.jpg,0,0.8819969296455383,0.4136601686477661,0.23574060201644897,0.822767972946167,0.0016008531674742699
00000_00001_00021_png.rf.beb4a4004ddd09e998abac6f77de0322.jpg,1,0.9641041159629822,0.5683987140655518,0.07112693786621094,0.27940237522125244,0.0014847831334918737
00000_00001_00021_png.rf.beb4a4004ddd09e998abac6f77de0322.jpg,0,0.9579678773880005,0.42672309279441833,0.08386920392513275,0.6839794516563416,0.00142279255669564
00000_00001_00021_png.rf.beb4a4004ddd09e998abac6f77de0322.jpg,0,0.9355781078338623,0.4112992584705353,0.12884390354156494,0.7862462997436523,0.0012587112141773105
00000_00002_00012_png.rf.d345a307460a0fa32e159261cffa0e88.jpg,6,0.5164501070976257,0.5155065655708313,0.6350653171539307,0.6507941484451294,0.943733274936676
00000_00002_00012_png.rf.d345a307460a0fa32e159261cffa0e88.jpg,1,0.48985645174980164,0.32909026741981506,0.9756861925125122,0.6579726338386536,0.0010928326519206166
00000_00002_00015_png.rf.9c6647dad127ad8ea26b08ef5e31f15f.jpg,6,0.5329330563545227,0.5158756375312805,0.693297266960144,0.70417720079422,0.9360319375991821
00000_00002_00015_png.rf.9c6647dad127ad8ea26b08ef5e31f15f.jpg,10,0.5782709121704102,0.27354535460472107,0.837543249130249,0.5470802187919617,0.0013597523793578148
00000_00002_00015_png.rf.9c6647dad127ad8ea26b08ef5e31f15f.jpg,6,0.5702013969421387,0.3280741274356842,0.8532779812812805,0.6561482548713684,0.0013430658727884293
00000_00002_00015_png.rf.9c6647dad127ad8ea26b08ef5e31f15f.jpg,1,0.9428200125694275,0.1629888266324997,0.028833243995904922,0.020284369587898254,0.001096824067644775
00000_00002_00026_png.rf.092c69361ef48fd43b479aa48fc829d9.jpg,6,0.5009859204292297,0.5000270009040833,0.813429057598114,0.8124516010284424,0.9339851140975952
00000_00002_00026_png.rf.092c69361ef48fd43b479aa48fc829d9.jpg,0,0.802823543548584,0.11622501164674759,0.012423736043274403,0.02963273413479328,0.006358908023685217
00000_00002_00026_png.rf.092c69361ef48fd43b479aa48fc829d9.jpg,1,0.8026992082595825,0.11588594317436218,0.012926248833537102,0.029114898294210434,0.004519682843238115
00000_00002_00026_png.rf.092c69361ef48fd43b479aa48fc829d9.jpg,0,0.4743395447731018,0.006818640511482954,0.018042931333184242,0.013121645897626877,0.0030497610569000244
00000_00002_00026_png.rf.092c69361ef48fd43b479aa48fc829d9.jpg,1,0.16366282105445862,0.9170085191726685,0.014242026023566723,0.033384691923856735,0.002566015813499689
00000_00002_00026_png.rf.092c69361ef48fd43b479aa48fc829d9.jpg,1,0.43990352749824524,0.04664623737335205,0.017449965700507164,0.05085330083966255,0.0019128151470795274
00000_00003_00003_png.rf.cb1242e3f504fdf75084201d1d568a93.jpg,6,0.5428587198257446,0.5589529871940613,0.5839806795120239,0.5830478072166443,0.9298859238624573
00000_00003_00003_png.rf.cb1242e3f504fdf75084201d1d568a93.jpg,1,0.7057979702949524,0.06778820604085922,0.5853376388549805,0.13526323437690735,0.0026680035516619682
00000_00003_00003_png.rf.cb1242e3f504fdf75084201d1d568a93.jpg,1,0.054065119475126266,0.4630807936191559,0.10813023895025253,0.8777648210525513,0.0020629565697163343
00000_00003_00003_png.rf.cb1242e3f504fdf75084201d1d568a93.jpg,1,0.07554642856121063,0.4571489989757538,0.15109285712242126,0.9053477048873901,0.0014555210946127772
00000_00003_00003_png.rf.cb1242e3f504fdf75084201d1d568a93.jpg,1,0.6328285336494446,0.08102891594171524,0.7343430519104004,0.16205783188343048,0.0011049790773540735
00000_00003_00005_png.rf.91e4d86cd4241911356889c94ae3f5ee.jpg,6,0.5379859805107117,0.5335383415222168,0.5850043296813965,0.5926265716552734,0.9271501302719116
00000_00003_00005_png.rf.91e4d86cd4241911356889c94ae3f5ee.jpg,1,0.5368102192878723,0.07735583931207657,0.8848296403884888,0.15471167862415314,0.0035139103420078754
00000_00003_00005_png.rf.91e4d86cd4241911356889c94ae3f5ee.jpg,1,0.049922555685043335,0.4731460511684418,0.09984511137008667,0.9227802157402039,0.00223838840611279
00000_00003_00005_png.rf.91e4d86cd4241911356889c94ae3f5ee.jpg,1,0.24843433499336243,0.052808728069067,0.49686866998672485,0.105617456138134,0.001643993891775608
00000_00003_00005_png.rf.91e4d86cd4241911356889c94ae3f5ee.jpg,1,0.07287367433309555,0.47198939323425293,0.1457473486661911,0.9395678043365479,0.0014450186863541603
00000_00003_00005_png.rf.91e4d86cd4241911356889c94ae3f5ee.jpg,1,0.637896716594696,0.06380779296159744,0.7190876007080078,0.12759502232074738,0.0012056188425049186
00000_00003_00005_png.rf.91e4d86cd4241911356889c94ae3f5ee.jpg,1,0.10848571360111237,0.500370979309082,0.21696721017360687,0.9992581009864807,0.0011088268365710974
00000_00003_00011_png.rf.7d5f2a85458f70654be03f2a2cd47c06.jpg,6,0.5415046811103821,0.5151869654655457,0.6381257176399231,0.6537725329399109,0.9339043498039246
00000_00003_00011_png.rf.7d5f2a85458f70654be03f2a2cd47c06.jpg,1,0.7432204484939575,0.049713581800460815,0.5063939690589905,0.09933450818061829,0.002061558188870549
00000_00003_00011_png.rf.7d5f2a85458f70654be03f2a2cd47c06.jpg,1,0.7111153602600098,0.4389927089214325,0.5777693390846252,0.877985417842865,0.0017848857678472996
00000_00003_00011_png.rf.7d5f2a85458f70654be03f2a2cd47c06.jpg,1,0.41266798973083496,0.4787502884864807,0.8253359794616699,0.9549804925918579,0.0011995581444352865
00000_00003_00015_png.rf.a18e8c7a509b0f5f98fe6221bac9aee4.jpg,6,0.5320205092430115,0.5352323651313782,0.6964972615242004,0.7275980710983276,0.9374096393585205
00000_00003_00017_png.rf.cb107aac6c3f74cfb122de76625c4abc.jpg,6,0.5072665810585022,0.5166479349136353,0.7450416684150696,0.7280430197715759,0.9333456158638
00000_00003_00017_png.rf.cb107aac6c3f74cfb122de76625c4abc.jpg,6,0.4095892012119293,0.9731941819190979,0.01623685657978058,0.03200443089008331,0.004655978176742792
00000_00003_00017_png.rf.cb107aac6c3f74cfb122de76625c4abc.jpg,13,0.40948113799095154,0.9726203680038452,0.0170196034014225,0.030851732939481735,0.001631870400160551
00000_00003_00019_png.rf.d5f22619ed92e72b6d2ed7150b2db7c3.jpg,6,0.5236281752586365,0.513687014579773,0.7437346577644348,0.7491104006767273,0.9391326308250427
00000_00004_00027_png.rf.339c3f63582ed2785e9d0740821e561e.jpg,6,0.5185551643371582,0.5178631544113159,0.8466713428497314,0.8462839722633362,0.9337556958198547
00000_00004_00027_png.rf.339c3f63582ed2785e9d0740821e561e.jpg,6,0.6359285712242126,0.8638797998428345,0.728143036365509,0.27224043011665344,0.002212759805843234
00000_00004_00027_png.rf.339c3f63582ed2785e9d0740821e561e.jpg,6,0.552931010723114,0.840380847454071,0.894137978553772,0.3192383944988251,0.0010200279066339135
00000_00005_00000_png.rf.4b0a9b1409c4ee2cc880aa6e173d5e0e.jpg,6,0.5286137461662292,0.5185434222221375,0.56080561876297,0.5694852471351624,0.9314784407615662
00000_00005_00000_png.rf.4b0a9b1409c4ee2cc880aa6e173d5e0e.jpg,6,0.5432801246643066,0.11480004340410233,0.7007138729095459,0.2293296903371811,0.36791807413101196
00000_00005_00000_png.rf.4b0a9b1409c4ee2cc880aa6e173d5e0e.jpg,6,0.5464436411857605,0.2065129429101944,0.7376910448074341,0.41183897852897644,0.0062438445165753365
00000_00005_00000_png.rf.4b0a9b1409c4ee2cc880aa6e173d5e0e.jpg,6,0.648727297782898,0.0830942690372467,0.4737747311592102,0.1661885380744934,0.0022419653832912445
00000_00005_00000_png.rf.4b0a9b1409c4ee2cc880aa6e173d5e0e.jpg,6,0.7806947827339172,0.058955658227205276,0.4205076992511749,0.11791131645441055,0.002109318505972624
00000_00005_00000_png.rf.4b0a9b1409c4ee2cc880aa6e173d5e0e.jpg,6,0.7182502150535583,0.06389731913805008,0.39927512407302856,0.12779463827610016,0.001474102959036827
00000_00005_00000_png.rf.4b0a9b1409c4ee2cc880aa6e173d5e0e.jpg,6,0.5816348195075989,0.0724523589015007,0.6031652092933655,0.1449047178030014,0.0014125293819233775
00000_00005_00003_png.rf.df858754a637fecb106924e9bc47a832.jpg,6,0.5568839311599731,0.5296672582626343,0.5572689175605774,0.5986107587814331,0.9227463603019714
00000_00005_00003_png.rf.df858754a637fecb106924e9bc47a832.jpg,6,0.5444087982177734,0.18472614884376526,0.6919687986373901,0.3694522976875305,0.05518665909767151
00000_00005_00003_png.rf.df858754a637fecb106924e9bc47a832.jpg,6,0.5663057565689087,0.11409364640712738,0.7085354924201965,0.22818729281425476,0.02017795480787754
00000_00005_00003_png.rf.df858754a637fecb106924e9bc47a832.jpg,6,0.5200626254081726,0.06919395923614502,0.5965316891670227,0.13828928768634796,0.001633833977393806
00000_00005_00009_png.rf.318081408daa3bd6bd66422e94bd3dca.jpg,6,0.5319864749908447,0.5163912773132324,0.6157146096229553,0.651561975479126,0.9360010623931885
00000_00005_00009_png.rf.318081408daa3bd6bd66422e94bd3dca.jpg,6,0.9257503151893616,0.08469748497009277,0.1483941525220871,0.16939496994018555,0.001255443668924272
00000_00005_00016_png.rf.80996367c51768326648d4c53f8a1e63.jpg,6,0.5242597460746765,0.48379766941070557,0.6710646748542786,0.7225478291511536,0.9425969123840332
00000_00005_00025_png.rf.f6c63209955abab1fc2ea39248553192.jpg,6,0.5170981287956238,0.5048677325248718,0.7975640296936035,0.8515840768814087,0.9395644664764404
00000_00005_00027_png.rf.397ea37e7f1f7c3029ef77da37b4d73a.jpg,6,0.5159710049629211,0.489488422870636,0.827718198299408,0.8165388703346252,0.9377362728118896
00000_00005_00027_png.rf.397ea37e7f1f7c3029ef77da37b4d73a.jpg,6,0.33374544978141785,0.45718005299568176,0.6674908995628357,0.9143601059913635,0.022587506100535393
00000_00005_00027_png.rf.397ea37e7f1f7c3029ef77da37b4d73a.jpg,6,0.7380357384681702,0.46569937467575073,0.5239285826683044,0.9313987493515015,0.008325968869030476
00000_00005_00027_png.rf.397ea37e7f1f7c3029ef77da37b4d73a.jpg,6,0.4081844091415405,0.24830664694309235,0.816368818283081,0.4966132938861847,0.0026120238471776247
00000_00005_00027_png.rf.397ea37e7f1f7c3029ef77da37b4d73a.jpg,6,0.373923659324646,0.8070927858352661,0.747847318649292,0.38581448793411255,0.0016338153509423137
00000_00005_00027_png.rf.397ea37e7f1f7c3029ef77da37b4d73a.jpg,0,0.5459040403366089,0.07980258017778397,0.022369274869561195,0.019770462065935135,0.0015973906265571713
00000_00005_00027_png.rf.397ea37e7f1f7c3029ef77da37b4d73a.jpg,9,0.7954776287078857,0.47315147519111633,0.4086722433567047,0.9463029503822327,0.0015126214129850268
00000_00005_00027_png.rf.397ea37e7f1f7c3029ef77da37b4d73a.jpg,6,0.0715763121843338,0.44532591104507446,0.1431526243686676,0.8682194948196411,0.001090727630071342
00000_00006_00000_png.rf.89204de3eb332a0f1dfbdbfeed2c4f19.jpg,6,0.4931872487068176,0.5467222929000854,0.46503493189811707,0.584631085395813,0.896604061126709
00000_00006_00000_png.rf.89204de3eb332a0f1dfbdbfeed2c4f19.jpg,1,0.29385536909103394,0.4936433732509613,0.5877107381820679,0.9872867465019226,0.029369737952947617
00000_00006_00000_png.rf.89204de3eb332a0f1dfbdbfeed2c4f19.jpg,14,0.41739150881767273,0.47430822253227234,0.8332010507583618,0.9482169151306152,0.005900931544601917
00000_00006_00000_png.rf.89204de3eb332a0f1dfbdbfeed2c4f19.jpg,1,0.20710352063179016,0.48333317041397095,0.4142070412635803,0.9666663408279419,0.005190872587263584
00000_00006_00000_png.rf.89204de3eb332a0f1dfbdbfeed2c4f19.jpg,1,0.8637993335723877,0.47802233695983887,0.27240145206451416,0.9560446739196777,0.0031320564448833466
00000_00006_00000_png.rf.89204de3eb332a0f1dfbdbfeed2c4f19.jpg,1,0.14593952894210815,0.4621497094631195,0.2918790578842163,0.924299418926239,0.0030008256435394287
00000_00006_00000_png.rf.89204de3eb332a0f1dfbdbfeed2c4f19.jpg,1,0.9150701761245728,0.48272764682769775,0.16961421072483063,0.9654552936553955,0.002698532771319151
00000_00006_00000_png.rf.89204de3eb332a0f1dfbdbfeed2c4f19.jpg,6,0.619632363319397,0.4962603449821472,0.7592214941978455,0.7451200485229492,0.0024810349568724632
00000_00006_00000_png.rf.89204de3eb332a0f1dfbdbfeed2c4f19.jpg,10,0.6256436705589294,0.48279494047164917,0.7464643120765686,0.8351141214370728,0.002089889720082283
00000_00006_00000_png.rf.89204de3eb332a0f1dfbdbfeed2c4f19.jpg,6,0.7027374505996704,0.46316981315612793,0.594525158405304,0.8537704348564148,0.001982145244255662
00000_00006_00000_png.rf.89204de3eb332a0f1dfbdbfeed2c4f19.jpg,1,0.40498045086860657,0.4629566967487335,0.8086491227149963,0.9221011996269226,0.0019388110376894474
00000_00006_00000_png.rf.89204de3eb332a0f1dfbdbfeed2c4f19.jpg,6,0.355112761259079,0.4684745669364929,0.710225522518158,0.9369491338729858,0.0013686994789168239
00000_00006_00000_png.rf.89204de3eb332a0f1dfbdbfeed2c4f19.jpg,1,0.1611020863056183,0.5930333137512207,0.3222041726112366,0.7381911873817444,0.0013533366145566106
00000_00006_00000_png.rf.89204de3eb332a0f1dfbdbfeed2c4f19.jpg,6,0.43953707814216614,0.5845663547515869,0.8790741562843323,0.830867350101471,0.001085316063836217
00000_00006_00000_png.rf.89204de3eb332a0f1dfbdbfeed2c4f19.jpg,1,0.8102713823318481,0.4328005611896515,0.37934789061546326,0.852817177772522,0.0010539792710915208
00000_00006_00000_png.rf.89204de3eb332a0f1dfbdbfeed2c4f19.jpg,1,0.9412885904312134,0.4624120891094208,0.11742276698350906,0.9243038892745972,0.0010474080918356776
00000_00006_00004_png.rf.f3eaa594302a3387574994936ac8af80.jpg,6,0.5051041841506958,0.5112754106521606,0.622715175151825,0.6332342028617859,0.9365865588188171
00000_00006_00004_png.rf.f3eaa594302a3387574994936ac8af80.jpg,1,0.8367331624031067,0.232286274433136,0.32642826437950134,0.464572548866272,0.002368162153288722
00000_00006_00004_png.rf.f3eaa594302a3387574994936ac8af80.jpg,1,0.8688485622406006,0.49812471866607666,0.26230305433273315,0.9914430975914001,0.0022509817499667406
00000_00006_00004_png.rf.f3eaa594302a3387574994936ac8af80.jpg,1,0.9251425266265869,0.44419658184051514,0.14971499145030975,0.8856634497642517,0.002228955738246441
00000_00006_00004_png.rf.f3eaa594302a3387574994936ac8af80.jpg,1,0.951447069644928,0.4047423303127289,0.09710591286420822,0.7893948554992676,0.001954492647200823
00000_00006_00004_png.rf.f3eaa594302a3387574994936ac8af80.jpg,1,0.8149942755699158,0.15508556365966797,0.37001147866249084,0.31012991070747375,0.0019492593128234148
00000_00006_00004_png.rf.f3eaa594302a3387574994936ac8af80.jpg,1,0.8035380840301514,0.10615594685077667,0.39280804991722107,0.21231189370155334,0.0018512671813368797
00000_00006_00004_png.rf.f3eaa594302a3387574994936ac8af80.jpg,1,0.9216797351837158,0.3127703368663788,0.1566406488418579,0.6247957944869995,0.0017107039457187057
00000_00006_00004_png.rf.f3eaa594302a3387574994936ac8af80.jpg,1,0.8672431111335754,0.31325122714042664,0.2653961181640625,0.6248793005943298,0.0013806103961542249
00000_00006_00004_png.rf.f3eaa594302a3387574994936ac8af80.jpg,1,0.7208285331726074,0.4566078782081604,0.5583430528640747,0.9129723310470581,0.0013014686992391944
00000_00006_00004_png.rf.f3eaa594302a3387574994936ac8af80.jpg,14,0.34441256523132324,0.412148118019104,0.6888251304626465,0.824296236038208,0.0013001752085983753
00000_00006_00004_png.rf.f3eaa594302a3387574994936ac8af80.jpg,1,0.9181631207466125,0.17853352427482605,0.16353709995746613,0.3570670485496521,0.001285469508729875
00000_00006_00004_png.rf.f3eaa594302a3387574994936ac8af80.jpg,1,0.9439365267753601,0.3002752959728241,0.11212701350450516,0.6005505919456482,0.0011795071186497808
00000_00006_00004_png.rf.f3eaa594302a3387574994936ac8af80.jpg,6,0.6485939025878906,0.4429391622543335,0.7018857002258301,0.885878324508667,0.0011122089345008135
00000_00006_00009_png.rf.69ada07a494f34af78f9cbb977bb1fe7.jpg,6,0.519333004951477,0.5325459241867065,0.6931557655334473,0.6761776804924011,0.9348296523094177
00000_00006_00009_png.rf.abb45158e58a911f6eb8f4784f718205.jpg,6,0.519333004951477,0.5325459241867065,0.6931557655334473,0.6761776804924011,0.9348296523094177
00000_00006_00014_png.rf.c18a9a99443ea933a462c18e7d9cc035.jpg,6,0.5134865045547485,0.4853556752204895,0.7126188278198242,0.7159689664840698,0.9382259845733643
00000_00006_00014_png.rf.c18a9a99443ea933a462c18e7d9cc035.jpg,14,0.8845652937889099,0.5145162343978882,0.23077012598514557,0.9587537050247192,0.007996848784387112
00000_00006_00014_png.rf.c18a9a99443ea933a462c18e7d9cc035.jpg,14,0.7630872130393982,0.5200923681259155,0.4738256335258484,0.9490939974784851,0.00552287045866251
00000_00006_00014_png.rf.c18a9a99443ea933a462c18e7d9cc035.jpg,0,0.37789294123649597,0.9894734025001526,0.12183545529842377,0.0207523200660944,0.0022719057742506266
00000_00006_00014_png.rf.c18a9a99443ea933a462c18e7d9cc035.jpg,14,0.9229376912117004,0.5177040100097656,0.1539636105298996,0.9413818120956421,0.00217125634662807
00000_00006_00014_png.rf.c18a9a99443ea933a462c18e7d9cc035.jpg,10,0.9774351716041565,0.3896714746952057,0.04487624764442444,0.4374012053012848,0.001809975947253406
00000_00006_00014_png.rf.c18a9a99443ea933a462c18e7d9cc035.jpg,0,0.3345354199409485,0.9807983636856079,0.4245903491973877,0.038082417100667953,0.0016440878389403224
00000_00006_00014_png.rf.c18a9a99443ea933a462c18e7d9cc035.jpg,7,0.3716484606266022,0.9820303320884705,0.37921538949012756,0.03593951091170311,0.0015735090710222721
00000_00006_00014_png.rf.c18a9a99443ea933a462c18e7d9cc035.jpg,0,0.028980229049921036,0.9385136961936951,0.05785343423485756,0.12297263741493225,0.00135133252479136
00000_00006_00014_png.rf.c18a9a99443ea933a462c18e7d9cc035.jpg,1,0.3476972281932831,0.9814808368682861,0.41007399559020996,0.03682657703757286,0.0013396096182987094
00000_00006_00014_png.rf.c18a9a99443ea933a462c18e7d9cc035.jpg,10,0.44075360894203186,0.15561532974243164,0.8248504996299744,0.31096482276916504,0.0013203556882217526
00000_00006_00014_png.rf.c18a9a99443ea933a462c18e7d9cc035.jpg,1,0.3449452519416809,0.9855188727378845,0.34601572155952454,0.028962429612874985,0.0011552171781659126
00000_00006_00014_png.rf.c18a9a99443ea933a462c18e7d9cc035.jpg,1,0.02051982656121254,0.928728461265564,0.04086456075310707,0.1421346664428711,0.0011483206180855632
00000_00006_00014_png.rf.c18a9a99443ea933a462c18e7d9cc035.jpg,1,0.776776134967804,0.4960145354270935,0.44625526666641235,0.9680349230766296,0.0010955844772979617
00000_00006_00014_png.rf.c18a9a99443ea933a462c18e7d9cc035.jpg,0,0.3692157566547394,0.9876426458358765,0.19124191999435425,0.024714911356568336,0.001039579976350069
00000_00006_00014_png.rf.c18a9a99443ea933a462c18e7d9cc035.jpg,0,0.025433793663978577,0.9206997156143188,0.05073349550366402,0.15812933444976807,0.0010236328234896064
00000_00006_00021_png.rf.ceba1690308218617be309fd8dd38971.jpg,6,0.5303928256034851,0.5093036890029907,0.7777178287506104,0.7549899220466614,0.9340093731880188
00000_00006_00021_png.rf.ceba1690308218617be309fd8dd38971.jpg,14,0.5435184240341187,0.2745766043663025,0.9073737263679504,0.5491108894348145,0.002156551694497466
00000_00006_00022_png.rf.8a9524bcedd0aa85d431b5314bdaf179.jpg,6,0.5081208944320679,0.5073287487030029,0.7797701358795166,0.7741387486457825,0.9360066056251526
00000_00006_00022_png.rf.8a9524bcedd0aa85d431b5314bdaf179.jpg,14,0.4758058190345764,0.18481355905532837,0.7692691087722778,0.36941877007484436,0.008444859646260738
00000_00006_00022_png.rf.8a9524bcedd0aa85d431b5314bdaf179.jpg,14,0.48673421144485474,0.2620527446269989,0.8377814292907715,0.5237522125244141,0.0028381352312862873
00000_00006_00022_png.rf.8a9524bcedd0aa85d431b5314bdaf179.jpg,14,0.7437183856964111,0.45796388387680054,0.5125632882118225,0.9159277677536011,0.00145014189183712
00000_00006_00022_png.rf.8a9524bcedd0aa85d431b5314bdaf179.jpg,1,0.24026769399642944,0.04200588911771774,0.31746014952659607,0.08401177823543549,0.0013706262689083815
00000_00006_00022_png.rf.8a9524bcedd0aa85d431b5314bdaf179.jpg,14,0.46223118901252747,0.12402814626693726,0.7287113070487976,0.2480562925338745,0.0012202790239825845
00000_00006_00022_png.rf.ac6d1330d86c61ae4067afdd3a258ab3.jpg,6,0.5081208944320679,0.5073287487030029,0.7797701358795166,0.7741387486457825,0.9360066056251526
00000_00006_00022_png.rf.ac6d1330d86c61ae4067afdd3a258ab3.jpg,14,0.4758058190345764,0.18481355905532837,0.7692691087722778,0.36941877007484436,0.008444859646260738
00000_00006_00022_png.rf.ac6d1330d86c61ae4067afdd3a258ab3.jpg,14,0.48673421144485474,0.2620527446269989,0.8377814292907715,0.5237522125244141,0.0028381352312862873
00000_00006_00022_png.rf.ac6d1330d86c61ae4067afdd3a258ab3.jpg,14,0.7437183856964111,0.45796388387680054,0.5125632882118225,0.9159277677536011,0.00145014189183712
00000_00006_00022_png.rf.ac6d1330d86c61ae4067afdd3a258ab3.jpg,1,0.24026769399642944,0.04200588911771774,0.31746014952659607,0.08401177823543549,0.0013706262689083815
00000_00006_00022_png.rf.ac6d1330d86c61ae4067afdd3a258ab3.jpg,14,0.46223118901252747,0.12402814626693726,0.7287113070487976,0.2480562925338745,0.0012202790239825845
000012_jpg.rf.a2e9009c1ca91c2272045589701123f0.jpg,7,0.48344096541404724,0.3357589542865753,0.8368685245513916,0.42055070400238037,0.857793927192688
000015_jpg.rf.1c60d15418d0291507def26c241ed27e.jpg,7,0.25716063380241394,0.3685927391052246,0.4362333118915558,0.4976993799209595,0.9409989714622498
000015_jpg.rf.1c60d15418d0291507def26c241ed27e.jpg,0,0.7439970374107361,0.4349408745765686,0.023036591708660126,0.05135895684361458,0.05208566412329674
000015_jpg.rf.1c60d15418d0291507def26c241ed27e.jpg,0,0.7587411403656006,0.3500807583332062,0.015776854008436203,0.030412454158067703,0.01350167952477932
000015_jpg.rf.1c60d15418d0291507def26c241ed27e.jpg,1,0.9267058968544006,0.17555496096611023,0.015217854641377926,0.010226506739854813,0.013022885657846928
000015_jpg.rf.1c60d15418d0291507def26c241ed27e.jpg,14,0.9809337258338928,0.3586766719818115,0.037794776260852814,0.04441789537668228,0.0025310800410807133
000015_jpg.rf.1c60d15418d0291507def26c241ed27e.jpg,1,0.8784441351890564,0.004731369204819202,0.01837635040283203,0.009462738409638405,0.002503820229321718
000015_jpg.rf.1c60d15418d0291507def26c241ed27e.jpg,0,0.823340892791748,0.2990109920501709,0.0061176009476184845,0.0068025593645870686,0.002268805867061019
000015_jpg.rf.1c60d15418d0291507def26c241ed27e.jpg,7,0.8507238030433655,0.2851274609565735,0.007083159405738115,0.009794620797038078,0.0017823423258960247
000015_jpg.rf.1c60d15418d0291507def26c241ed27e.jpg,0,0.7750455737113953,0.07641230523586273,0.01913173496723175,0.03747917711734772,0.0017293508863076568
000015_jpg.rf.1c60d15418d0291507def26c241ed27e.jpg,1,0.9970681667327881,0.27423280477523804,0.0058637033216655254,0.022599972784519196,0.001670083962380886
000015_jpg.rf.1c60d15418d0291507def26c241ed27e.jpg,7,0.8494162559509277,0.28505951166152954,0.007431324105709791,0.01048773992806673,0.001455044955946505
000015_jpg.rf.1c60d15418d0291507def26c241ed27e.jpg,0,0.7791304588317871,0.32712069153785706,0.007592421490699053,0.00585174560546875,0.0012492738896980882
000015_jpg.rf.1c60d15418d0291507def26c241ed27e.jpg,1,0.8250857591629028,0.2990665137767792,0.006918394006788731,0.006752014625817537,0.0011469136225059628
00001_00006_00004_png.rf.d10a2232f001894c293a3899de728cad.jpg,7,0.5228025317192078,0.5322633981704712,0.7517645955085754,0.7823894619941711,0.9486204385757446
00001_00006_00026_png.rf.49d271a1ad59fd8fc3022b9d27fd55e2.jpg,7,0.5045084953308105,0.5030456781387329,0.832812488079071,0.8723950982093811,0.9525226354598999
00001_00006_00026_png.rf.49d271a1ad59fd8fc3022b9d27fd55e2.jpg,1,0.8381677269935608,0.07364626228809357,0.021015753969550133,0.0187491737306118,0.010991518385708332
00001_00006_00026_png.rf.49d271a1ad59fd8fc3022b9d27fd55e2.jpg,1,0.6689704060554504,0.8838273286819458,0.030696503818035126,0.026294710114598274,0.004340196959674358
00001_00006_00026_png.rf.49d271a1ad59fd8fc3022b9d27fd55e2.jpg,1,0.994941234588623,0.38276568055152893,0.00960540771484375,0.043692588806152344,0.003723402740433812
00001_00006_00026_png.rf.49d271a1ad59fd8fc3022b9d27fd55e2.jpg,0,0.3525451421737671,0.967610776424408,0.0319165475666523,0.01791609264910221,0.003397793974727392
00001_00006_00026_png.rf.49d271a1ad59fd8fc3022b9d27fd55e2.jpg,1,0.9935909509658813,0.3797847330570221,0.012677266262471676,0.050234321504831314,0.0030663060024380684
00001_00006_00026_png.rf.49d271a1ad59fd8fc3022b9d27fd55e2.jpg,1,0.43562784790992737,0.9918904900550842,0.04936930164694786,0.015878824517130852,0.0025137197226285934
00001_00006_00026_png.rf.49d271a1ad59fd8fc3022b9d27fd55e2.jpg,1,0.6717420220375061,0.884421169757843,0.03608102351427078,0.03397802263498306,0.002322688465937972
00001_00006_00026_png.rf.49d271a1ad59fd8fc3022b9d27fd55e2.jpg,1,0.45024675130844116,0.9954875707626343,0.0742199644446373,0.009025060571730137,0.002127342624589801
00001_00006_00026_png.rf.49d271a1ad59fd8fc3022b9d27fd55e2.jpg,1,0.6683034896850586,0.8815074563026428,0.02616354264318943,0.020229194313287735,0.0016228604363277555
00001_00006_00026_png.rf.49d271a1ad59fd8fc3022b9d27fd55e2.jpg,1,0.43456003069877625,0.9951533675193787,0.03861045837402344,0.009693292900919914,0.001533140311948955
00001_00006_00026_png.rf.49d271a1ad59fd8fc3022b9d27fd55e2.jpg,1,0.42705604434013367,0.9915158748626709,0.057620491832494736,0.016968287527561188,0.0012949752854183316
00001_00006_00026_png.rf.49d271a1ad59fd8fc3022b9d27fd55e2.jpg,1,0.839804470539093,0.08340936154127121,0.028606928884983063,0.04065459966659546,0.0011962850112468004
00001_00006_00026_png.rf.49d271a1ad59fd8fc3022b9d27fd55e2.jpg,1,0.9841373562812805,0.3768729567527771,0.03151724860072136,0.05315348133444786,0.0011218457948416471
00001_00010_00003_png.rf.7aafa0add84d32dae0f70c72f29be839.jpg,7,0.5325295329093933,0.5712431073188782,0.5276497006416321,0.543883204460144,0.9396489858627319
00001_00010_00003_png.rf.7aafa0add84d32dae0f70c72f29be839.jpg,1,0.8400283455848694,0.23257747292518616,0.3197975158691406,0.46512648463249207,0.026557980105280876
00001_00010_00003_png.rf.7aafa0add84d32dae0f70c72f29be839.jpg,1,0.8821970224380493,0.2744593918323517,0.23541861772537231,0.5488306283950806,0.015636662021279335
00001_00010_00003_png.rf.7aafa0add84d32dae0f70c72f29be839.jpg,11,0.5287460088729858,0.14862573146820068,0.6399916410446167,0.29704704880714417,0.008577939122915268
00001_00010_00003_png.rf.7aafa0add84d32dae0f70c72f29be839.jpg,1,0.512639045715332,0.30201804637908936,0.7234159708023071,0.6040360927581787,0.00813696812838316
00001_00010_00003_png.rf.7aafa0add84d32dae0f70c72f29be839.jpg,1,0.8254069089889526,0.16238191723823547,0.3480542302131653,0.32468605041503906,0.007396555971354246
00001_00010_00003_png.rf.7aafa0add84d32dae0f70c72f29be839.jpg,1,0.9020596742630005,0.22210778295993805,0.19588075578212738,0.4431195855140686,0.006766100414097309
00001_00010_00003_png.rf.7aafa0add84d32dae0f70c72f29be839.jpg,1,0.5099372863769531,0.14271940290927887,0.6307995319366455,0.28541967272758484,0.006532397121191025
00001_00010_00003_png.rf.7aafa0add84d32dae0f70c72f29be839.jpg,11,0.5043197870254517,0.2251051664352417,0.6710466742515564,0.450108140707016,0.005842970684170723
00001_00010_00003_png.rf.7aafa0add84d32dae0f70c72f29be839.jpg,10,0.49371156096458435,0.14794786274433136,0.6448063850402832,0.2958434522151947,0.005335099063813686
00001_00010_00003_png.rf.7aafa0add84d32dae0f70c72f29be839.jpg,1,0.3179468810558319,0.4730182886123657,0.6358937621116638,0.9452057480812073,0.0051048919558525085
00001_00010_00003_png.rf.7aafa0add84d32dae0f70c72f29be839.jpg,1,0.703048825263977,0.4682082533836365,0.5939024686813354,0.936416506767273,0.004852222744375467
00001_00010_00003_png.rf.7aafa0add84d32dae0f70c72f29be839.jpg,1,0.8706145882606506,0.17989905178546906,0.25877079367637634,0.3597981035709381,0.0034877904690802097
00001_00010_00003_png.rf.7aafa0add84d32dae0f70c72f29be839.jpg,1,0.44918593764305115,0.4880102276802063,0.8973065614700317,0.9750282168388367,0.0029595596715807915
00001_00010_00003_png.rf.7aafa0add84d32dae0f70c72f29be839.jpg,1,0.8582441210746765,0.34542185068130493,0.2833702564239502,0.6877609491348267,0.0028123517986387014
00001_00010_00003_png.rf.7aafa0add84d32dae0f70c72f29be839.jpg,1,0.2179073840379715,0.46604400873184204,0.435814768075943,0.9297754168510437,0.002718018600717187
00001_00010_00003_png.rf.7aafa0add84d32dae0f70c72f29be839.jpg,1,0.9248432517051697,0.2795490026473999,0.150313600897789,0.5590980052947998,0.0024851071648299694
00001_00010_00003_png.rf.7aafa0add84d32dae0f70c72f29be839.jpg,1,0.21021826565265656,0.16285915672779083,0.4204365313053131,0.32571831345558167,0.0021401492413133383
00001_00010_00003_png.rf.7aafa0add84d32dae0f70c72f29be839.jpg,1,0.8398644924163818,0.09071630239486694,0.32027122378349304,0.1811133772134781,0.0020408991258591413
00001_00010_00003_png.rf.7aafa0add84d32dae0f70c72f29be839.jpg,1,0.8431767821311951,0.45450559258461,0.3136464059352875,0.90901118516922,0.001889035920612514
00001_00010_00003_png.rf.7aafa0add84d32dae0f70c72f29be839.jpg,1,0.20134980976581573,0.10669014602899551,0.40269961953163147,0.21338029205799103,0.0010100154904648662
00001_00010_00010_png.rf.0c717d1fcb47c63dc21133891c67058d.jpg,7,0.5459507703781128,0.5390197038650513,0.5904664397239685,0.6277292966842651,0.9490908980369568
00001_00010_00010_png.rf.0c717d1fcb47c63dc21133891c67058d.jpg,6,0.5371919274330139,0.1016635000705719,0.876331627368927,0.2033270001411438,0.0021649489644914865
00001_00010_00010_png.rf.0c717d1fcb47c63dc21133891c67058d.jpg,1,0.5358672142028809,0.11021397262811661,0.8776165246963501,0.22015303373336792,0.0021467653568834066
00001_00010_00010_png.rf.0c717d1fcb47c63dc21133891c67058d.jpg,1,0.4743041396141052,0.0947040468454361,0.7053996324539185,0.1894080936908722,0.0016252974746748805
00001_00010_00010_png.rf.0c717d1fcb47c63dc21133891c67058d.jpg,10,0.5405489802360535,0.11763505637645721,0.8833862543106079,0.23475141823291779,0.0011372171575203538
00001_00011_00006_png.rf.b3c9ed7b58e8b06312406f5fb6ecb9cd.jpg,7,0.5120171904563904,0.5307583808898926,0.6596102118492126,0.6337696313858032,0.9503612518310547
00001_00014_00020_png.rf.dae49e781829147dd4dfd5b4812d0068.jpg,7,0.5137519836425781,0.5050190091133118,0.8080677390098572,0.8057565093040466,0.37729910016059875
00001_00014_00020_png.rf.dae49e781829147dd4dfd5b4812d0068.jpg,5,0.49948784708976746,0.5078953504562378,0.8006983399391174,0.8142002820968628,0.28788766264915466
00001_00014_00020_png.rf.dae49e781829147dd4dfd5b4812d0068.jpg,6,0.49895814061164856,0.5077377557754517,0.8007163405418396,0.8166572451591492,0.19860072433948517
00001_00014_00020_png.rf.dae49e781829147dd4dfd5b4812d0068.jpg,12,0.5196261405944824,0.5023952126502991,0.7927398681640625,0.7951083779335022,0.15748293697834015
00001_00014_00020_png.rf.dae49e781829147dd4dfd5b4812d0068.jpg,3,0.49845418334007263,0.5116358995437622,0.8003945350646973,0.8172755241394043,0.04173365980386734
00001_00014_00020_png.rf.dae49e781829147dd4dfd5b4812d0068.jpg,14,0.43182554841041565,0.37273651361465454,0.8636510968208313,0.7449222207069397,0.012807165272533894
00001_00014_00020_png.rf.dae49e781829147dd4dfd5b4812d0068.jpg,6,0.41044992208480835,0.1035538986325264,0.8206108212471008,0.2070724368095398,0.005336422938853502
00001_00014_00020_png.rf.dae49e781829147dd4dfd5b4812d0068.jpg,14,0.4254898726940155,0.2024184614419937,0.850979745388031,0.4046078324317932,0.004214434884488583
00001_00014_00020_png.rf.dae49e781829147dd4dfd5b4812d0068.jpg,11,0.30612340569496155,0.3782833218574524,0.6122468113899231,0.7553719282150269,0.0033495095558464527
00001_00014_00020_png.rf.dae49e781829147dd4dfd5b4812d0068.jpg,6,0.43216171860694885,0.18015208840370178,0.8636683225631714,0.36011287569999695,0.0032046379055827856
00001_00014_00020_png.rf.dae49e781829147dd4dfd5b4812d0068.jpg,6,0.4069415330886841,0.06419331580400467,0.8132196068763733,0.12799803912639618,0.0020958350505679846
00001_00014_00020_png.rf.dae49e781829147dd4dfd5b4812d0068.jpg,11,0.3236980438232422,0.5007664561271667,0.6473960876464844,0.9984670877456665,0.0020098513923585415
00001_00014_00020_png.rf.dae49e781829147dd4dfd5b4812d0068.jpg,6,0.39371007680892944,0.04174905642867088,0.7761682868003845,0.0833120197057724,0.0012726153945550323
00001_00014_00020_png.rf.dae49e781829147dd4dfd5b4812d0068.jpg,1,0.4103681743144989,0.3032113015651703,0.8207363486289978,0.6064226031303406,0.001223670202307403
00001_00014_00020_png.rf.dae49e781829147dd4dfd5b4812d0068.jpg,1,0.26180610060691833,0.30328837037086487,0.5236122012138367,0.6058932542800903,0.0011914342176169157
00001_00014_00020_png.rf.dae49e781829147dd4dfd5b4812d0068.jpg,11,0.46118682622909546,0.38702070713043213,0.9223736524581909,0.7740414142608643,0.0011315024457871914
00001_00014_00020_png.rf.dae49e781829147dd4dfd5b4812d0068.jpg,11,0.24909648299217224,0.3095230758190155,0.4981929659843445,0.619046151638031,0.0010315139079466462
00001_00019_00006_png.rf.ba8186909430430fb44e7eea3282a96b.jpg,7,0.5392598509788513,0.5062204599380493,0.6007254719734192,0.6195120215415955,0.9513035416603088
00001_00020_00001_png.rf.558285df18ab5e029ed28ae9b0442173.jpg,7,0.48894718289375305,0.5350381135940552,0.643397331237793,0.7612729668617249,0.7883803844451904
00001_00020_00009_png.rf.70d380dd904a8b782ac06daf41622bc8.jpg,7,0.4968286156654358,0.5023677945137024,0.7273983955383301,0.791911244392395,0.9518356919288635
00001_00020_00009_png.rf.70d380dd904a8b782ac06daf41622bc8.jpg,1,0.7828165292739868,0.4731645882129669,0.43433573842048645,0.9327935576438904,0.0019323830492794514
00001_00020_00009_png.rf.70d380dd904a8b782ac06daf41622bc8.jpg,10,0.29357391595840454,0.6383422017097473,0.5871478319168091,0.7233156561851501,0.0012131641851738095
00001_00020_00009_png.rf.70d380dd904a8b782ac06daf41622bc8.jpg,3,0.40111467242240906,0.8033443689346313,0.8022293448448181,0.3933113217353821,0.0011047838488593698
00001_00021_00006_png.rf.c24e2e36491660b540a9b81687c16bc3.jpg,7,0.5327218770980835,0.5384060144424438,0.5933383107185364,0.6099121570587158,0.9437168836593628
00001_00021_00007_png.rf.7054b7fcb56980bcabcf57e0f1cb9182.jpg,7,0.5370171666145325,0.5031883120536804,0.591281533241272,0.6442728042602539,0.8864800333976746
00001_00022_00001_png.rf.f68bab926df5c93b7a8baf9d168955d1.jpg,7,0.5257779955863953,0.5229058265686035,0.6264101266860962,0.584575355052948,0.95013427734375
00001_00023_00007_png.rf.f20610daefe32091399ce0ee1b9799f6.jpg,7,0.5672346949577332,0.5660476684570312,0.562527596950531,0.6128249168395996,0.947281002998352
00001_00023_00007_png.rf.f20610daefe32091399ce0ee1b9799f6.jpg,1,0.5510041117668152,0.2353856861591339,0.7860332131385803,0.4707713723182678,0.0013959150528535247
00001_00025_00025_png.rf.9556a94e4da441bd05e548d86099c3c0.jpg,7,0.5094572901725769,0.5018072128295898,0.7874670028686523,0.8004212379455566,0.9568989872932434
00001_00028_00017_png.rf.ff6c0bf1f57a58c63e706c5a59b9b55e.jpg,7,0.5189512968063354,0.4727542996406555,0.7060644030570984,0.7947618961334229,0.9530086517333984
00001_00028_00017_png.rf.ff6c0bf1f57a58c63e706c5a59b9b55e.jpg,14,0.9651818871498108,0.41246935725212097,0.0696362778544426,0.7989540100097656,0.039514459669589996
00001_00028_00017_png.rf.ff6c0bf1f57a58c63e706c5a59b9b55e.jpg,14,0.9484347105026245,0.4260690212249756,0.10293491184711456,0.8521380424499512,0.01629696600139141
00001_00028_00017_png.rf.ff6c0bf1f57a58c63e706c5a59b9b55e.jpg,14,0.8915727734565735,0.4428384304046631,0.2168545424938202,0.8840051293373108,0.004596749320626259
00001_00028_00017_png.rf.ff6c0bf1f57a58c63e706c5a59b9b55e.jpg,6,0.961315929889679,0.3974815309047699,0.0773603767156601,0.7785128951072693,0.0041465722024440765
00001_00028_00017_png.rf.ff6c0bf1f57a58c63e706c5a59b9b55e.jpg,14,0.5661884546279907,0.22713397443294525,0.8676231503486633,0.4542679488658905,0.0033358384389430285
00001_00028_00017_png.rf.ff6c0bf1f57a58c63e706c5a59b9b55e.jpg,12,0.9712784290313721,0.4161009192466736,0.05211016163229942,0.6327096223831177,0.003289558459073305
00001_00028_00017_png.rf.ff6c0bf1f57a58c63e706c5a59b9b55e.jpg,14,0.561109185218811,0.31992313265800476,0.8777817487716675,0.6398462653160095,0.00211080233566463
00001_00028_00017_png.rf.ff6c0bf1f57a58c63e706c5a59b9b55e.jpg,12,0.6061501502990723,0.8106412291526794,0.787699818611145,0.37871766090393066,0.0011721908813342452
00001_00028_00017_png.rf.ff6c0bf1f57a58c63e706c5a59b9b55e.jpg,11,0.1678404062986374,0.4409921169281006,0.33560431003570557,0.8819842338562012,0.001159193809144199
00001_00028_00017_png.rf.ff6c0bf1f57a58c63e706c5a59b9b55e.jpg,11,0.6951104998588562,0.4462019205093384,0.5998439192771912,0.891963541507721,0.001077455934137106
00001_00029_00011_png.rf.8778f18a5af227481b72a0bd897cb144.jpg,7,0.5383962392807007,0.5295777320861816,0.6802031993865967,0.6784597635269165,0.9553707242012024
00001_00029_00011_png.rf.8778f18a5af227481b72a0bd897cb144.jpg,7,0.6944474577903748,0.5785068273544312,0.6111050844192505,0.8429864048957825,0.006545116193592548
00001_00029_00011_png.rf.8778f18a5af227481b72a0bd897cb144.jpg,7,0.8060600757598877,0.5797791481018066,0.3878799378871918,0.8404418230056763,0.005252168048173189
00001_00029_00011_png.rf.8778f18a5af227481b72a0bd897cb144.jpg,6,0.21943429112434387,0.44199106097221375,0.43886858224868774,0.8823127150535583,0.0020541169214993715
00001_00029_00011_png.rf.8778f18a5af227481b72a0bd897cb144.jpg,1,0.37349599599838257,0.46468138694763184,0.7469919919967651,0.9293627738952637,0.0016711121425032616
00001_00030_00008_png.rf.f42a5ab100ba2300ff2ef3273198a629.jpg,7,0.5383535027503967,0.523410439491272,0.5804705023765564,0.6932412385940552,0.9434165358543396
00001_00030_00008_png.rf.f42a5ab100ba2300ff2ef3273198a629.jpg,9,0.693135678768158,0.4558088481426239,0.6137288212776184,0.9116176962852478,0.006030152086168528
00001_00030_00008_png.rf.f42a5ab100ba2300ff2ef3273198a629.jpg,7,0.390745609998703,0.46359559893608093,0.781491219997406,0.9249327182769775,0.0011684475466609001
00001_00031_00011_png.rf.d92d0588e5bfd7f8ced37d558e0efd54.jpg,7,0.5382670164108276,0.5041751861572266,0.5935172438621521,0.6233087778091431,0.954007625579834
00001_00031_00011_png.rf.d92d0588e5bfd7f8ced37d558e0efd54.jpg,6,0.6108368635177612,0.06623686850070953,0.6194310188293457,0.13247373700141907,0.008431104011833668
00001_00031_00011_png.rf.d92d0588e5bfd7f8ced37d558e0efd54.jpg,7,0.5936342477798462,0.06601933389902115,0.5598049759864807,0.1320386677980423,0.0064215580932796
00001_00031_00011_png.rf.d92d0588e5bfd7f8ced37d558e0efd54.jpg,6,0.6224280595779419,0.08599406480789185,0.755143940448761,0.17159441113471985,0.004013553261756897
00001_00031_00011_png.rf.d92d0588e5bfd7f8ced37d558e0efd54.jpg,6,0.27434268593788147,0.26342278718948364,0.5486853718757629,0.525482177734375,0.003355048829689622
00001_00031_00011_png.rf.d92d0588e5bfd7f8ced37d558e0efd54.jpg,10,0.5861058235168457,0.06161857768893242,0.5547043085098267,0.12323715537786484,0.003327316604554653
00001_00031_00011_png.rf.d92d0588e5bfd7f8ced37d558e0efd54.jpg,10,0.2586643695831299,0.24844147264957428,0.5173287391662598,0.49688294529914856,0.0029580178670585155
00001_00031_00011_png.rf.d92d0588e5bfd7f8ced37d558e0efd54.jpg,14,0.6261414885520935,0.08737809956073761,0.747717022895813,0.17475619912147522,0.002525067888200283
00001_00031_00011_png.rf.d92d0588e5bfd7f8ced37d558e0efd54.jpg,10,0.6289879083633423,0.07613060623407364,0.7313796281814575,0.15214528143405914,0.002074622083455324
00001_00031_00011_png.rf.d92d0588e5bfd7f8ced37d558e0efd54.jpg,1,0.23287273943424225,0.4726499617099762,0.4657454788684845,0.9452999234199524,0.0011256600264459848
00001_00031_00011_png.rf.d92d0588e5bfd7f8ced37d558e0efd54.jpg,8,0.5805875062942505,0.05813929811120033,0.4093058705329895,0.11561271548271179,0.0010939055355265737
00001_00031_00011_png.rf.d92d0588e5bfd7f8ced37d558e0efd54.jpg,1,0.9838123917579651,0.16373758018016815,0.031698595732450485,0.3274751603603363,0.001023152144625783
00001_00032_00012_png.rf.e30cf3974f41a7316dff0477b7c4c589.jpg,7,0.4994310140609741,0.5346686244010925,0.6868978142738342,0.6983197331428528,0.9571595191955566
00001_00033_00010_png.rf.4b1b4602c3c04f4aa72ce1f952cce126.jpg,7,0.5221026539802551,0.5137901306152344,0.642098605632782,0.6308872103691101,0.9525183439254761
00001_00033_00010_png.rf.4b1b4602c3c04f4aa72ce1f952cce126.jpg,11,0.1964244395494461,0.3028539717197418,0.3927096426486969,0.6054854393005371,0.0017548908945173025
00001_00033_00010_png.rf.4b1b4602c3c04f4aa72ce1f952cce126.jpg,3,0.5046133995056152,0.14202259480953217,0.5617262721061707,0.28396204113960266,0.0012158812023699284
00001_00033_00010_png.rf.4b1b4602c3c04f4aa72ce1f952cce126.jpg,11,0.5812060236930847,0.6568331122398376,0.8375880718231201,0.6863338947296143,0.0010693505173549056
00001_00033_00013_png.rf.7df949e59990e9dabfbc631176beada9.jpg,7,0.5542599558830261,0.5585266351699829,0.6600562930107117,0.665869951248169,0.9586904048919678
00001_00033_00013_png.rf.7df949e59990e9dabfbc631176beada9.jpg,3,0.47046032547950745,0.2386951595544815,0.8083059191703796,0.4770813286304474,0.22390194237232208
00001_00033_00013_png.rf.7df949e59990e9dabfbc631176beada9.jpg,3,0.5148725509643555,0.29173117876052856,0.961338460445404,0.5834623575210571,0.02251245826482773
00001_00033_00013_png.rf.7df949e59990e9dabfbc631176beada9.jpg,5,0.12193319946527481,0.48679789900779724,0.24371036887168884,0.9723032116889954,0.0016678577521815896
00001_00033_00013_png.rf.7df949e59990e9dabfbc631176beada9.jpg,6,0.09697308391332626,0.5000790357589722,0.19393296539783478,0.9998420476913452,0.0014052799670025706
00001_00035_00012_png.rf.ef688824fa8eae681376cbaa7708a2dd.jpg,7,0.5255986452102661,0.5405519604682922,0.652184009552002,0.6216720938682556,0.9533535242080688
00001_00035_00012_png.rf.ef688824fa8eae681376cbaa7708a2dd.jpg,9,0.724844753742218,0.4890754818916321,0.5502389073371887,0.9745038747787476,0.016937216743826866
00001_00035_00012_png.rf.ef688824fa8eae681376cbaa7708a2dd.jpg,7,0.5933933258056641,0.2690194547176361,0.803717851638794,0.5380389094352722,0.004094261676073074
00001_00035_00012_png.rf.ef688824fa8eae681376cbaa7708a2dd.jpg,10,0.6771324872970581,0.49070143699645996,0.6457350850105286,0.9755536317825317,0.0035213446244597435
00001_00035_00012_png.rf.ef688824fa8eae681376cbaa7708a2dd.jpg,7,0.688378095626831,0.49162834882736206,0.6204096078872681,0.9768747091293335,0.0014159205602481961
00001_00035_00012_png.rf.ef688824fa8eae681376cbaa7708a2dd.jpg,7,0.20370981097221375,0.4449598491191864,0.4074196219444275,0.8895756006240845,0.0012304281117394567
00001_00035_00012_png.rf.ef688824fa8eae681376cbaa7708a2dd.jpg,7,0.45269837975502014,0.4098673164844513,0.9053967595100403,0.8197346329689026,0.001025447272695601
00001_00035_00012_png.rf.ef688824fa8eae681376cbaa7708a2dd.jpg,6,0.34353065490722656,0.44862598180770874,0.6870613098144531,0.8921341300010681,0.001017776783555746
00001_00038_00012_png.rf.769276765c04567a8afdd2300298c7cb.jpg,7,0.49710482358932495,0.4823858141899109,0.5961943864822388,0.6027405858039856,0.9515957832336426
00001_00038_00012_png.rf.769276765c04567a8afdd2300298c7cb.jpg,0,0.890657365322113,0.4911850094795227,0.21847520768642426,0.9804016351699829,0.06604316085577011
00001_00038_00012_png.rf.769276765c04567a8afdd2300298c7cb.jpg,0,0.9281448125839233,0.49166688323020935,0.14371058344841003,0.9668378233909607,0.023086411878466606
00001_00038_00012_png.rf.769276765c04567a8afdd2300298c7cb.jpg,1,0.9134008288383484,0.4397706389427185,0.17306078970432281,0.879541277885437,0.022760162129998207
00001_00038_00012_png.rf.769276765c04567a8afdd2300298c7cb.jpg,1,0.935661256313324,0.4749568998813629,0.12867751717567444,0.9407052397727966,0.0174910519272089
00001_00038_00012_png.rf.769276765c04567a8afdd2300298c7cb.jpg,0,0.7141726613044739,0.498113214969635,0.5716546177864075,0.99622642993927,0.005702477879822254
00001_00038_00012_png.rf.769276765c04567a8afdd2300298c7cb.jpg,1,0.9372636675834656,0.27114546298980713,0.12547273933887482,0.5406991243362427,0.004914603661745787
00001_00038_00012_png.rf.769276765c04567a8afdd2300298c7cb.jpg,1,0.3975712060928345,0.09652125090360641,0.7901199460029602,0.19304250180721283,0.003909132443368435
00001_00038_00012_png.rf.769276765c04567a8afdd2300298c7cb.jpg,1,0.33022791147232056,0.07794449478387833,0.6557450890541077,0.15580715239048004,0.0030786225106567144
00001_00038_00012_png.rf.769276765c04567a8afdd2300298c7cb.jpg,1,0.205672949552536,0.06417866796255112,0.40417829155921936,0.12835733592510223,0.0030509934294968843
00001_00038_00012_png.rf.769276765c04567a8afdd2300298c7cb.jpg,1,0.8034937977790833,0.037680305540561676,0.3930124044418335,0.07536061108112335,0.00250694970600307
00001_00038_00012_png.rf.769276765c04567a8afdd2300298c7cb.jpg,1,0.73215651512146,0.039914898574352264,0.5291439294815063,0.07970985025167465,0.002007952658459544
00001_00038_00012_png.rf.769276765c04567a8afdd2300298c7cb.jpg,0,0.9466459155082703,0.5126021504402161,0.10670823603868484,0.8300659656524658,0.0017047589644789696
00001_00038_00012_png.rf.769276765c04567a8afdd2300298c7cb.jpg,10,0.6376364827156067,0.5456501841545105,0.7242693901062012,0.8829372525215149,0.0014139336999505758
00001_00038_00012_png.rf.769276765c04567a8afdd2300298c7cb.jpg,5,0.5656089186668396,0.02900576964020729,0.8263329267501831,0.057851873338222504,0.0012646056711673737
00001_00038_00012_png.rf.769276765c04567a8afdd2300298c7cb.jpg,1,0.5658643245697021,0.3055098354816437,0.8665693402290344,0.6110196709632874,0.0012456901604309678
00001_00038_00012_png.rf.769276765c04567a8afdd2300298c7cb.jpg,1,0.17080755531787872,0.06899237632751465,0.34161511063575745,0.13741567730903625,0.0011094650253653526
00001_00038_00012_png.rf.769276765c04567a8afdd2300298c7cb.jpg,1,0.49106064438819885,0.06424181163311005,0.5980345010757446,0.12848149240016937,0.0010773275280371308
00001_00038_00012_png.rf.769276765c04567a8afdd2300298c7cb.jpg,1,0.814969003200531,0.033939141780138016,0.30864158272743225,0.06787828356027603,0.0010471655987203121
00001_00038_00013_png.rf.9bea2c6ade7591cafa7a3ee2d6447b63.jpg,7,0.5053185820579529,0.48908406496047974,0.6057548522949219,0.6197884678840637,0.9556247591972351
00001_00038_00013_png.rf.9bea2c6ade7591cafa7a3ee2d6447b63.jpg,10,0.6742781400680542,0.5439790487289429,0.6514437794685364,0.8943288922309875,0.00850248709321022
00001_00038_00013_png.rf.9bea2c6ade7591cafa7a3ee2d6447b63.jpg,0,0.900391697883606,0.490837961435318,0.19893038272857666,0.981675922870636,0.007981037721037865
00001_00038_00013_png.rf.9bea2c6ade7591cafa7a3ee2d6447b63.jpg,0,0.8503056168556213,0.49584677815437317,0.2993818521499634,0.9916935563087463,0.004560544621199369
00001_00038_00013_png.rf.9bea2c6ade7591cafa7a3ee2d6447b63.jpg,0,0.6715955138206482,0.4298153817653656,0.6563217639923096,0.8596307635307312,0.00361073762178421
00001_00038_00013_png.rf.9bea2c6ade7591cafa7a3ee2d6447b63.jpg,1,0.9444015026092529,0.47531837224960327,0.1111971065402031,0.943180501461029,0.0035664071328938007
00001_00038_00013_png.rf.9bea2c6ade7591cafa7a3ee2d6447b63.jpg,1,0.9020205736160278,0.44198426604270935,0.19585852324962616,0.8839685320854187,0.0022749558556824923
00001_00038_00013_png.rf.9bea2c6ade7591cafa7a3ee2d6447b63.jpg,10,0.6326379179954529,0.39483460783958435,0.734724223613739,0.7896692156791687,0.0011211737291887403
00001_00042_00000_png.rf.ac8cef49708d26776dd018e63c08ee29.jpg,7,0.5163871645927429,0.5247923731803894,0.5633253455162048,0.610541820526123,0.9463587403297424
00001_00042_00000_png.rf.ac8cef49708d26776dd018e63c08ee29.jpg,1,0.37629905343055725,0.4430742561817169,0.7525981068611145,0.8861485123634338,0.0014247213257476687
00001_00042_00000_png.rf.ac8cef49708d26776dd018e63c08ee29.jpg,1,0.24335332214832306,0.39848747849464417,0.48662132024765015,0.796494722366333,0.001092644757591188
00001_00059_00004_png.rf.74b0bb0dc2200bf50c665e4b2017a9cf.jpg,7,0.5361754894256592,0.5074078440666199,0.6611032485961914,0.6698919534683228,0.9616220593452454
00001_00059_00004_png.rf.74b0bb0dc2200bf50c665e4b2017a9cf.jpg,1,0.9779342412948608,0.858418881893158,0.04308121278882027,0.28316235542297363,0.004442993551492691
00001_00059_00004_png.rf.74b0bb0dc2200bf50c665e4b2017a9cf.jpg,14,0.7055027484893799,0.4545798599720001,0.5889946222305298,0.9071518182754517,0.0024535986594855785
00001_00059_00004_png.rf.74b0bb0dc2200bf50c665e4b2017a9cf.jpg,1,0.5337097644805908,0.27643054723739624,0.7321566343307495,0.5441504716873169,0.001902917050756514
00001_00059_00004_png.rf.74b0bb0dc2200bf50c665e4b2017a9cf.jpg,7,0.5638008117675781,0.3877474367618561,0.8723984360694885,0.7754948735237122,0.0015280909137800336
00001_00059_00004_png.rf.74b0bb0dc2200bf50c665e4b2017a9cf.jpg,14,0.8825697302818298,0.4572661221027374,0.23479756712913513,0.913200318813324,0.0014471226604655385
00001_00059_00004_png.rf.74b0bb0dc2200bf50c665e4b2017a9cf.jpg,6,0.5619219541549683,0.323918879032135,0.8761561512947083,0.64783775806427,0.001441930653527379
00001_00059_00004_png.rf.74b0bb0dc2200bf50c665e4b2017a9cf.jpg,6,0.7150853276252747,0.43803849816322327,0.5698294043540955,0.8757479190826416,0.0013013044372200966
00001_00059_00004_png.rf.74b0bb0dc2200bf50c665e4b2017a9cf.jpg,14,0.2936473488807678,0.818184494972229,0.5872946977615356,0.3636310398578644,0.001286846469156444
00001_00059_00004_png.rf.74b0bb0dc2200bf50c665e4b2017a9cf.jpg,1,0.9835677742958069,0.876554548740387,0.032556019723415375,0.24689103662967682,0.001268672989681363
00001_00059_00004_png.rf.74b0bb0dc2200bf50c665e4b2017a9cf.jpg,14,0.5467653274536133,0.3174966871738434,0.6909385919570923,0.5795828700065613,0.001210343441925943
00001_00060_00007_png.rf.1bf10fd8b24b215fba58ab5975968559.jpg,7,0.5072768330574036,0.532852828502655,0.6993438005447388,0.7145646214485168,0.9508278369903564
00001_00060_00007_png.rf.1bf10fd8b24b215fba58ab5975968559.jpg,7,0.534783661365509,0.6901347637176514,0.9304327964782715,0.6197305917739868,0.0016165621345862746
00001_00063_00003_png.rf.e87ae69015487ca78a229870bc3ed27f.jpg,7,0.5679802298545837,0.5757693648338318,0.6179637908935547,0.6109103560447693,0.5301617980003357
00001_00063_00003_png.rf.e87ae69015487ca78a229870bc3ed27f.jpg,9,0.5754273533821106,0.5699325799942017,0.6024883985519409,0.6201662421226501,0.37405645847320557
00001_00063_00003_png.rf.e87ae69015487ca78a229870bc3ed27f.jpg,11,0.5765032172203064,0.571957528591156,0.602884829044342,0.6169665455818176,0.27716201543807983
00001_00064_00019_png.rf.135e30aa3fe9209e095eb3ff5e304ebb.jpg,7,0.5235469937324524,0.48351243138313293,0.7053946256637573,0.723936915397644,0.9571701884269714
00001_00064_00019_png.rf.135e30aa3fe9209e095eb3ff5e304ebb.jpg,14,0.4924061596393585,0.2644529938697815,0.984812319278717,0.5288717150688171,0.011876012198626995
00001_00064_00019_png.rf.135e30aa3fe9209e095eb3ff5e304ebb.jpg,7,0.4001021087169647,0.44139447808265686,0.8002042174339294,0.8796216249465942,0.004782096017152071
00001_00064_00019_png.rf.135e30aa3fe9209e095eb3ff5e304ebb.jpg,1,0.34101372957229614,0.41610631346702576,0.6820274591445923,0.8300809264183044,0.004424398299306631
00001_00064_00019_png.rf.135e30aa3fe9209e095eb3ff5e304ebb.jpg,1,0.7442755699157715,0.06251321732997894,0.026309968903660774,0.050565455108881,0.001634274492971599
00001_00064_00019_png.rf.135e30aa3fe9209e095eb3ff5e304ebb.jpg,14,0.5,0.15614421665668488,1.0,0.3121427595615387,0.0015011393697932363
00001_00064_00019_png.rf.135e30aa3fe9209e095eb3ff5e304ebb.jpg,1,0.41271746158599854,0.3066701591014862,0.8254349231719971,0.6133403182029724,0.0014742910861968994
00001_00064_00019_png.rf.135e30aa3fe9209e095eb3ff5e304ebb.jpg,14,0.45596158504486084,0.3557251989841461,0.9114199280738831,0.710536777973175,0.001437871833331883
00001_00064_00019_png.rf.135e30aa3fe9209e095eb3ff5e304ebb.jpg,1,0.4756825268268585,0.40031206607818604,0.9505407810211182,0.7994845509529114,0.0013535975012928247
00001_00064_00019_png.rf.135e30aa3fe9209e095eb3ff5e304ebb.jpg,1,0.5550094842910767,0.2688482701778412,0.8860623836517334,0.5288181304931641,0.0011858936632052064
00001_00064_00019_png.rf.135e30aa3fe9209e095eb3ff5e304ebb.jpg,14,0.31624680757522583,0.35600167512893677,0.6324936151504517,0.7120001316070557,0.001087843906134367
00001_00065_00006_png.rf.161dc86f1aaaf56ceadeedb9920c11ec.jpg,7,0.5659022331237793,0.5034964680671692,0.6444799304008484,0.6510240435600281,0.9507105946540833
00001_00065_00006_png.rf.161dc86f1aaaf56ceadeedb9920c11ec.jpg,11,0.7349086403846741,0.4764411449432373,0.5301828384399414,0.7535715103149414,0.00398225337266922
00001_00066_00015_png.rf.e1adfeb91011dcf5d548147d1acc30eb.jpg,7,0.49228647351264954,0.5075799822807312,0.776347279548645,0.7515081763267517,0.9582034945487976
00001_00066_00015_png.rf.e1adfeb91011dcf5d548147d1acc30eb.jpg,6,0.9659626483917236,0.4779704213142395,0.06807466596364975,0.6577017903327942,0.07445321977138519
00001_00066_00015_png.rf.e1adfeb91011dcf5d548147d1acc30eb.jpg,11,0.9599862694740295,0.45755136013031006,0.07993610203266144,0.6940521597862244,0.04957940801978111
00001_00066_00015_png.rf.e1adfeb91011dcf5d548147d1acc30eb.jpg,7,0.9643433094024658,0.4616614580154419,0.07131026685237885,0.6776264905929565,0.04951883852481842
00001_00066_00015_png.rf.e1adfeb91011dcf5d548147d1acc30eb.jpg,6,0.8804099559783936,0.45383843779563904,0.23918020725250244,0.8915035724639893,0.009268153458833694
00001_00066_00015_png.rf.e1adfeb91011dcf5d548147d1acc30eb.jpg,6,0.9289268851280212,0.427775114774704,0.14214633405208588,0.8299041390419006,0.00723233912140131
00001_00066_00015_png.rf.e1adfeb91011dcf5d548147d1acc30eb.jpg,6,0.963655412197113,0.4405951201915741,0.07268920540809631,0.8641811013221741,0.006749233230948448
00001_00066_00015_png.rf.e1adfeb91011dcf5d548147d1acc30eb.jpg,6,0.6633020639419556,0.4623516798019409,0.6733959317207336,0.9211371541023254,0.006165835540741682
00001_00066_00015_png.rf.e1adfeb91011dcf5d548147d1acc30eb.jpg,12,0.9713331460952759,0.489585816860199,0.05480707809329033,0.6041070818901062,0.006036131177097559
00001_00066_00015_png.rf.e1adfeb91011dcf5d548147d1acc30eb.jpg,14,0.934736967086792,0.44571441411972046,0.13052618503570557,0.796065092086792,0.00483144074678421
00001_00066_00015_png.rf.e1adfeb91011dcf5d548147d1acc30eb.jpg,10,0.6621023416519165,0.4576354920864105,0.6757954359054565,0.9151198863983154,0.0024562820326536894
00001_00066_00015_png.rf.e1adfeb91011dcf5d548147d1acc30eb.jpg,7,0.9688759446144104,0.4950406551361084,0.06224823370575905,0.5715346336364746,0.0022858285810798407
00001_00066_00015_png.rf.e1adfeb91011dcf5d548147d1acc30eb.jpg,1,0.6909636855125427,0.5400388240814209,0.6180726885795593,0.919922411441803,0.001950078527443111
00001_00066_00015_png.rf.e1adfeb91011dcf5d548147d1acc30eb.jpg,1,0.8203659653663635,0.552899181842804,0.3592681288719177,0.8942017555236816,0.0011948848841711879
00001_00066_00015_png.rf.e1adfeb91011dcf5d548147d1acc30eb.jpg,10,0.9709779620170593,0.45585769414901733,0.05790160596370697,0.5641995668411255,0.0011791498400270939
00001_00066_00015_png.rf.e1adfeb91011dcf5d548147d1acc30eb.jpg,1,0.8761976957321167,0.5383886098861694,0.24760474264621735,0.9232227802276611,0.0010163607075810432
00001_00068_00007_png.rf.4bb41a90249c981be7a87239ef7d4288.jpg,7,0.4853241741657257,0.5160627961158752,0.6070753931999207,0.5984861850738525,0.9516576528549194
00001_00068_00007_png.rf.4bb41a90249c981be7a87239ef7d4288.jpg,11,0.4797670841217041,0.29854559898376465,0.6239501237869263,0.5970911979675293,0.006054310128092766
00001_00068_00007_png.rf.4bb41a90249c981be7a87239ef7d4288.jpg,11,0.46262267231941223,0.1449160873889923,0.5597606897354126,0.2897128164768219,0.004369232337921858
00001_00068_00007_png.rf.4bb41a90249c981be7a87239ef7d4288.jpg,6,0.2628829777240753,0.2861112654209137,0.5257659554481506,0.5711676478385925,0.0016384170157834888
00001_00068_00007_png.rf.4bb41a90249c981be7a87239ef7d4288.jpg,10,0.4684022068977356,0.12643401324748993,0.5303817391395569,0.25286802649497986,0.001542333629913628
00001_00068_00007_png.rf.4bb41a90249c981be7a87239ef7d4288.jpg,6,0.19110479950904846,0.26635152101516724,0.3822095990180969,0.5326824188232422,0.0014192152302712202
00001_00068_00007_png.rf.4bb41a90249c981be7a87239ef7d4288.jpg,10,0.461809366941452,0.18694031238555908,0.49943405389785767,0.3737638294696808,0.0011693048290908337
00001_00068_00007_png.rf.4bb41a90249c981be7a87239ef7d4288.jpg,11,0.4802309274673462,0.4043619930744171,0.5931624174118042,0.40660616755485535,0.0011660018935799599
00001_00068_00007_png.rf.4bb41a90249c981be7a87239ef7d4288.jpg,6,0.7595798969268799,0.09596709161996841,0.4801737666130066,0.19193418323993683,0.0011248538503423333
00002_00000_00005_png.rf.6a3d73b59a12500d97c5ad071900f3e8.jpg,9,0.5319192409515381,0.5136974453926086,0.6440049409866333,0.7520155310630798,0.9189717173576355
00002_00000_00005_png.rf.6a3d73b59a12500d97c5ad071900f3e8.jpg,1,0.6977626085281372,0.5318233370780945,0.6044749021530151,0.9363534450531006,0.007873070426285267
00002_00000_00005_png.rf.6a3d73b59a12500d97c5ad071900f3e8.jpg,1,0.21074837446212769,0.3775818347930908,0.42149674892425537,0.7535071969032288,0.0034878381993621588
00002_00000_00005_png.rf.6a3d73b59a12500d97c5ad071900f3e8.jpg,1,0.8146657347679138,0.48613613843917847,0.37060028314590454,0.9690450429916382,0.002883306471630931
00002_00000_00005_png.rf.6a3d73b59a12500d97c5ad071900f3e8.jpg,1,0.35632601380348206,0.4491312801837921,0.7126520276069641,0.8952142000198364,0.002302268985658884
00002_00000_00005_png.rf.6a3d73b59a12500d97c5ad071900f3e8.jpg,14,0.5556820034980774,0.2943519651889801,0.8882660269737244,0.5887039303779602,0.002078415360301733
00002_00000_00005_png.rf.6a3d73b59a12500d97c5ad071900f3e8.jpg,1,0.526324450969696,0.34989720582962036,0.9455465078353882,0.6958209872245789,0.0015682978555560112
00002_00000_00008_png.rf.fef84220cd4e8886da3b88267904e21d.jpg,9,0.544601321220398,0.5041126012802124,0.6791056990623474,0.7845143675804138,0.9191368222236633
00002_00000_00008_png.rf.fef84220cd4e8886da3b88267904e21d.jpg,1,0.6956560015678406,0.5000738501548767,0.6086880564689636,0.9998523592948914,0.03432421758770943
00002_00000_00008_png.rf.fef84220cd4e8886da3b88267904e21d.jpg,1,0.8631578683853149,0.5004875063896179,0.2733069360256195,0.9990251064300537,0.019442133605480194
00002_00000_00008_png.rf.fef84220cd4e8886da3b88267904e21d.jpg,14,0.5550045967102051,0.31144067645072937,0.8899909257888794,0.6228813529014587,0.00265942863188684
00002_00000_00008_png.rf.fef84220cd4e8886da3b88267904e21d.jpg,1,0.9040973782539368,0.5043764114379883,0.1918054074048996,0.991247296333313,0.002534935250878334
00002_00000_00008_png.rf.fef84220cd4e8886da3b88267904e21d.jpg,1,0.7981067299842834,0.4866344928741455,0.40354833006858826,0.9682271480560303,0.0020826358813792467
00002_00000_00008_png.rf.fef84220cd4e8886da3b88267904e21d.jpg,1,0.8296043872833252,0.26813092827796936,0.3407342731952667,0.5354155898094177,0.0016908296383917332
00002_00000_00008_png.rf.fef84220cd4e8886da3b88267904e21d.jpg,10,0.829938530921936,0.3100460469722748,0.3401229679584503,0.6184331774711609,0.001179582322947681
00002_00000_00016_png.rf.5c98b3aeaa1ebc1ebc1afb2b2e8d9750.jpg,9,0.5073294639587402,0.5017482042312622,0.7213952541351318,0.7781268358230591,0.901263952255249
00002_00000_00016_png.rf.5c98b3aeaa1ebc1ebc1afb2b2e8d9750.jpg,1,0.1386670470237732,0.4419724643230438,0.2773340940475464,0.8805912137031555,0.00305278692394495
00002_00000_00016_png.rf.5c98b3aeaa1ebc1ebc1afb2b2e8d9750.jpg,1,0.1924920529127121,0.3846833407878876,0.3849841058254242,0.7681180834770203,0.0025150831788778305
00002_00000_00016_png.rf.5c98b3aeaa1ebc1ebc1afb2b2e8d9750.jpg,1,0.39859071373939514,0.4469703435897827,0.7971814274787903,0.8939406871795654,0.0024723478127270937
00002_00000_00016_png.rf.5c98b3aeaa1ebc1ebc1afb2b2e8d9750.jpg,1,0.09543560445308685,0.4187096953392029,0.1908712089061737,0.8363363146781921,0.0020422390662133694
00002_00000_00016_png.rf.5c98b3aeaa1ebc1ebc1afb2b2e8d9750.jpg,1,0.30678901076316833,0.40266093611717224,0.6135780215263367,0.8029815554618835,0.0016252911882475019
00002_00000_00016_png.rf.5c98b3aeaa1ebc1ebc1afb2b2e8d9750.jpg,0,0.04900326952338219,0.6149084568023682,0.09800653904676437,0.345182329416275,0.0011892040492966771
00002_00000_00016_png.rf.5c98b3aeaa1ebc1ebc1afb2b2e8d9750.jpg,1,0.2598417103290558,0.31976595520973206,0.5196834206581116,0.6395319104194641,0.0010075459722429514
00002_00004_00025_png.rf.088e01a14aec1e026c95b0b5ab8b08ec.jpg,9,0.5189787745475769,0.5192676186561584,0.8219093680381775,0.8103309273719788,0.9085197448730469
00002_00006_00028_png.rf.70f98b1fc1d0c548e37ffe7968c81a40.jpg,9,0.4983416795730591,0.5169689059257507,0.7615358829498291,0.8008964657783508,0.9140726923942566
00002_00006_00028_png.rf.70f98b1fc1d0c548e37ffe7968c81a40.jpg,1,0.5700826048851013,0.9634586572647095,0.39954835176467896,0.07308270782232285,0.0010358045110478997
00002_00007_00012_png.rf.cda4cec2b68cd6819ec43a7799d667a5.jpg,9,0.5283058285713196,0.5167139768600464,0.6308061480522156,0.6753923296928406,0.8233683109283447
00002_00007_00012_png.rf.cda4cec2b68cd6819ec43a7799d667a5.jpg,7,0.5341696739196777,0.5202679634094238,0.6380850672721863,0.6975421905517578,0.5465713143348694
00002_00007_00012_png.rf.cda4cec2b68cd6819ec43a7799d667a5.jpg,1,0.4020880460739136,0.4566684365272522,0.03320961818099022,0.13049368560314178,0.0018580651376396418
00002_00007_00012_png.rf.cda4cec2b68cd6819ec43a7799d667a5.jpg,1,0.40209317207336426,0.4384937584400177,0.03089013509452343,0.1137692779302597,0.0012508246582001448
00002_00010_00029_png.rf.526a5527eafd2cdc74e872afe9fb8276.jpg,9,0.4977497160434723,0.5004832744598389,0.8030508756637573,0.8293609023094177,0.9108490943908691
00002_00010_00029_png.rf.526a5527eafd2cdc74e872afe9fb8276.jpg,1,0.10199643671512604,0.15542204678058624,0.020287184044718742,0.03336836025118828,0.023456966504454613
00002_00010_00029_png.rf.526a5527eafd2cdc74e872afe9fb8276.jpg,1,0.19391977787017822,0.8582451343536377,0.043580956757068634,0.028095906600356102,0.0028401061426848173
00002_00010_00029_png.rf.526a5527eafd2cdc74e872afe9fb8276.jpg,1,0.186543807387352,0.8713343739509583,0.03724786266684532,0.03855617344379425,0.002451349515467882
00002_00010_00029_png.rf.526a5527eafd2cdc74e872afe9fb8276.jpg,0,0.1055787205696106,0.83448326587677,0.022064007818698883,0.013733204454183578,0.0010727319167926908
00002_00010_00029_png.rf.526a5527eafd2cdc74e872afe9fb8276.jpg,1,0.18614347279071808,0.858532726764679,0.027462245896458626,0.01861315593123436,0.0010545793920755386
00002_00011_00028_png.rf.4b4e80fab739c206b44c9d195a2f08e0.jpg,9,0.5072258114814758,0.4939282238483429,0.7257921695709229,0.7986000776290894,0.9134923219680786
00002_00015_00017_png.rf.81a2cb9a7cc2d150109c3af756943d8e.jpg,9,0.5020782351493835,0.5125896334648132,0.771991491317749,0.7790524959564209,0.9242203235626221
00002_00015_00017_png.rf.81a2cb9a7cc2d150109c3af756943d8e.jpg,1,0.7441300749778748,0.4036672115325928,0.01785777322947979,0.0593109168112278,0.0012415939709171653
00002_00016_00002_png.rf.c2bf6b0c65f3f2b845d281aef33328e0.jpg,9,0.5232515335083008,0.5384411215782166,0.6062437295913696,0.639536440372467,0.9273613095283508
00002_00016_00002_png.rf.c2bf6b0c65f3f2b845d281aef33328e0.jpg,1,0.4244096279144287,0.45951858162879944,0.8488192558288574,0.9190371632575989,0.0013057043543085456
00002_00017_00020_png.rf.1a27fc5910f7ff6cd9e5ecad10609fe4.jpg,9,0.5144450068473816,0.504071056842804,0.7133029103279114,0.725430428981781,0.9051049947738647
00002_00017_00020_png.rf.1a27fc5910f7ff6cd9e5ecad10609fe4.jpg,7,0.487604022026062,0.9562481045722961,0.4873121976852417,0.08750394731760025,0.021140679717063904
00002_00017_00020_png.rf.1a27fc5910f7ff6cd9e5ecad10609fe4.jpg,10,0.4864194393157959,0.9562506079673767,0.3835560083389282,0.08749896287918091,0.005104184616357088
00002_00017_00020_png.rf.1a27fc5910f7ff6cd9e5ecad10609fe4.jpg,8,0.48859861493110657,0.9559606313705444,0.4409782886505127,0.08807887136936188,0.004633899312466383
00002_00017_00020_png.rf.1a27fc5910f7ff6cd9e5ecad10609fe4.jpg,7,0.5403099060058594,0.9526046514511108,0.7090002298355103,0.09479090571403503,0.004454740323126316
00002_00017_00020_png.rf.1a27fc5910f7ff6cd9e5ecad10609fe4.jpg,8,0.4651373028755188,0.961120069026947,0.3404260277748108,0.07698917388916016,0.001974114216864109
00002_00017_00020_png.rf.1a27fc5910f7ff6cd9e5ecad10609fe4.jpg,11,0.5605024695396423,0.30337589979171753,0.8789951801300049,0.6067517995834351,0.0015337872318923473
00002_00017_00026_png.rf.0e0c876d62e868e7b8bbea45c2854b90.jpg,9,0.5060598850250244,0.5030933618545532,0.7907090187072754,0.8107545375823975,0.9176943302154541
00002_00017_00026_png.rf.0e0c876d62e868e7b8bbea45c2854b90.jpg,10,0.4673547148704529,0.9756165742874146,0.4383191466331482,0.04810890927910805,0.007526977453380823
00002_00017_00026_png.rf.0e0c876d62e868e7b8bbea45c2854b90.jpg,14,0.48444125056266785,0.9758930802345276,0.4428134560585022,0.04773954302072525,0.007070349995046854
00002_00017_00026_png.rf.0e0c876d62e868e7b8bbea45c2854b90.jpg,10,0.5193309187889099,0.26818856596946716,0.9325459003448486,0.5363771319389343,0.00678012752905488
00002_00017_00026_png.rf.0e0c876d62e868e7b8bbea45c2854b90.jpg,11,0.5189676284790039,0.32477155327796936,0.9450281262397766,0.6495431065559387,0.0025935128796845675
00002_00017_00026_png.rf.0e0c876d62e868e7b8bbea45c2854b90.jpg,7,0.4860028326511383,0.9776687026023865,0.4099688231945038,0.04466262459754944,0.001709307893179357
00002_00028_00013_png.rf.4c1b88702f75ba47a05c979c6a1a24af.jpg,9,0.5310806035995483,0.5117486119270325,0.6587337851524353,0.6605559587478638,0.9238397479057312
00002_00028_00013_png.rf.4c1b88702f75ba47a05c979c6a1a24af.jpg,5,0.7957841157913208,0.21930213272571564,0.4084318280220032,0.4386042654514313,0.008449033834040165
00002_00028_00013_png.rf.4c1b88702f75ba47a05c979c6a1a24af.jpg,5,0.746329128742218,0.34027889370918274,0.5073419213294983,0.6805577874183655,0.002696915064007044
00002_00028_00013_png.rf.4c1b88702f75ba47a05c979c6a1a24af.jpg,5,0.8265407681465149,0.1737990379333496,0.3464507460594177,0.34739062190055847,0.0011564271990209818
00002_00028_00013_png.rf.4c1b88702f75ba47a05c979c6a1a24af.jpg,1,0.18319222331047058,0.03930963575839996,0.36638444662094116,0.07839234918355942,0.0011215641861781478
00002_00029_00020_png.rf.92b3fdd9df0a753fcf7dd9e098f54ca5.jpg,9,0.4984484314918518,0.5139564275741577,0.7646257877349854,0.7569746971130371,0.9200684428215027
00002_00029_00020_png.rf.92b3fdd9df0a753fcf7dd9e098f54ca5.jpg,11,0.5340009927749634,0.07862930744886398,0.8344645500183105,0.15725861489772797,0.001134204212576151
00002_00032_00021_png.rf.45636f29d1c772fb421d516a9741145a.jpg,9,0.49759092926979065,0.5433552861213684,0.6576650738716125,0.6935319900512695,0.9295686483383179
00002_00032_00021_png.rf.45636f29d1c772fb421d516a9741145a.jpg,10,0.4968636631965637,0.9600786566734314,0.39204174280166626,0.07984279096126556,0.0033165845088660717
00002_00032_00021_png.rf.45636f29d1c772fb421d516a9741145a.jpg,14,0.4211326837539673,0.6377769112586975,0.8422653675079346,0.7244462370872498,0.0014670263044536114
00002_00032_00021_png.rf.45636f29d1c772fb421d516a9741145a.jpg,8,0.5009185075759888,0.9602269530296326,0.37348175048828125,0.07954612374305725,0.0011732549173757434
00002_00057_00023_png.rf.c8c4e00edf84e93fdca59e89ca4480e8.jpg,9,0.5064791440963745,0.5126981735229492,0.7855230569839478,0.8002135753631592,0.9167014956474304
00002_00063_00008_png.rf.42b7f6b82f752ce45b8a4128928bea6b.jpg,9,0.5325738787651062,0.5370853543281555,0.5783565044403076,0.5923765301704407,0.9244422316551208
00002_00065_00004_png.rf.dd58840a036850f03da5f6bbdd1940d2.jpg,9,0.5372601747512817,0.5397792458534241,0.6785010099411011,0.745508074760437,0.9241970181465149
00002_00065_00005_png.rf.f156b51c34d4fe59f4f1981ecab62ed0.jpg,9,0.5209088325500488,0.52105712890625,0.6847993731498718,0.7209994792938232,0.9211843013763428
00002_00065_00005_png.rf.f156b51c34d4fe59f4f1981ecab62ed0.jpg,1,0.485850989818573,0.09211733192205429,0.6588138937950134,0.18423466384410858,0.001962886890396476
00002_00065_00005_png.rf.f156b51c34d4fe59f4f1981ecab62ed0.jpg,11,0.5592879056930542,0.6691076159477234,0.8814242482185364,0.661784827709198,0.0012333414051681757
00003_00000_00008_png.rf.976bc2ecdc3e69167320fc22712ec43d.jpg,10,0.5225337743759155,0.4923193156719208,0.6081034541130066,0.6260965466499329,0.9495290517807007
00003_00000_00008_png.rf.976bc2ecdc3e69167320fc22712ec43d.jpg,11,0.7234662175178528,0.43322938680648804,0.5530675649642944,0.8664587736129761,0.0030926147010177374
00003_00000_00008_png.rf.976bc2ecdc3e69167320fc22712ec43d.jpg,1,0.7718119621276855,0.5765583515167236,0.45637616515159607,0.8468833565711975,0.003068525344133377
00003_00000_00008_png.rf.976bc2ecdc3e69167320fc22712ec43d.jpg,1,0.426357626914978,0.44463446736335754,0.852715253829956,0.8892689347267151,0.0024646336678415537
00003_00000_00008_png.rf.976bc2ecdc3e69167320fc22712ec43d.jpg,1,0.2502528727054596,0.4403567910194397,0.5004197359085083,0.8805700540542603,0.002382386941462755
00003_00000_00008_png.rf.976bc2ecdc3e69167320fc22712ec43d.jpg,11,0.8285552263259888,0.4362139403820038,0.34288957715034485,0.8724278807640076,0.0011803191155195236
00003_00002_00016_png.rf.f31757e4e66bdf3dd7c10888f14ba7c6.jpg,10,0.5540845990180969,0.50351881980896,0.6637893319129944,0.7013090252876282,0.9472671747207642
00003_00002_00016_png.rf.f31757e4e66bdf3dd7c10888f14ba7c6.jpg,14,0.5042819380760193,0.681377649307251,0.9892986416816711,0.6372447609901428,0.0011166667100042105
00003_00002_00023_png.rf.4d47dbf061aedff7277a91be6a5bbc6b.jpg,10,0.5369789004325867,0.5254561305046082,0.7654045224189758,0.7532060742378235,0.9423160552978516
00003_00002_00023_png.rf.4d47dbf061aedff7277a91be6a5bbc6b.jpg,10,0.5654870271682739,0.2603953778743744,0.8679190874099731,0.5202242732048035,0.001812221365980804
00003_00002_00023_png.rf.4d47dbf061aedff7277a91be6a5bbc6b.jpg,10,0.3770813047885895,0.8248002529144287,0.754162609577179,0.3503997027873993,0.001619525603018701
00003_00002_00023_png.rf.4d47dbf061aedff7277a91be6a5bbc6b.jpg,10,0.35365331172943115,0.3390866816043854,0.7073066234588623,0.6781733632087708,0.0010041379136964679
00003_00010_00012_png.rf.992b5dc958856171d8218c027b672b12.jpg,10,0.49418124556541443,0.5019676089286804,0.628765344619751,0.635279655456543,0.9584805965423584
00003_00014_00015_png.rf.4a4854b32d96279361db09f8b4d4bbcf.jpg,10,0.55303955078125,0.5364715456962585,0.6199369430541992,0.6531765460968018,0.9431998133659363
00003_00014_00015_png.rf.4a4854b32d96279361db09f8b4d4bbcf.jpg,1,0.3557855784893036,0.45912662148475647,0.7115711569786072,0.9181564450263977,0.0044427658431231976
00003_00014_00015_png.rf.4a4854b32d96279361db09f8b4d4bbcf.jpg,1,0.5611624717712402,0.1332908719778061,0.8776751160621643,0.26633721590042114,0.003534421557560563
00003_00014_00015_png.rf.4a4854b32d96279361db09f8b4d4bbcf.jpg,11,0.7397828102111816,0.101401187479496,0.4913317561149597,0.202802374958992,0.0015521529130637646
00003_00014_00015_png.rf.4a4854b32d96279361db09f8b4d4bbcf.jpg,1,0.23311690986156464,0.4453015625476837,0.4662338197231293,0.890231192111969,0.001389048295095563
00003_00019_00004_png.rf.0e5e854d48614cdc5bef09b4b3085a03.jpg,10,0.5070661902427673,0.5067111253738403,0.6066766381263733,0.6011355519294739,0.9157720804214478
00003_00019_00004_png.rf.0e5e854d48614cdc5bef09b4b3085a03.jpg,1,0.5274497866630554,0.05721408873796463,0.36725807189941406,0.11442817747592926,0.0027341973036527634
00003_00019_00004_png.rf.0e5e854d48614cdc5bef09b4b3085a03.jpg,1,0.873676061630249,0.32776886224746704,0.25259122252464294,0.6546902656555176,0.0017311067786067724
00003_00019_00004_png.rf.0e5e854d48614cdc5bef09b4b3085a03.jpg,1,0.8181902170181274,0.34720131754875183,0.36361968517303467,0.6944026350975037,0.0012041125446557999
00003_00019_00004_png.rf.0e5e854d48614cdc5bef09b4b3085a03.jpg,5,0.6003114581108093,0.07104196399450302,0.7559089660644531,0.14208392798900604,0.0010856444714590907
00003_00026_00011_png.rf.33d98e9ee599a39d6f2b819682707a5a.jpg,10,0.532558023929596,0.5415385961532593,0.5694696307182312,0.6043280363082886,0.9407072067260742
00003_00026_00022_png.rf.f67190b7724f3871c19569e098d5cc02.jpg,10,0.5327408313751221,0.510198712348938,0.6688826680183411,0.7138301134109497,0.9566015005111694
00003_00026_00022_png.rf.f67190b7724f3871c19569e098d5cc02.jpg,1,0.24525970220565796,0.8473718166351318,0.013604476116597652,0.04000231251120567,0.0016363918548449874
00003_00027_00025_png.rf.4c1fd45a0b5f0f724237f83b7d47c499.jpg,10,0.531289279460907,0.5013720393180847,0.7617058157920837,0.7877533435821533,0.9504675269126892
00003_00034_00015_png.rf.16921ba926f31008a26ba58d2337527f.jpg,10,0.503871500492096,0.512634813785553,0.6792916655540466,0.6841850280761719,0.9559110403060913
00003_00034_00015_png.rf.16921ba926f31008a26ba58d2337527f.jpg,1,0.3887160122394562,0.025196917355060577,0.18992550671100616,0.05006413906812668,0.0018820256227627397
00003_00034_00015_png.rf.16921ba926f31008a26ba58d2337527f.jpg,1,0.3848540484905243,0.03600231930613518,0.17296868562698364,0.07189328223466873,0.00180308916606009
00003_00035_00028_png.rf.ee8da916ee92d6dc7e62eedaf09a79e4.jpg,10,0.49880024790763855,0.4922160506248474,0.7900969982147217,0.8014972805976868,0.9503019452095032
00003_00035_00028_png.rf.ee8da916ee92d6dc7e62eedaf09a79e4.jpg,11,0.694094181060791,0.5034680366516113,0.6118117570877075,0.9930640459060669,0.0028920783661305904
00003_00035_00028_png.rf.ee8da916ee92d6dc7e62eedaf09a79e4.jpg,1,0.749374270439148,0.5025193691253662,0.5012515783309937,0.9949613213539124,0.0019132321467623115
00003_00035_00028_png.rf.ee8da916ee92d6dc7e62eedaf09a79e4.jpg,1,0.86616051197052,0.5012165904045105,0.2675531804561615,0.997566819190979,0.001045685145072639
00003_00036_00017_png.rf.8ac2d0085877d733785436132fdc938e.jpg,10,0.5123072862625122,0.5068336725234985,0.6918849945068359,0.6733083128929138,0.954481840133667
00003_00036_00017_png.rf.8ac2d0085877d733785436132fdc938e.jpg,11,0.762480616569519,0.7902545928955078,0.47498437762260437,0.41949084401130676,0.05733640491962433
00003_00036_00017_png.rf.8ac2d0085877d733785436132fdc938e.jpg,1,0.3393479883670807,0.44665053486824036,0.6786959767341614,0.892375111579895,0.0012454647803679109
00003_00036_00028_png.rf.b1c4322c721873c9caa6ed9fd25eeb07.jpg,10,0.5060220956802368,0.487004816532135,0.8162862062454224,0.8219876289367676,0.9491071701049805
00003_00036_00028_png.rf.b3b837a4ff3803383e94a13fe8fc748b.jpg,10,0.5060220956802368,0.487004816532135,0.8162862062454224,0.8219876289367676,0.9491071701049805
00003_00038_00015_png.rf.68af73eb3c3267953582146c619d7c25.jpg,10,0.5382381677627563,0.4969640076160431,0.6673970222473145,0.6842151880264282,0.9536592364311218
00003_00038_00015_png.rf.68af73eb3c3267953582146c619d7c25.jpg,1,0.7925463914871216,0.5803479552268982,0.4149073362350464,0.8393041491508484,0.043086227029561996
00003_00038_00015_png.rf.68af73eb3c3267953582146c619d7c25.jpg,1,0.7034972310066223,0.5724186301231384,0.5930055379867554,0.8551628589630127,0.028372235596179962
00003_00038_00015_png.rf.68af73eb3c3267953582146c619d7c25.jpg,1,0.8889267444610596,0.5912332534790039,0.22194591164588928,0.817533552646637,0.002225336153060198
00003_00038_00015_png.rf.68af73eb3c3267953582146c619d7c25.jpg,11,0.7244919538497925,0.564703106880188,0.5510161519050598,0.8686110973358154,0.0010367640061303973
00003_00038_00026_png.rf.a69d0576816db3c4d315d0dce5b99721.jpg,10,0.5093435049057007,0.4979476034641266,0.8201018571853638,0.839857816696167,0.9476543664932251
00003_00038_00026_png.rf.a69d0576816db3c4d315d0dce5b99721.jpg,1,0.03564548119902611,0.7974591255187988,0.02666950412094593,0.017810529097914696,0.010945615358650684
00003_00040_00029_png.rf.7d37fc566ece4627cb04b2b8d32dc473.jpg,10,0.5187007784843445,0.5069287419319153,0.6870348453521729,0.685852587223053,0.9510322213172913
00003_00040_00029_png.rf.7d37fc566ece4627cb04b2b8d32dc473.jpg,10,0.7018406391143799,0.4414021074771881,0.596318781375885,0.8828042149543762,0.007835901342332363
00003_00040_00029_png.rf.7d37fc566ece4627cb04b2b8d32dc473.jpg,0,0.3427574336528778,0.46767815947532654,0.6855148673057556,0.9329431056976318,0.0021199812181293964
00003_00040_00029_png.rf.7d37fc566ece4627cb04b2b8d32dc473.jpg,1,0.7960695624351501,0.020608190447092056,0.02650151029229164,0.038177378475666046,0.00115784362424165
00003_00042_00029_png.rf.d0d6dd339d2be42128efbae34d3f541a.jpg,10,0.5005098581314087,0.5014762878417969,0.7430486083030701,0.7394561767578125,0.9549423456192017
00003_00042_00029_png.rf.d0d6dd339d2be42128efbae34d3f541a.jpg,10,0.3236185312271118,0.44992488622665405,0.6472370624542236,0.8973457217216492,0.004418363329023123
00003_00042_00029_png.rf.d0d6dd339d2be42128efbae34d3f541a.jpg,10,0.16199345886707306,0.25803178548812866,0.3239869177341461,0.5158680081367493,0.0013435794971883297
00003_00044_00003_png.rf.2b73723d27b25434c3de6ca04adbe574.jpg,10,0.5502423048019409,0.5276284217834473,0.5060194134712219,0.5021908283233643,0.947145402431488
00003_00044_00003_png.rf.2b73723d27b25434c3de6ca04adbe574.jpg,1,0.8388193845748901,0.534170925617218,0.32236137986183167,0.9316582083702087,0.014432692900300026
00003_00044_00003_png.rf.2b73723d27b25434c3de6ca04adbe574.jpg,1,0.7114748358726501,0.521870493888855,0.5770503878593445,0.9562591314315796,0.009630804881453514
00003_00044_00003_png.rf.2b73723d27b25434c3de6ca04adbe574.jpg,1,0.8870266079902649,0.5292889475822449,0.2258644849061966,0.903171956539154,0.0034618668723851442
00003_00044_00003_png.rf.2b73723d27b25434c3de6ca04adbe574.jpg,0,0.4384241998195648,0.36394333839416504,0.8768483996391296,0.7278866767883301,0.0018993979319930077
00003_00044_00003_png.rf.2b73723d27b25434c3de6ca04adbe574.jpg,1,0.4177838861942291,0.35363537073135376,0.834034264087677,0.7072707414627075,0.0012186761014163494
00003_00044_00003_png.rf.2b73723d27b25434c3de6ca04adbe574.jpg,1,0.9174863696098328,0.551862359046936,0.1650274097919464,0.8962754011154175,0.001026543090119958
00003_00044_00003_png.rf.2b73723d27b25434c3de6ca04adbe574.jpg,11,0.6368959546089172,0.4329867959022522,0.7257624864578247,0.8659735918045044,0.0010033646831288934
00003_00044_00011_png.rf.9f723b9e228efc8339bf51faa590a58e.jpg,10,0.548065185546875,0.5459244847297668,0.5852200388908386,0.591359555721283,0.9476940631866455
00003_00044_00011_png.rf.9f723b9e228efc8339bf51faa590a58e.jpg,10,0.5876650214195251,0.3847164213657379,0.6893834471702576,0.7429569363594055,0.004314444027841091
00003_00044_00011_png.rf.9f723b9e228efc8339bf51faa590a58e.jpg,10,0.5997333526611328,0.4425274431705475,0.8005334138870239,0.885054886341095,0.0012366228038445115
00003_00044_00013_png.rf.24a211df9596dccf36b448483be5f663.jpg,10,0.5376453399658203,0.5169364213943481,0.6183056831359863,0.6371487379074097,0.9529223442077637
00003_00044_00013_png.rf.24a211df9596dccf36b448483be5f663.jpg,0,0.7439215183258057,0.5361518859863281,0.5121570825576782,0.8660933971405029,0.003785752458497882
00003_00044_00013_png.rf.24a211df9596dccf36b448483be5f663.jpg,10,0.6891580820083618,0.4416602849960327,0.6216839551925659,0.8833205699920654,0.0035959803499281406
00003_00044_00013_png.rf.24a211df9596dccf36b448483be5f663.jpg,0,0.3525297939777374,0.4399789571762085,0.7050595879554749,0.87907874584198,0.0034483447670936584
00003_00044_00013_png.rf.24a211df9596dccf36b448483be5f663.jpg,1,0.20650842785835266,0.41813355684280396,0.4130168557167053,0.834023654460907,0.002991638146340847
00003_00044_00013_png.rf.24a211df9596dccf36b448483be5f663.jpg,0,0.8037159442901611,0.5447586178779602,0.39256808161735535,0.7760723829269409,0.0025998037308454514
00003_00044_00013_png.rf.24a211df9596dccf36b448483be5f663.jpg,10,0.3654855489730835,0.4401744604110718,0.730971097946167,0.8766846060752869,0.0017228361684828997
00003_00044_00013_png.rf.24a211df9596dccf36b448483be5f663.jpg,0,0.24730148911476135,0.42730051279067993,0.4946029782295227,0.8533704876899719,0.0016277683898806572
00003_00044_00013_png.rf.24a211df9596dccf36b448483be5f663.jpg,10,0.5635979771614075,0.313705176115036,0.7813436985015869,0.6268208026885986,0.0012035020627081394
00003_00044_00020_png.rf.dc91d31ec81c700753fe335f3fc42cf8.jpg,10,0.5302079319953918,0.5098328590393066,0.70719313621521,0.7124437689781189,0.9560844898223877
00003_00044_00020_png.rf.dc91d31ec81c700753fe335f3fc42cf8.jpg,10,0.3109265863895416,0.30818548798561096,0.6218531727790833,0.6163709759712219,0.03907880187034607
00003_00044_00020_png.rf.dc91d31ec81c700753fe335f3fc42cf8.jpg,10,0.5556786060333252,0.24203374981880188,0.8623464107513428,0.4836401045322418,0.012834027409553528
00003_00044_00020_png.rf.dc91d31ec81c700753fe335f3fc42cf8.jpg,10,0.4730823040008545,0.19201576709747314,0.6644492149353027,0.3837905526161194,0.008894233964383602
00003_00044_00020_png.rf.dc91d31ec81c700753fe335f3fc42cf8.jpg,10,0.19810067117214203,0.3091398775577545,0.39620134234428406,0.618279755115509,0.005042927339673042
00003_00044_00020_png.rf.dc91d31ec81c700753fe335f3fc42cf8.jpg,11,0.5497560501098633,0.2811008095741272,0.900488018989563,0.5622016191482544,0.0040057324804365635
00003_00044_00020_png.rf.dc91d31ec81c700753fe335f3fc42cf8.jpg,10,0.5520251989364624,0.3497048318386078,0.8959496021270752,0.6994096636772156,0.00360187073238194
00003_00044_00020_png.rf.dc91d31ec81c700753fe335f3fc42cf8.jpg,1,0.1972275972366333,0.4532262980937958,0.39439722895622253,0.9048473238945007,0.002043386921286583
00003_00044_00020_png.rf.dc91d31ec81c700753fe335f3fc42cf8.jpg,12,0.2147580236196518,0.44453126192092896,0.4295160472393036,0.8883333802223206,0.0014586782781407237
00003_00045_00010_png.rf.1eb0ead62274ff3e76b12140d0f4399b.jpg,10,0.5373954772949219,0.5367094278335571,0.6248784065246582,0.6128770709037781,0.9559393525123596
00003_00045_00010_png.rf.1eb0ead62274ff3e76b12140d0f4399b.jpg,1,0.6405022144317627,0.0590081661939621,0.5205526351928711,0.1180163323879242,0.01752360537648201
00003_00045_00010_png.rf.1eb0ead62274ff3e76b12140d0f4399b.jpg,1,0.052626341581344604,0.4602363109588623,0.10525268316268921,0.9126177430152893,0.008437125012278557
00003_00045_00010_png.rf.1eb0ead62274ff3e76b12140d0f4399b.jpg,1,0.9122169613838196,0.44616061449050903,0.17526164650917053,0.8910930752754211,0.0073739876970648766
00003_00045_00010_png.rf.1eb0ead62274ff3e76b12140d0f4399b.jpg,1,0.8577272295951843,0.4469471275806427,0.2845456898212433,0.8929763436317444,0.007228012662380934
00003_00045_00010_png.rf.1eb0ead62274ff3e76b12140d0f4399b.jpg,0,0.845529317855835,0.4649554491043091,0.3089415729045868,0.9299108982086182,0.007163310889154673
00003_00045_00010_png.rf.1eb0ead62274ff3e76b12140d0f4399b.jpg,10,0.6424714922904968,0.05500005930662155,0.5461774468421936,0.10980591922998428,0.006695675663650036
00003_00045_00010_png.rf.1eb0ead62274ff3e76b12140d0f4399b.jpg,1,0.9450697302818298,0.4447755515575409,0.10986071825027466,0.8776435256004333,0.005427498836070299
00003_00045_00010_png.rf.1eb0ead62274ff3e76b12140d0f4399b.jpg,0,0.7163640260696411,0.44570714235305786,0.5672721266746521,0.8913016319274902,0.004720362834632397
00003_00045_00010_png.rf.1eb0ead62274ff3e76b12140d0f4399b.jpg,1,0.07146401703357697,0.5123531222343445,0.14292803406715393,0.9671054482460022,0.004207908641546965
00003_00045_00010_png.rf.1eb0ead62274ff3e76b12140d0f4399b.jpg,0,0.08065258711576462,0.49514052271842957,0.16090264916419983,0.9847337603569031,0.004207410849630833
00003_00045_00010_png.rf.1eb0ead62274ff3e76b12140d0f4399b.jpg,1,0.9661099910736084,0.5607244372367859,0.06778012961149216,0.7679381370544434,0.0029301890172064304
00003_00045_00010_png.rf.1eb0ead62274ff3e76b12140d0f4399b.jpg,1,0.9524863958358765,0.6237705945968628,0.09502726793289185,0.7524588704109192,0.0021653056610375643
00003_00045_00010_png.rf.1eb0ead62274ff3e76b12140d0f4399b.jpg,11,0.6596148610115051,0.05750091373920441,0.5662547945976257,0.11463849991559982,0.0021271847654134035
00003_00045_00010_png.rf.1eb0ead62274ff3e76b12140d0f4399b.jpg,0,0.14179058372974396,0.49432364106178284,0.2835811674594879,0.9872861504554749,0.0021020001731812954
00003_00045_00010_png.rf.1eb0ead62274ff3e76b12140d0f4399b.jpg,1,0.15860986709594727,0.4715242087841034,0.3170224130153656,0.9401758313179016,0.0016489280387759209
00003_00045_00010_png.rf.1eb0ead62274ff3e76b12140d0f4399b.jpg,1,0.3320297300815582,0.490498423576355,0.6640594601631165,0.98099684715271,0.001484583248384297
00003_00045_00010_png.rf.1eb0ead62274ff3e76b12140d0f4399b.jpg,1,0.10318992286920547,0.5031259655952454,0.20637984573841095,0.9937481880187988,0.0013006130466237664
00003_00045_00010_png.rf.1eb0ead62274ff3e76b12140d0f4399b.jpg,1,0.02805296890437603,0.1453673094511032,0.05584580451250076,0.2907346189022064,0.0012613191502168775
00003_00045_00010_png.rf.1eb0ead62274ff3e76b12140d0f4399b.jpg,1,0.023704074323177338,0.3135513663291931,0.04720665514469147,0.44181540608406067,0.001037271460518241
00003_00045_00019_png.rf.3120c19400c889f8dfd507e2f6f16995.jpg,10,0.5159704685211182,0.5230667591094971,0.7329332232475281,0.7427747249603271,0.9530095458030701
00003_00045_00019_png.rf.3120c19400c889f8dfd507e2f6f16995.jpg,10,0.5193447470664978,0.3374716341495514,0.9613105654716492,0.6749432682991028,0.024669447913765907
00003_00045_00019_png.rf.3120c19400c889f8dfd507e2f6f16995.jpg,11,0.6957168579101562,0.4598469138145447,0.6085663437843323,0.9196938276290894,0.002339621540158987
00003_00045_00019_png.rf.3120c19400c889f8dfd507e2f6f16995.jpg,11,0.7995145320892334,0.1548173725605011,0.40097108483314514,0.3096347451210022,0.0012841974385082722
00003_00046_00010_png.rf.891f75f30b9f3db0a566b63a5d08287f.jpg,10,0.5274783372879028,0.5066497921943665,0.6370453834533691,0.6406328082084656,0.9574598073959351
00003_00046_00010_png.rf.891f75f30b9f3db0a566b63a5d08287f.jpg,1,0.4081311821937561,0.3886212706565857,0.8162623643875122,0.7772425413131714,0.0028937605675309896
00003_00046_00010_png.rf.891f75f30b9f3db0a566b63a5d08287f.jpg,0,0.4698106646537781,0.4519924521446228,0.9396213293075562,0.9039849042892456,0.0011450094170868397
000041_jpg.rf.89c814e3db33e70112e3447d54bb42c6.jpg,7,0.5383694767951965,0.3131799101829529,0.2940066158771515,0.4817159175872803,0.9440962076187134
000041_jpg.rf.89c814e3db33e70112e3447d54bb42c6.jpg,0,0.9869533181190491,0.15228159725666046,0.025891084223985672,0.09526494145393372,0.03611241653561592
000041_jpg.rf.89c814e3db33e70112e3447d54bb42c6.jpg,0,0.9874342679977417,0.16102969646453857,0.024237487465143204,0.0700758844614029,0.0358860082924366
000041_jpg.rf.89c814e3db33e70112e3447d54bb42c6.jpg,0,0.9854413270950317,0.17049534618854523,0.028502831235527992,0.06729704886674881,0.0219538863748312
000041_jpg.rf.89c814e3db33e70112e3447d54bb42c6.jpg,0,0.9719344973564148,0.19057421386241913,0.05613107234239578,0.11051604896783829,0.0164759773761034
000041_jpg.rf.89c814e3db33e70112e3447d54bb42c6.jpg,0,0.9817983508110046,0.1766427606344223,0.036403365433216095,0.07471034675836563,0.01557248830795288
000041_jpg.rf.89c814e3db33e70112e3447d54bb42c6.jpg,0,0.9708282947540283,0.29890507459640503,0.058343447744846344,0.33577051758766174,0.01365642435848713
000041_jpg.rf.89c814e3db33e70112e3447d54bb42c6.jpg,0,0.9721860289573669,0.12546586990356445,0.049108728766441345,0.11212632060050964,0.013571536168456078
000041_jpg.rf.89c814e3db33e70112e3447d54bb42c6.jpg,0,0.987021803855896,0.18127594888210297,0.025135042145848274,0.0854671522974968,0.009186911396682262
000041_jpg.rf.89c814e3db33e70112e3447d54bb42c6.jpg,0,0.9916545748710632,0.10059009492397308,0.016068825498223305,0.06946621090173721,0.008322808891534805
000041_jpg.rf.89c814e3db33e70112e3447d54bb42c6.jpg,0,0.9889435768127441,0.09256786853075027,0.021389374509453773,0.1726929247379303,0.006767955143004656
000041_jpg.rf.89c814e3db33e70112e3447d54bb42c6.jpg,0,0.9848918318748474,0.08645454049110413,0.030216364189982414,0.12407320737838745,0.006644004490226507
000041_jpg.rf.89c814e3db33e70112e3447d54bb42c6.jpg,0,0.9720969796180725,0.09448212385177612,0.02834598906338215,0.05304770916700363,0.006617821287363768
000041_jpg.rf.89c814e3db33e70112e3447d54bb42c6.jpg,0,0.9879159331321716,0.10093215852975845,0.023187564685940742,0.09014400839805603,0.006210415158420801
000041_jpg.rf.89c814e3db33e70112e3447d54bb42c6.jpg,0,0.9711718559265137,0.3651130199432373,0.057656362652778625,0.18087495863437653,0.005007636733353138
000041_jpg.rf.89c814e3db33e70112e3447d54bb42c6.jpg,0,0.9911916255950928,0.0816417783498764,0.017616786062717438,0.1324988603591919,0.004831464029848576
000041_jpg.rf.89c814e3db33e70112e3447d54bb42c6.jpg,0,0.9751719236373901,0.34003010392189026,0.049277015030384064,0.12595993280410767,0.004750825930386782
000041_jpg.rf.89c814e3db33e70112e3447d54bb42c6.jpg,0,0.9939345121383667,0.06467203795909882,0.012131104245781898,0.04604267328977585,0.0046869004145264626
000041_jpg.rf.89c814e3db33e70112e3447d54bb42c6.jpg,0,0.9672598838806152,0.28901058435440063,0.06536895036697388,0.4276963174343109,0.00467764213681221
000041_jpg.rf.89c814e3db33e70112e3447d54bb42c6.jpg,0,0.9853702187538147,0.20179452002048492,0.029237307608127594,0.14331604540348053,0.003795573255047202
000041_jpg.rf.89c814e3db33e70112e3447d54bb42c6.jpg,0,0.9946790337562561,0.06290997564792633,0.01058050338178873,0.03562181070446968,0.00370681076310575
000041_jpg.rf.89c814e3db33e70112e3447d54bb42c6.jpg,0,0.9256997108459473,0.9034396409988403,0.10218848288059235,0.1931208223104477,0.0034124269150197506
000041_jpg.rf.89c814e3db33e70112e3447d54bb42c6.jpg,0,0.9853290319442749,0.08584002405405045,0.02924853190779686,0.1716800481081009,0.003121089655905962
000041_jpg.rf.89c814e3db33e70112e3447d54bb42c6.jpg,0,0.8872942328453064,0.9047001004219055,0.10377627611160278,0.19059981405735016,0.0029220280703157187
000041_jpg.rf.89c814e3db33e70112e3447d54bb42c6.jpg,0,0.9820966124534607,0.18800456821918488,0.035348013043403625,0.11185398697853088,0.0029131530318409204
000041_jpg.rf.89c814e3db33e70112e3447d54bb42c6.jpg,0,0.994015097618103,0.11186440289020538,0.011234063655138016,0.039646949619054794,0.0028873151168227196
000041_jpg.rf.89c814e3db33e70112e3447d54bb42c6.jpg,0,0.9842745065689087,0.38142070174217224,0.03145093470811844,0.2393602430820465,0.0027987409848719835
000041_jpg.rf.89c814e3db33e70112e3447d54bb42c6.jpg,0,0.8550099730491638,0.9091484546661377,0.13059081137180328,0.1817031353712082,0.0027162369806319475
000041_jpg.rf.89c814e3db33e70112e3447d54bb42c6.jpg,0,0.9927612543106079,0.3967282474040985,0.013535573147237301,0.11585122346878052,0.002703324658796191
000041_jpg.rf.89c814e3db33e70112e3447d54bb42c6.jpg,0,0.9850736856460571,0.1341414451599121,0.029852574691176414,0.12833265960216522,0.0026658435817807913
000041_jpg.rf.89c814e3db33e70112e3447d54bb42c6.jpg,0,0.9921367764472961,0.18379923701286316,0.01520516350865364,0.08480431139469147,0.002453005872666836
000041_jpg.rf.89c814e3db33e70112e3447d54bb42c6.jpg,0,0.9926191568374634,0.06137467548251152,0.014761632308363914,0.07901562750339508,0.002449538093060255
000041_jpg.rf.89c814e3db33e70112e3447d54bb42c6.jpg,0,0.9898009300231934,0.13093629479408264,0.02039821445941925,0.14137697219848633,0.0022689136676490307
000041_jpg.rf.89c814e3db33e70112e3447d54bb42c6.jpg,0,0.9911400079727173,0.38235849142074585,0.017034824937582016,0.18496407568454742,0.0022471831180155277
000041_jpg.rf.89c814e3db33e70112e3447d54bb42c6.jpg,0,0.8871620297431946,0.9951857924461365,0.0929165631532669,0.00962844304740429,0.002165385754778981
000041_jpg.rf.89c814e3db33e70112e3447d54bb42c6.jpg,0,0.9850531220436096,0.16651977598667145,0.02989387698471546,0.14593660831451416,0.002148240804672241
000041_jpg.rf.89c814e3db33e70112e3447d54bb42c6.jpg,0,0.9538379311561584,0.10880615562200546,0.059058777987957,0.03284265473484993,0.00212665437720716
000041_jpg.rf.89c814e3db33e70112e3447d54bb42c6.jpg,0,0.993018388748169,0.08685179054737091,0.013960251584649086,0.09634023904800415,0.0020868577994406223
000041_jpg.rf.89c814e3db33e70112e3447d54bb42c6.jpg,0,0.9865709543228149,0.06610552966594696,0.026703394949436188,0.12587402760982513,0.0019345150794833899
000041_jpg.rf.89c814e3db33e70112e3447d54bb42c6.jpg,8,0.9765031337738037,0.13931779563426971,0.0469939187169075,0.12433472275733948,0.0018325729761272669
000041_jpg.rf.89c814e3db33e70112e3447d54bb42c6.jpg,0,0.9889985918998718,0.10768023133277893,0.021640265360474586,0.06459099054336548,0.0016727789770811796
000041_jpg.rf.89c814e3db33e70112e3447d54bb42c6.jpg,0,0.9650623798370361,0.17531010508537292,0.06987535208463669,0.07208891957998276,0.0015996721340343356
000041_jpg.rf.89c814e3db33e70112e3447d54bb42c6.jpg,0,0.9861343502998352,0.3738378584384918,0.027383292093873024,0.1670258343219757,0.0015951107488945127
000041_jpg.rf.89c814e3db33e70112e3447d54bb42c6.jpg,0,0.9733003973960876,0.1534111499786377,0.0519922710955143,0.1342262476682663,0.001575227128341794
000041_jpg.rf.89c814e3db33e70112e3447d54bb42c6.jpg,0,0.9801377654075623,0.3724677264690399,0.03972456976771355,0.17566679418087006,0.001558976131491363
000041_jpg.rf.89c814e3db33e70112e3447d54bb42c6.jpg,0,0.9604272246360779,0.24474266171455383,0.07914558053016663,0.46994975209236145,0.001486601890064776
000041_jpg.rf.89c814e3db33e70112e3447d54bb42c6.jpg,8,0.9693039059638977,0.16803444921970367,0.054344985634088516,0.06988252699375153,0.0014201013837009668
000041_jpg.rf.89c814e3db33e70112e3447d54bb42c6.jpg,0,0.9902254343032837,0.4037233293056488,0.018962347880005836,0.10090146213769913,0.0013304098974913359
000041_jpg.rf.89c814e3db33e70112e3447d54bb42c6.jpg,0,0.9907060861587524,0.13696952164173126,0.018281497061252594,0.09325139969587326,0.0013211449841037393
000041_jpg.rf.89c814e3db33e70112e3447d54bb42c6.jpg,0,0.972429096698761,0.19524434208869934,0.05392661690711975,0.23955319821834564,0.0013089460553601384
000041_jpg.rf.89c814e3db33e70112e3447d54bb42c6.jpg,0,0.9922324419021606,0.046709317713975906,0.014696708880364895,0.08047250658273697,0.0013034932781010866
000041_jpg.rf.89c814e3db33e70112e3447d54bb42c6.jpg,0,0.9922839403152466,0.116270050406456,0.014644256792962551,0.04260392487049103,0.0012499665608629584
000041_jpg.rf.89c814e3db33e70112e3447d54bb42c6.jpg,8,0.9723516702651978,0.15574407577514648,0.048541657626628876,0.08816459029912949,0.0012164615327492356
000041_jpg.rf.89c814e3db33e70112e3447d54bb42c6.jpg,0,0.787338137626648,0.8344789743423462,0.26741769909858704,0.33104208111763,0.0011807824485003948
000041_jpg.rf.89c814e3db33e70112e3447d54bb42c6.jpg,0,0.992811918258667,0.059033364057540894,0.013963553123176098,0.04973757266998291,0.0011313962750136852
000041_jpg.rf.89c814e3db33e70112e3447d54bb42c6.jpg,0,0.984058141708374,0.21979442238807678,0.03188375383615494,0.25128790736198425,0.0010372160468250513
000041_jpg.rf.89c814e3db33e70112e3447d54bb42c6.jpg,0,0.8155556917190552,0.8692837953567505,0.034839190542697906,0.043107546865940094,0.0010267768520861864
00004_00002_00014_png.rf.66ae4730024327a8ff79210c980a4667.jpg,11,0.5110135674476624,0.5195943117141724,0.6990231871604919,0.7238203287124634,0.9410547614097595
00004_00003_00014_png.rf.fbd79a43c27ae3464c7be84d785ed5e2.jpg,11,0.54478520154953,0.5205222368240356,0.6447422504425049,0.6265063285827637,0.9425272941589355
00004_00003_00014_png.rf.fbd79a43c27ae3464c7be84d785ed5e2.jpg,10,0.5525538325309753,0.09701427817344666,0.6209928393363953,0.1940285563468933,0.11665714532136917
00004_00004_00006_png.rf.779cd44893dd231e6e05b680dc9bef9a.jpg,11,0.5041447877883911,0.5043399333953857,0.682633638381958,0.7124037742614746,0.9479115605354309
00004_00004_00009_png.rf.fc4e5787fbeb0511656710884dc88284.jpg,11,0.5394474267959595,0.5183170437812805,0.69044429063797,0.7199862599372864,0.9481721520423889
00004_00004_00009_png.rf.fc4e5787fbeb0511656710884dc88284.jpg,1,0.5749395489692688,0.5329660177230835,0.02690139226615429,0.11617422848939896,0.005931434687227011
00004_00004_00009_png.rf.fc4e5787fbeb0511656710884dc88284.jpg,1,0.575985848903656,0.5130404829978943,0.026971707120537758,0.07095986604690552,0.0018613170832395554
00004_00006_00002_png.rf.e126eb56f28cf1c98809239babe89334.jpg,11,0.5191842317581177,0.5372256636619568,0.5655971169471741,0.5849552154541016,0.9468638896942139
00004_00006_00002_png.rf.e126eb56f28cf1c98809239babe89334.jpg,7,0.5209890007972717,0.9380443692207336,0.5766218900680542,0.12391135096549988,0.049606937915086746
00004_00006_00002_png.rf.e126eb56f28cf1c98809239babe89334.jpg,1,0.5225880742073059,0.10290727764368057,0.8648509383201599,0.20573173463344574,0.02240711823105812
00004_00006_00002_png.rf.e126eb56f28cf1c98809239babe89334.jpg,1,0.5176011919975281,0.14638471603393555,0.9007554650306702,0.2920750677585602,0.013250363990664482
00004_00006_00002_png.rf.e126eb56f28cf1c98809239babe89334.jpg,11,0.5163582563400269,0.9356350898742676,0.5715312361717224,0.12872996926307678,0.01062703225761652
00004_00006_00002_png.rf.e126eb56f28cf1c98809239babe89334.jpg,1,0.5209605693817139,0.2525743544101715,0.8717061281204224,0.5044704079627991,0.007909072563052177
00004_00006_00002_png.rf.e126eb56f28cf1c98809239babe89334.jpg,9,0.5145045518875122,0.9343089461326599,0.608362078666687,0.13138213753700256,0.004805009812116623
00004_00006_00002_png.rf.e126eb56f28cf1c98809239babe89334.jpg,6,0.8758827447891235,0.10823377966880798,0.24740806221961975,0.21646755933761597,0.0033001392148435116
00004_00006_00002_png.rf.e126eb56f28cf1c98809239babe89334.jpg,1,0.6975553631782532,0.555640459060669,0.6048893332481384,0.8887191414833069,0.0027373505290597677
00004_00006_00002_png.rf.e126eb56f28cf1c98809239babe89334.jpg,1,0.509796142578125,0.4140596091747284,0.9350995421409607,0.8171494603157043,0.002737206406891346
00004_00006_00002_png.rf.e126eb56f28cf1c98809239babe89334.jpg,11,0.5591464042663574,0.9291170835494995,0.7441357970237732,0.14176581799983978,0.0016448682872578502
00004_00006_00002_png.rf.e126eb56f28cf1c98809239babe89334.jpg,1,0.5526999235153198,0.08249270915985107,0.7326683402061462,0.16479769349098206,0.0011355235474184155
00004_00009_00021_png.rf.0f8628e061118cfeaad9228b32489e7c.jpg,11,0.4926190972328186,0.5450921058654785,0.6810094714164734,0.6811885833740234,0.9528582692146301
00004_00010_00020_png.rf.8985cbdd62ef877bd3b91429c517b515.jpg,11,0.5288119912147522,0.5047009587287903,0.7106141448020935,0.703033447265625,0.94647616147995
00004_00022_00020_png.rf.56c34e7fb6ec15747810e3706fb11e4a.jpg,11,0.5240206718444824,0.5151528120040894,0.6245163083076477,0.6346940398216248,0.9472224712371826
00004_00022_00020_png.rf.56c34e7fb6ec15747810e3706fb11e4a.jpg,11,0.23007088899612427,0.7555258870124817,0.4596371352672577,0.4889482259750366,0.031014664098620415
00004_00022_00020_png.rf.56c34e7fb6ec15747810e3706fb11e4a.jpg,11,0.3321581482887268,0.7479616403579712,0.6643162965774536,0.5040767788887024,0.009784379974007607
00004_00022_00020_png.rf.56c34e7fb6ec15747810e3706fb11e4a.jpg,11,0.734218180179596,0.41065293550491333,0.5315636992454529,0.8213058710098267,0.0017081762198358774
00004_00022_00020_png.rf.56c34e7fb6ec15747810e3706fb11e4a.jpg,11,0.764017641544342,0.7734802961349487,0.471951425075531,0.4530394375324249,0.0016087619587779045
00004_00022_00020_png.rf.56c34e7fb6ec15747810e3706fb11e4a.jpg,11,0.44383230805397034,0.7297344207763672,0.8861789107322693,0.5405312776565552,0.0014781582867726684
00004_00022_00020_png.rf.56c34e7fb6ec15747810e3706fb11e4a.jpg,11,0.8610897660255432,0.3887467086315155,0.2778205871582031,0.7767645120620728,0.0014602899318560958
00004_00022_00020_png.rf.56c34e7fb6ec15747810e3706fb11e4a.jpg,5,0.2823365032672882,0.18694613873958588,0.5646730065345764,0.37389227747917175,0.0014427629066631198
00004_00022_00020_png.rf.56c34e7fb6ec15747810e3706fb11e4a.jpg,1,0.7016408443450928,0.5749015808105469,0.5967184901237488,0.8501969575881958,0.0013366814237087965
00004_00022_00020_png.rf.56c34e7fb6ec15747810e3706fb11e4a.jpg,1,0.8553187847137451,0.3912651538848877,0.2893625497817993,0.7775222063064575,0.0013030290137976408
00004_00030_00003_png.rf.31ed58359e92300b61de2440b5f38d1a.jpg,11,0.5385292172431946,0.5408601760864258,0.5546720623970032,0.550723135471344,0.9462480545043945
00004_00030_00003_png.rf.31ed58359e92300b61de2440b5f38d1a.jpg,10,0.7509686946868896,0.3990251123905182,0.49806270003318787,0.7959715127944946,0.002435252768918872
00004_00030_00010_png.rf.c35b9a70b784be1bcd6b28d9ac1e12f5.jpg,11,0.5356511473655701,0.4969019293785095,0.6054715514183044,0.6096438765525818,0.9482967853546143
00004_00030_00010_png.rf.c35b9a70b784be1bcd6b28d9ac1e12f5.jpg,11,0.23340244591236115,0.4488528370857239,0.46667665243148804,0.8971753120422363,0.01000753603875637
00004_00030_00010_png.rf.c35b9a70b784be1bcd6b28d9ac1e12f5.jpg,11,0.3606067895889282,0.44718581438064575,0.7204595804214478,0.8934900164604187,0.009765289723873138
00004_00030_00010_png.rf.c35b9a70b784be1bcd6b28d9ac1e12f5.jpg,5,0.22464783489704132,0.27402591705322266,0.44929566979408264,0.5471826195716858,0.008753982372581959
00004_00030_00010_png.rf.c35b9a70b784be1bcd6b28d9ac1e12f5.jpg,11,0.22544410824775696,0.26718059182167053,0.45087316632270813,0.5343611836433411,0.006066442932933569
00004_00030_00010_png.rf.c35b9a70b784be1bcd6b28d9ac1e12f5.jpg,10,0.20819194614887238,0.26516491174697876,0.41638389229774475,0.530102550983429,0.003343041753396392
00004_00030_00010_png.rf.c35b9a70b784be1bcd6b28d9ac1e12f5.jpg,11,0.19986163079738617,0.35079774260520935,0.39972326159477234,0.7015954852104187,0.0029108866583555937
00004_00030_00010_png.rf.c35b9a70b784be1bcd6b28d9ac1e12f5.jpg,11,0.287561297416687,0.7842590808868408,0.575122594833374,0.4314819276332855,0.0015903959283605218
00004_00030_00010_png.rf.c35b9a70b784be1bcd6b28d9ac1e12f5.jpg,11,0.32571056485176086,0.7014161348342896,0.6504274010658264,0.5971678495407104,0.001430020434781909
00004_00030_00010_png.rf.c35b9a70b784be1bcd6b28d9ac1e12f5.jpg,10,0.5139878392219543,0.2353985607624054,0.6685208082199097,0.4705382287502289,0.001062661176547408
00004_00030_00010_png.rf.c35b9a70b784be1bcd6b28d9ac1e12f5.jpg,10,0.4393727481365204,0.28530430793762207,0.8787454962730408,0.5704386234283447,0.0010121650993824005
00004_00032_00009_png.rf.ea892d563594cad9d6d9ae8e8c9e9780.jpg,11,0.5207697749137878,0.49633315205574036,0.6091666221618652,0.6102399230003357,0.9467899203300476
00004_00032_00009_png.rf.ea892d563594cad9d6d9ae8e8c9e9780.jpg,1,0.6889527440071106,0.4340498745441437,0.6220945715904236,0.8663424849510193,0.0019357030978426337
00004_00032_00009_png.rf.ea892d563594cad9d6d9ae8e8c9e9780.jpg,1,0.5878294706344604,0.10192110389471054,0.7781370878219604,0.20384220778942108,0.0014418892096728086
00004_00035_00005_png.rf.b222e7d3ff032a58afdfb10ad73d6911.jpg,11,0.5245749354362488,0.515600323677063,0.5537060499191284,0.5653157830238342,0.9508529305458069
00004_00035_00005_png.rf.b222e7d3ff032a58afdfb10ad73d6911.jpg,1,0.7566715478897095,0.438957154750824,0.48665693402290344,0.877914309501648,0.02556789293885231
00004_00035_00005_png.rf.b222e7d3ff032a58afdfb10ad73d6911.jpg,1,0.22919300198554993,0.40599530935287476,0.45838600397109985,0.8119906187057495,0.005748585797846317
00004_00035_00005_png.rf.b222e7d3ff032a58afdfb10ad73d6911.jpg,1,0.3272101581096649,0.4185487926006317,0.6544203162193298,0.8370975852012634,0.004607568494975567
00004_00035_00005_png.rf.b222e7d3ff032a58afdfb10ad73d6911.jpg,1,0.4555753469467163,0.4351751506328583,0.9111506938934326,0.8703503012657166,0.0025503276847302914
00004_00035_00005_png.rf.b222e7d3ff032a58afdfb10ad73d6911.jpg,1,0.1928502917289734,0.5012539029121399,0.3857005834579468,0.9974923133850098,0.0024609107058495283
00004_00035_00005_png.rf.b222e7d3ff032a58afdfb10ad73d6911.jpg,1,0.8801114559173584,0.4425410330295563,0.23956438899040222,0.8850820660591125,0.002089916495606303
00004_00035_00005_png.rf.b222e7d3ff032a58afdfb10ad73d6911.jpg,1,0.8406495451927185,0.3602102994918823,0.3187008798122406,0.7177576422691345,0.001717874314635992
00004_00035_00005_png.rf.b222e7d3ff032a58afdfb10ad73d6911.jpg,1,0.7864541411399841,0.3281501233577728,0.42709171772003174,0.6545937657356262,0.0012203087098896503
00004_00035_00005_png.rf.b222e7d3ff032a58afdfb10ad73d6911.jpg,1,0.4664447605609894,0.14334554970264435,0.9328895211219788,0.2860104441642761,0.0011030713794752955
00004_00035_00005_png.rf.b222e7d3ff032a58afdfb10ad73d6911.jpg,1,0.44808146357536316,0.09262284636497498,0.8620511889457703,0.18524569272994995,0.001048312522470951
00004_00035_00005_png.rf.b222e7d3ff032a58afdfb10ad73d6911.jpg,10,0.4558936357498169,0.07207422703504562,0.8838083744049072,0.14414845407009125,0.0010183170670643449
00004_00036_00014_png.rf.de499ca97d9e6307ab9f8e859dd43336.jpg,11,0.5213815569877625,0.5154507160186768,0.6947845816612244,0.7100688219070435,0.9448803663253784
00004_00036_00014_png.rf.de499ca97d9e6307ab9f8e859dd43336.jpg,11,0.14055287837982178,0.442232221364975,0.28110575675964355,0.8661248683929443,0.005809930618852377
00004_00036_00014_png.rf.de499ca97d9e6307ab9f8e859dd43336.jpg,10,0.2677166759967804,0.2641495168209076,0.5354333519935608,0.5282065868377686,0.004381136037409306
00004_00036_00014_png.rf.de499ca97d9e6307ab9f8e859dd43336.jpg,1,0.19701065123081207,0.4579158127307892,0.39402130246162415,0.9158316254615784,0.002898607635870576
00004_00036_00014_png.rf.de499ca97d9e6307ab9f8e859dd43336.jpg,12,0.985439121723175,0.5640459656715393,0.028685497120022774,0.3395879566669464,0.0024910045322030783
00004_00036_00014_png.rf.de499ca97d9e6307ab9f8e859dd43336.jpg,11,0.20439955592155457,0.3051961660385132,0.40879911184310913,0.6103923320770264,0.0017252268735319376
00004_00036_00014_png.rf.de499ca97d9e6307ab9f8e859dd43336.jpg,10,0.19123263657093048,0.25547802448272705,0.38246527314186096,0.5108872652053833,0.0017235571285709739
00004_00036_00014_png.rf.de499ca97d9e6307ab9f8e859dd43336.jpg,11,0.2895800769329071,0.449088990688324,0.5791601538658142,0.898177981376648,0.0017219826113432646
00004_00036_00014_png.rf.de499ca97d9e6307ab9f8e859dd43336.jpg,11,0.10871300101280212,0.43880581855773926,0.21742600202560425,0.7669495940208435,0.0015413161600008607
00004_00036_00014_png.rf.de499ca97d9e6307ab9f8e859dd43336.jpg,11,0.7274938225746155,0.43882468342781067,0.545012354850769,0.8776493668556213,0.0014576328685507178
00004_00036_00014_png.rf.de499ca97d9e6307ab9f8e859dd43336.jpg,11,0.5639116168022156,0.7188668251037598,0.8721768856048584,0.5617054104804993,0.0014287246158346534
00004_00036_00014_png.rf.de499ca97d9e6307ab9f8e859dd43336.jpg,10,0.5916450023651123,0.28090301156044006,0.8167100548744202,0.5618060231208801,0.0013817244907841086
00004_00036_00014_png.rf.de499ca97d9e6307ab9f8e859dd43336.jpg,10,0.21393214166164398,0.33639365434646606,0.42786428332328796,0.6727873086929321,0.0013772583333775401
00004_00036_00014_png.rf.de499ca97d9e6307ab9f8e859dd43336.jpg,5,0.7803478240966797,0.7052803039550781,0.4390864670276642,0.5894393920898438,0.0011787337716668844
00004_00036_00014_png.rf.de499ca97d9e6307ab9f8e859dd43336.jpg,1,0.12464915215969086,0.4790416955947876,0.2492983043193817,0.8675450682640076,0.001145969028584659
00004_00036_00014_png.rf.de499ca97d9e6307ab9f8e859dd43336.jpg,1,0.9001020789146423,0.4323107898235321,0.19968509674072266,0.8646215796470642,0.0011425877455621958
00004_00036_00014_png.rf.de499ca97d9e6307ab9f8e859dd43336.jpg,1,0.8560546040534973,0.44272342324256897,0.28789088129997253,0.8854468464851379,0.0011304030194878578
00004_00036_00029_png.rf.f55502d5bebf262101364b930e187143.jpg,11,0.501663863658905,0.4979287385940552,0.8307961225509644,0.8367303013801575,0.9455602765083313
00004_00036_00029_png.rf.f55502d5bebf262101364b930e187143.jpg,0,0.3019176721572876,0.8149095773696899,0.010159804485738277,0.02861734665930271,0.014386973343789577
00004_00037_00007_png.rf.223e842f5027e61ac59e32979ca930d6.jpg,11,0.5306699872016907,0.5107367634773254,0.5859878659248352,0.5831242799758911,0.9458340406417847
00004_00037_00007_png.rf.223e842f5027e61ac59e32979ca930d6.jpg,5,0.2330344021320343,0.22603768110275269,0.4660688042640686,0.45207536220550537,0.045641329139471054
00004_00037_00007_png.rf.223e842f5027e61ac59e32979ca930d6.jpg,1,0.840008556842804,0.4288298785686493,0.31998297572135925,0.850799024105072,0.02169652469456196
00004_00037_00007_png.rf.223e842f5027e61ac59e32979ca930d6.jpg,1,0.7474822998046875,0.42815104126930237,0.5050355195999146,0.8563020825386047,0.011235201731324196
00004_00037_00007_png.rf.223e842f5027e61ac59e32979ca930d6.jpg,1,0.8861832022666931,0.4246407151222229,0.22763369977474213,0.816956102848053,0.0021833977662026882
00004_00037_00007_png.rf.223e842f5027e61ac59e32979ca930d6.jpg,3,0.27601975202560425,0.21956418454647064,0.5520395040512085,0.4391283690929413,0.001772307208739221
00004_00038_00011_png.rf.e8a8cb47ee1d09d447e63dd630056862.jpg,11,0.5051394701004028,0.49623018503189087,0.5427918434143066,0.5732082724571228,0.9461612701416016
00004_00038_00011_png.rf.e8a8cb47ee1d09d447e63dd630056862.jpg,1,0.49419596791267395,0.22869056463241577,0.6262167692184448,0.4570632576942444,0.0010185460560023785
00004_00038_00016_png.rf.91ed21fee2978def3dd315ee735fc1c0.jpg,11,0.5285494923591614,0.49182137846946716,0.6012496948242188,0.6417942047119141,0.9524414539337158
00004_00038_00016_png.rf.91ed21fee2978def3dd315ee735fc1c0.jpg,1,0.3890111446380615,0.44703733921051025,0.778022289276123,0.8940746784210205,0.002397628268226981
00004_00038_00016_png.rf.91ed21fee2978def3dd315ee735fc1c0.jpg,1,0.8497951626777649,0.04480455070734024,0.3004097044467926,0.08960910141468048,0.0023357458412647247
00004_00038_00023_png.rf.d7f850098ec568f71506f85f920d6eb3.jpg,11,0.49705955386161804,0.518276572227478,0.6948186755180359,0.7283209562301636,0.9506808519363403
00004_00038_00023_png.rf.d7f850098ec568f71506f85f920d6eb3.jpg,12,0.06592141836881638,0.08695527911186218,0.13169848918914795,0.17391055822372437,0.0026434599421918392
00004_00038_00023_png.rf.d7f850098ec568f71506f85f920d6eb3.jpg,10,0.20312292873859406,0.2638692259788513,0.4062458574771881,0.5276249051094055,0.0016653522616252303
00004_00038_00023_png.rf.d7f850098ec568f71506f85f920d6eb3.jpg,11,0.8001752495765686,0.752748429775238,0.3992507755756378,0.4945032000541687,0.0013857900630682707
00004_00038_00023_png.rf.d7f850098ec568f71506f85f920d6eb3.jpg,10,0.06433834880590439,0.15750829875469208,0.12867669761180878,0.31501659750938416,0.001353018800728023
00004_00038_00023_png.rf.d7f850098ec568f71506f85f920d6eb3.jpg,11,0.3623437285423279,0.4677848219871521,0.7244957089424133,0.9184219837188721,0.001022016629576683
00004_00038_00023_png.rf.d7f850098ec568f71506f85f920d6eb3.jpg,10,0.08974789828062057,0.16360914707183838,0.17949579656124115,0.32707032561302185,0.001018068753182888
00004_00039_00028_png.rf.b088fe4f42e92367b13ca2fe401844ac.jpg,11,0.5071336627006531,0.49190905690193176,0.8039411902427673,0.8121954202651978,0.9424875974655151
00004_00039_00028_png.rf.b088fe4f42e92367b13ca2fe401844ac.jpg,13,0.4424140751361847,0.05386793985962868,0.015277532860636711,0.028431609272956848,0.0016065408708527684
00004_00039_00028_png.rf.b088fe4f42e92367b13ca2fe401844ac.jpg,10,0.5182306170463562,0.7355150580406189,0.9635388851165771,0.5289700031280518,0.0012154306750744581
00004_00044_00016_png.rf.21f8e05be871f651648f89b58c3f20c7.jpg,11,0.5273029208183289,0.5148250460624695,0.6852453351020813,0.7013489007949829,0.9465160965919495
00004_00046_00013_png.rf.6c04ac5c1dc478a3d929f9f1446d90b0.jpg,11,0.5156816244125366,0.5138577818870544,0.6807259917259216,0.6674227118492126,0.9445537328720093
00004_00046_00013_png.rf.6c04ac5c1dc478a3d929f9f1446d90b0.jpg,12,0.26283761858940125,0.29842543601989746,0.5256752371788025,0.5968508720397949,0.009646225720643997
00004_00046_00013_png.rf.6c04ac5c1dc478a3d929f9f1446d90b0.jpg,7,0.7061872482299805,0.7712964415550232,0.5876255631446838,0.4574070870876312,0.0011194822145625949
00004_00049_00008_png.rf.92e7b20cb3ae99c683fc6a1a09ce836b.jpg,11,0.535569429397583,0.511468231678009,0.5764293074607849,0.5734228491783142,0.9408690929412842
00004_00050_00020_png.rf.5b1bab0bf6b9284c2c1cffcbe35b12ed.jpg,11,0.4947918653488159,0.5286346077919006,0.6300296783447266,0.6409549713134766,0.9473363161087036
00004_00052_00006_png.rf.17e668414f18071d605e3327513528de.jpg,11,0.5475137829780579,0.548531174659729,0.5655184984207153,0.5375385284423828,0.9348160028457642
00004_00052_00006_png.rf.17e668414f18071d605e3327513528de.jpg,6,0.6093049645423889,0.08411262184381485,0.4918212592601776,0.1682252436876297,0.014007537625730038
00004_00052_00006_png.rf.17e668414f18071d605e3327513528de.jpg,6,0.5896024703979492,0.11488255858421326,0.533860445022583,0.2297651171684265,0.009949356317520142
00004_00052_00006_png.rf.17e668414f18071d605e3327513528de.jpg,6,0.5201075673103333,0.15168003737926483,0.7151285409927368,0.30336007475852966,0.004851867910474539
00004_00052_00006_png.rf.17e668414f18071d605e3327513528de.jpg,11,0.2704252600669861,0.42886456847190857,0.5408505201339722,0.8577291369438171,0.0014169956557452679
00004_00052_00006_png.rf.17e668414f18071d605e3327513528de.jpg,1,0.31737709045410156,0.4242446720600128,0.6347541809082031,0.8446974158287048,0.0011522300774231553
00004_00052_00016_png.rf.bfe7cf72a069a7a4347a21a300041156.jpg,11,0.5343020558357239,0.5128156542778015,0.6287895441055298,0.6296111941337585,0.9477812647819519
00004_00059_00010_png.rf.501920c3ea0f3537120f7b2835fcdc82.jpg,11,0.5024564862251282,0.5117457509040833,0.6320472359657288,0.6454564332962036,0.9432438611984253
00004_00059_00010_png.rf.501920c3ea0f3537120f7b2835fcdc82.jpg,1,0.8478411436080933,0.4453531503677368,0.30424991250038147,0.8604000210762024,0.005049908999353647
00004_00059_00010_png.rf.501920c3ea0f3537120f7b2835fcdc82.jpg,0,0.8431413769721985,0.44631654024124146,0.3137173354625702,0.8633567690849304,0.004385670647025108
00004_00059_00010_png.rf.501920c3ea0f3537120f7b2835fcdc82.jpg,5,0.5256748795509338,0.2255789339542389,0.7216004133224487,0.4509432911872864,0.003187747672200203
00004_00059_00010_png.rf.501920c3ea0f3537120f7b2835fcdc82.jpg,0,0.7651429176330566,0.46232521533966064,0.46971428394317627,0.8827974796295166,0.0027887483593076468
00004_00059_00010_png.rf.501920c3ea0f3537120f7b2835fcdc82.jpg,11,0.51461261510849,0.2523510158061981,0.7379836440086365,0.5044068098068237,0.0022022223565727472
00004_00059_00010_png.rf.501920c3ea0f3537120f7b2835fcdc82.jpg,1,0.7680030465126038,0.44139379262924194,0.4639940559864044,0.8589457273483276,0.0018732098396867514
00004_00060_00021_png.rf.eb99d667b724b14132452c88d3674738.jpg,11,0.5166829824447632,0.5256361961364746,0.7008512020111084,0.7203794717788696,0.9433118104934692
00004_00060_00021_png.rf.eb99d667b724b14132452c88d3674738.jpg,10,0.5066580772399902,0.0625661164522171,0.525020182132721,0.12503714859485626,0.0019999223295599222
00005_00000_00019_png.rf.fb70e266857ce9ceea9b772edb452ab4.jpg,12,0.5277364253997803,0.5249100923538208,0.6969367861747742,0.6990492939949036,0.9374699592590332
00005_00001_00016_png.rf.da02434245fde3214475aa75e6d4e2b6.jpg,12,0.5122143030166626,0.5558032989501953,0.5872959494590759,0.6359965205192566,0.9308403730392456
00005_00001_00016_png.rf.da02434245fde3214475aa75e6d4e2b6.jpg,1,0.5661907196044922,0.10799961537122726,0.8518673181533813,0.2157192826271057,0.0015451302751898766
00005_00001_00016_png.rf.da02434245fde3214475aa75e6d4e2b6.jpg,1,0.5478350520133972,0.15262122452259064,0.9041630029678345,0.3050687313079834,0.001227517263032496
00005_00003_00012_png.rf.77d9df57d17122641644da65c80d2f0e.jpg,12,0.5280700922012329,0.54503333568573,0.6521553993225098,0.670494019985199,0.9276826977729797
00005_00004_00005_png.rf.53f4cde1da9ac0094d8c0d9fd968beb1.jpg,12,0.5517060160636902,0.5361261963844299,0.6412009000778198,0.6326025128364563,0.9309781789779663
00005_00012_00025_png.rf.f8b1c97fbb9d575b38ad20cb4fc6e3b3.jpg,12,0.5213162302970886,0.4991424083709717,0.7939515113830566,0.7811567783355713,0.9440468549728394
00005_00012_00025_png.rf.f8b1c97fbb9d575b38ad20cb4fc6e3b3.jpg,0,0.5850472450256348,0.9846250414848328,0.017594924196600914,0.02966338023543358,0.001594115630723536
00005_00012_00025_png.rf.f8b1c97fbb9d575b38ad20cb4fc6e3b3.jpg,11,0.421220988035202,0.7561385631561279,0.842441976070404,0.48772305250167847,0.0010139945661649108
00005_00014_00005_png.rf.0e24dd3583d580dadb9d69e73a08e78c.jpg,12,0.4876917600631714,0.5028868913650513,0.5929185152053833,0.6183952689170837,0.9363918900489807
00005_00014_00005_png.rf.0e24dd3583d580dadb9d69e73a08e78c.jpg,5,0.5048857927322388,0.9284116625785828,0.6873324513435364,0.14317674934864044,0.07097802311182022
00005_00014_00005_png.rf.0e24dd3583d580dadb9d69e73a08e78c.jpg,10,0.5015985369682312,0.9349231123924255,0.6920720934867859,0.1301538050174713,0.04769875481724739
00005_00014_00005_png.rf.0e24dd3583d580dadb9d69e73a08e78c.jpg,11,0.23624762892723083,0.5002520680427551,0.4721646010875702,0.9994959831237793,0.0019102523801848292
00005_00014_00005_png.rf.0e24dd3583d580dadb9d69e73a08e78c.jpg,11,0.38112443685531616,0.5005667209625244,0.7622488737106323,0.998866617679596,0.001702936482615769
00005_00014_00005_png.rf.0e24dd3583d580dadb9d69e73a08e78c.jpg,1,0.7170482873916626,0.5,0.5659034848213196,1.0,0.0015845305752009153
00005_00014_00005_png.rf.0e24dd3583d580dadb9d69e73a08e78c.jpg,1,0.8629847764968872,0.5,0.274030476808548,1.0,0.001467973692342639
00005_00014_00005_png.rf.0e24dd3583d580dadb9d69e73a08e78c.jpg,11,0.6778165698051453,0.4805845618247986,0.6443669199943542,0.9611691236495972,0.0011988538317382336
00005_00014_00017_png.rf.ed92831e745be7167ec08c3f6d416b7d.jpg,12,0.5150730013847351,0.4846702218055725,0.6780461668968201,0.6981098651885986,0.9302223324775696
00005_00014_00017_png.rf.ed92831e745be7167ec08c3f6d416b7d.jpg,10,0.5638836622238159,0.9402862191200256,0.8120989203453064,0.11942761391401291,0.05193174630403519
00005_00016_00001_png.rf.fabe47d765e1b050e861dbb93b32167e.jpg,12,0.5346145629882812,0.539903998374939,0.581970751285553,0.5892500281333923,0.9023649096488953
00005_00016_00001_png.rf.fabe47d765e1b050e861dbb93b32167e.jpg,1,0.42438578605651855,0.45278307795524597,0.8487715721130371,0.9055661559104919,0.002323135966435075
00005_00016_00001_png.rf.fabe47d765e1b050e861dbb93b32167e.jpg,1,0.2270767092704773,0.4663216471672058,0.4541534185409546,0.9299958944320679,0.001347481505945325
00005_00044_00001_png.rf.b18c5a51d57be6cfa719c741ecba5d63.jpg,12,0.5236517786979675,0.5223763585090637,0.605851411819458,0.6614715456962585,0.9282141327857971
00005_00044_00001_png.rf.b18c5a51d57be6cfa719c741ecba5d63.jpg,6,0.6877711415290833,0.5681455731391907,0.6244577765464783,0.8637089729309082,0.005332991946488619
00005_00056_00008_png.rf.ce009bd4c68dbecc1d8f76f80550034d.jpg,12,0.5228292346000671,0.538353443145752,0.6347534656524658,0.6454797983169556,0.9353892207145691
00005_00056_00008_png.rf.ce009bd4c68dbecc1d8f76f80550034d.jpg,5,0.6137754917144775,0.18222016096115112,0.5703492164611816,0.3643878698348999,0.005996946711093187
00005_00056_00008_png.rf.ce009bd4c68dbecc1d8f76f80550034d.jpg,11,0.861740231513977,0.3629235029220581,0.27651962637901306,0.725308358669281,0.002170444466173649
00005_00056_00008_png.rf.ce009bd4c68dbecc1d8f76f80550034d.jpg,11,0.9133403897285461,0.33803460001945496,0.1733192354440689,0.6757173538208008,0.002107803476974368
00005_00056_00008_png.rf.ce009bd4c68dbecc1d8f76f80550034d.jpg,5,0.6123409271240234,0.11647745966911316,0.5449368953704834,0.23263029754161835,0.0020806151442229748
00005_00056_00008_png.rf.ce009bd4c68dbecc1d8f76f80550034d.jpg,11,0.6272436380386353,0.20803053677082062,0.6208484768867493,0.41606107354164124,0.0017121628625318408
00005_00056_00012_png.rf.1125a7436050023f0b75206acb088f2a.jpg,12,0.4970451593399048,0.5261899828910828,0.6290148496627808,0.6365437507629395,0.9267851114273071
00005_00056_00012_png.rf.1125a7436050023f0b75206acb088f2a.jpg,1,0.8815656900405884,0.44817110896110535,0.23654058575630188,0.8953998684883118,0.004040855448693037
00005_00056_00012_png.rf.1125a7436050023f0b75206acb088f2a.jpg,1,0.6833447217941284,0.44329366087913513,0.6333106160163879,0.8865873217582703,0.002073965733870864
00005_00056_00012_png.rf.1125a7436050023f0b75206acb088f2a.jpg,1,0.9200947880744934,0.45107734203338623,0.15981043875217438,0.8782079219818115,0.0013856625882908702
00005_00056_00012_png.rf.1125a7436050023f0b75206acb088f2a.jpg,1,0.8222492337226868,0.4480060935020447,0.3555017113685608,0.8960121870040894,0.001236753654666245
000069_jpg.rf.24da8297fff40a7760a8751ac763b821.jpg,7,0.44340428709983826,0.44915664196014404,0.3475744426250458,0.5095710754394531,0.944944441318512
000069_jpg.rf.24da8297fff40a7760a8751ac763b821.jpg,1,0.9767829179763794,0.26383718848228455,0.04619627818465233,0.43448692560195923,0.0016571922460570931
000069_jpg.rf.24da8297fff40a7760a8751ac763b821.jpg,1,0.9840566515922546,0.2646864950656891,0.031436629593372345,0.41410794854164124,0.0012730209855362773
000076_jpg.rf.0066537c077a3d460d354c5de1fef980.jpg,7,0.6024760007858276,0.43533381819725037,0.15948854386806488,0.21947957575321198,0.9372463822364807
000079_jpg.rf.4f001472f7893131e04b4bc151a1bbe6.jpg,7,0.47880497574806213,0.4237930476665497,0.4692874550819397,0.6405364871025085,0.9403948783874512
00007_00002_00021_png.rf.3e8282102bcbc3465886670d060ce78f.jpg,3,0.5101925730705261,0.5171029567718506,0.7926921844482422,0.8031822443008423,0.9489656686782837
00007_00016_00010_png.rf.06129e0dcd04b8601e57009dce36f893.jpg,3,0.5253616571426392,0.5058072805404663,0.6542584300041199,0.6713109612464905,0.9478599429130554
00007_00016_00010_png.rf.06129e0dcd04b8601e57009dce36f893.jpg,11,0.8550965785980225,0.1012398973107338,0.2893112003803253,0.2022189199924469,0.0022314207162708044
00007_00016_00010_png.rf.06129e0dcd04b8601e57009dce36f893.jpg,11,0.8988928198814392,0.09836983680725098,0.20221439003944397,0.1961900293827057,0.0014820470241829753
00007_00016_00010_png.rf.06129e0dcd04b8601e57009dce36f893.jpg,5,0.7096707820892334,0.07138071209192276,0.5779938101768494,0.14276142418384552,0.0014351432910189033
00007_00016_00010_png.rf.06129e0dcd04b8601e57009dce36f893.jpg,11,0.7071936130523682,0.07047777622938156,0.5764766931533813,0.14081673324108124,0.0013652608031406999
00007_00016_00010_png.rf.06129e0dcd04b8601e57009dce36f893.jpg,11,0.7597973346710205,0.0958099365234375,0.48040539026260376,0.19147726893424988,0.0012038986897096038
00007_00024_00027_png.rf.566faa37c8dd33d7cd4145572d744276.jpg,3,0.5068699717521667,0.5165345668792725,0.7551410794258118,0.7535985112190247,0.9492323994636536
00007_00024_00027_png.rf.566faa37c8dd33d7cd4145572d744276.jpg,0,0.09202825278043747,0.7780413031578064,0.040480442345142365,0.020385082811117172,0.002355394419282675
00007_00024_00027_png.rf.566faa37c8dd33d7cd4145572d744276.jpg,0,0.08258874714374542,0.7768915891647339,0.04902153089642525,0.017765559256076813,0.0012410281924530864
00007_00024_00027_png.rf.566faa37c8dd33d7cd4145572d744276.jpg,0,0.08712396770715714,0.7781883478164673,0.044860873371362686,0.023364288732409477,0.0012261734809726477
00007_00027_00020_png.rf.1c1be801a97cd5152cb9bcceaf08f5cd.jpg,3,0.5097224116325378,0.5132753252983093,0.7451686263084412,0.7336555123329163,0.9496368765830994
00007_00028_00022_png.rf.6c2e0f03a47cf5fa2fabb3ecec47124a.jpg,3,0.5336088538169861,0.5326588749885559,0.7190187573432922,0.7683240175247192,0.9423056840896606
00007_00028_00022_png.rf.6c2e0f03a47cf5fa2fabb3ecec47124a.jpg,1,0.7033309936523438,0.015159999951720238,0.03829625993967056,0.030319999903440475,0.0017958737444132566
00007_00029_00014_png.rf.cc543e257165aa17476435f594aa76d1.jpg,3,0.5305516123771667,0.5114684104919434,0.678705632686615,0.6860368847846985,0.9442984461784363
00007_00033_00014_png.rf.73a43aaa12af693eff052e2fb710db31.jpg,3,0.5581502914428711,0.512738823890686,0.6352035403251648,0.6655481457710266,0.9523657560348511
00007_00033_00014_png.rf.73a43aaa12af693eff052e2fb710db31.jpg,8,0.0695347711443901,0.468572199344635,0.1390695422887802,0.24112525582313538,0.0011719302274286747
00007_00040_00020_png.rf.845babcc2b4638d89980330cf6c5bcb2.jpg,3,0.520160973072052,0.5079105496406555,0.6579506397247314,0.6654807329177856,0.950266420841217
00007_00040_00027_png.rf.8479c71333ccd871fbed5311de8ceaf8.jpg,3,0.5287672877311707,0.5144875645637512,0.6968427300453186,0.7009942531585693,0.9500359296798706
00007_00041_00000_png.rf.45f1f53954863a0d12d1cd00c092939b.jpg,3,0.5538477897644043,0.5466416478157043,0.5624986290931702,0.5840300917625427,0.848203182220459
00007_00041_00000_png.rf.45f1f53954863a0d12d1cd00c092939b.jpg,10,0.7107842564582825,0.4434838891029358,0.5784315466880798,0.8869677782058716,0.014055364765226841
00007_00041_00000_png.rf.45f1f53954863a0d12d1cd00c092939b.jpg,1,0.20090028643608093,0.35579991340637207,0.40180057287216187,0.7103255391120911,0.005471557378768921
00007_00041_00000_png.rf.45f1f53954863a0d12d1cd00c092939b.jpg,1,0.8997320532798767,0.3324487507343292,0.20043322443962097,0.6641011238098145,0.0036597680300474167
00007_00041_00000_png.rf.45f1f53954863a0d12d1cd00c092939b.jpg,10,0.838532030582428,0.44270098209381104,0.3229359984397888,0.8824521899223328,0.003626422258093953
00007_00041_00000_png.rf.45f1f53954863a0d12d1cd00c092939b.jpg,1,0.6265166401863098,0.2426905483007431,0.7403544783592224,0.48515185713768005,0.0034995232708752155
00007_00041_00000_png.rf.45f1f53954863a0d12d1cd00c092939b.jpg,1,0.8486027121543884,0.33537060022354126,0.3027946949005127,0.6702690124511719,0.002301859436556697
00007_00041_00000_png.rf.45f1f53954863a0d12d1cd00c092939b.jpg,1,0.6316261291503906,0.16292330622673035,0.7329873442649841,0.3258466124534607,0.0016169471200555563
00007_00041_00000_png.rf.45f1f53954863a0d12d1cd00c092939b.jpg,1,0.2099379599094391,0.5,0.41986653208732605,1.0,0.0014164176536723971
00007_00041_00000_png.rf.45f1f53954863a0d12d1cd00c092939b.jpg,1,0.7628779411315918,0.507152259349823,0.47424420714378357,0.9856956005096436,0.0012672293232753873
00007_00041_00000_png.rf.45f1f53954863a0d12d1cd00c092939b.jpg,1,0.29452648758888245,0.3622324466705322,0.5890529751777649,0.7243250608444214,0.0011209170334041119
00007_00041_00000_png.rf.45f1f53954863a0d12d1cd00c092939b.jpg,1,0.9216046333312988,0.27611202001571655,0.15679088234901428,0.5518648028373718,0.001117189065553248
00007_00041_00000_png.rf.45f1f53954863a0d12d1cd00c092939b.jpg,1,0.9235162138938904,0.41861245036125183,0.15296760201454163,0.8273724317550659,0.0010961382649838924
00007_00041_00000_png.rf.45f1f53954863a0d12d1cd00c092939b.jpg,1,0.12665937840938568,0.5040114521980286,0.25315508246421814,0.9919772148132324,0.0010803054319694638
00007_00041_00002_png.rf.02df629489fd7c902fdbd6c1dd2f78ae.jpg,3,0.5446540713310242,0.5256869196891785,0.5700037479400635,0.5751364827156067,0.915816068649292
00007_00041_00002_png.rf.02df629489fd7c902fdbd6c1dd2f78ae.jpg,1,0.29664912819862366,0.35560551285743713,0.5932982563972473,0.7112053036689758,0.001233366783708334
00007_00041_00002_png.rf.02df629489fd7c902fdbd6c1dd2f78ae.jpg,1,0.15775783360004425,0.3488742411136627,0.3155156672000885,0.6972845792770386,0.0012238386552780867
00007_00041_00002_png.rf.02df629489fd7c902fdbd6c1dd2f78ae.jpg,1,0.5183555483818054,0.23852714896202087,0.8376086354255676,0.47650620341300964,0.001039814087562263
00007_00042_00000_png.rf.b6fa9ef6ce63f92b01992d4ea8d63f5a.jpg,3,0.5064117312431335,0.524133026599884,0.5973182916641235,0.5883236527442932,0.9292311072349548
00007_00042_00000_png.rf.b6fa9ef6ce63f92b01992d4ea8d63f5a.jpg,5,0.2147694081068039,0.3912138342857361,0.4295388162136078,0.77413010597229,0.004862846340984106
00007_00042_00000_png.rf.b6fa9ef6ce63f92b01992d4ea8d63f5a.jpg,11,0.6843715310096741,0.4341217577457428,0.6312569975852966,0.8682435154914856,0.004036836791783571
00007_00042_00000_png.rf.b6fa9ef6ce63f92b01992d4ea8d63f5a.jpg,1,0.2998504340648651,0.44083330035209656,0.5997008681297302,0.8785090446472168,0.0031706627923995256
00007_00042_00000_png.rf.b6fa9ef6ce63f92b01992d4ea8d63f5a.jpg,1,0.9232150316238403,0.4996592402458191,0.15357010066509247,0.7280101180076599,0.0016505536623299122
00007_00042_00000_png.rf.b6fa9ef6ce63f92b01992d4ea8d63f5a.jpg,9,0.4585072100162506,0.3508664667606354,0.9170144200325012,0.7013043761253357,0.0016110336873680353
00007_00042_00000_png.rf.b6fa9ef6ce63f92b01992d4ea8d63f5a.jpg,1,0.17004024982452393,0.42485547065734863,0.34008049964904785,0.7449866533279419,0.0013452529674395919
00007_00042_00000_png.rf.b6fa9ef6ce63f92b01992d4ea8d63f5a.jpg,5,0.31967681646347046,0.40197569131851196,0.6393536329269409,0.7906157970428467,0.0011741314083337784
00007_00042_00000_png.rf.b6fa9ef6ce63f92b01992d4ea8d63f5a.jpg,11,0.8603307604789734,0.12668339908123016,0.2784649133682251,0.25327250361442566,0.0011634955881163478
00007_00042_00000_png.rf.b6fa9ef6ce63f92b01992d4ea8d63f5a.jpg,11,0.17621387541294098,0.4231596887111664,0.35242775082588196,0.6540728807449341,0.0010442774510011077
00007_00042_00000_png.rf.b6fa9ef6ce63f92b01992d4ea8d63f5a.jpg,10,0.466547429561615,0.38131728768348694,0.93309485912323,0.7626345753669739,0.0010320206638425589
00007_00043_00010_png.rf.b292148f880510d6254fec1a3d3bed44.jpg,3,0.5113603472709656,0.5200166702270508,0.6255055665969849,0.6374379396438599,0.9528459310531616
00007_00043_00010_png.rf.b292148f880510d6254fec1a3d3bed44.jpg,11,0.7124951481819153,0.5320289731025696,0.5750097632408142,0.9183456301689148,0.009209457784891129
00007_00043_00010_png.rf.b292148f880510d6254fec1a3d3bed44.jpg,11,0.8736738562583923,0.511985182762146,0.25265246629714966,0.8472206592559814,0.0018567991210147738
00007_00043_00010_png.rf.b292148f880510d6254fec1a3d3bed44.jpg,11,0.7936939597129822,0.5260946750640869,0.4126122295856476,0.8757889270782471,0.0016967462142929435
00007_00043_00010_png.rf.b292148f880510d6254fec1a3d3bed44.jpg,11,0.40927690267562866,0.518883466720581,0.8180762529373169,0.8874407410621643,0.0015916288830339909
000080_jpg.rf.254656b428b79e343e536f6ee51a24fc.jpg,7,0.7430842518806458,0.3756107687950134,0.38575464487075806,0.5212762951850891,0.9433882236480713
000086_jpg.rf.b654137b1cae075367f483dd2b5bac85.jpg,7,0.3170928359031677,0.4842912554740906,0.4610061049461365,0.616736650466919,0.9319296479225159
00008_00003_00002_png.rf.70816dfa48b29ed84d1abcb9bb09bf70.jpg,5,0.5700832605361938,0.5396312475204468,0.5342036485671997,0.5423053503036499,0.950873851776123
00008_00003_00002_png.rf.70816dfa48b29ed84d1abcb9bb09bf70.jpg,10,0.5688613057136536,0.9247826933860779,0.6105597019195557,0.15043464303016663,0.11122871190309525
00008_00003_00002_png.rf.70816dfa48b29ed84d1abcb9bb09bf70.jpg,1,0.10385093092918396,0.413418173789978,0.2072899490594864,0.82436203956604,0.0213161613792181
00008_00003_00002_png.rf.70816dfa48b29ed84d1abcb9bb09bf70.jpg,1,0.1651577651500702,0.4124886095523834,0.3303155303001404,0.8216081261634827,0.009289114736020565
00008_00003_00002_png.rf.70816dfa48b29ed84d1abcb9bb09bf70.jpg,1,0.07197017967700958,0.40317222476005554,0.14394035935401917,0.8063444495201111,0.006378842052072287
00008_00003_00002_png.rf.70816dfa48b29ed84d1abcb9bb09bf70.jpg,1,0.06118754297494888,0.43742915987968445,0.12237508594989777,0.6518873572349548,0.002821478759869933
00008_00003_00002_png.rf.70816dfa48b29ed84d1abcb9bb09bf70.jpg,0,0.11471167206764221,0.39864930510520935,0.22942334413528442,0.7949682474136353,0.0023632419761270285
00008_00003_00002_png.rf.70816dfa48b29ed84d1abcb9bb09bf70.jpg,0,0.15416358411312103,0.49641507863998413,0.30832716822624207,0.9874780178070068,0.0018158219754695892
00008_00003_00002_png.rf.70816dfa48b29ed84d1abcb9bb09bf70.jpg,10,0.6124967932701111,0.9006884694099426,0.7750065326690674,0.19862307608127594,0.0015191647689789534
00008_00003_00002_png.rf.70816dfa48b29ed84d1abcb9bb09bf70.jpg,0,0.13773474097251892,0.3091280460357666,0.27546948194503784,0.6182560920715332,0.0010854643769562244
00008_00003_00002_png.rf.70816dfa48b29ed84d1abcb9bb09bf70.jpg,0,0.08879555761814117,0.3358413279056549,0.17759111523628235,0.6703732013702393,0.0010087749687954783
00008_00004_00016_png.rf.3ba26e964ab9827715594ec40609937e.jpg,5,0.5160802602767944,0.5083611607551575,0.6787935495376587,0.705674946308136,0.9502036571502686
00008_00004_00016_png.rf.3ba26e964ab9827715594ec40609937e.jpg,1,0.1656501293182373,0.3751298487186432,0.3313002586364746,0.7500566840171814,0.0011976942187175155
00008_00005_00014_png.rf.31eccab502c0a10e9e32f0718618105e.jpg,5,0.517670750617981,0.5098589658737183,0.6911256909370422,0.6865223050117493,0.9490089416503906
00008_00005_00014_png.rf.31eccab502c0a10e9e32f0718618105e.jpg,5,0.5043686032295227,0.9427635669708252,0.9463209509849548,0.1144729033112526,0.002958228811621666
00008_00006_00026_png.rf.cb433297defc6e2a91fd89685c39f39f.jpg,5,0.5180146098136902,0.529242753982544,0.7132825255393982,0.7157785296440125,0.9515779614448547
00008_00006_00026_png.rf.cb433297defc6e2a91fd89685c39f39f.jpg,10,0.6196786165237427,0.23670931160449982,0.7606428265571594,0.47302982211112976,0.009909444488584995
00008_00006_00026_png.rf.cb433297defc6e2a91fd89685c39f39f.jpg,5,0.5703726410865784,0.23914524912834167,0.859254777431488,0.47829049825668335,0.00862769316881895
00008_00006_00026_png.rf.cb433297defc6e2a91fd89685c39f39f.jpg,10,0.5097730755805969,0.1117437556385994,0.6171911358833313,0.2232450246810913,0.007507151458412409
00008_00006_00026_png.rf.cb433297defc6e2a91fd89685c39f39f.jpg,11,0.8222222924232483,0.2556163966655731,0.35552069544792175,0.5112327933311462,0.005598046816885471
00008_00006_00026_png.rf.cb433297defc6e2a91fd89685c39f39f.jpg,10,0.8058428168296814,0.24832992255687714,0.38831445574760437,0.4966598451137543,0.004006810951977968
00008_00006_00026_png.rf.cb433297defc6e2a91fd89685c39f39f.jpg,10,0.5259175896644592,0.17841820418834686,0.6732559204101562,0.3568364083766937,0.003862589132040739
00008_00006_00026_png.rf.cb433297defc6e2a91fd89685c39f39f.jpg,10,0.21679283678531647,0.2765161097049713,0.43358567357063293,0.5528973937034607,0.0030080601572990417
00008_00006_00026_png.rf.cb433297defc6e2a91fd89685c39f39f.jpg,12,0.04468327388167381,0.6724375486373901,0.08936306834220886,0.2648455500602722,0.0025312653742730618
00008_00006_00026_png.rf.cb433297defc6e2a91fd89685c39f39f.jpg,11,0.18283307552337646,0.248329296708107,0.36566615104675293,0.4966318905353546,0.002384419785812497
00008_00006_00026_png.rf.cb433297defc6e2a91fd89685c39f39f.jpg,10,0.7398170828819275,0.21988795697689056,0.5203658938407898,0.43977591395378113,0.001511244336143136
00008_00006_00026_png.rf.cb433297defc6e2a91fd89685c39f39f.jpg,5,0.5226957201957703,0.14878766238689423,0.6962823867797852,0.2974398732185364,0.0013208204181864858
00008_00006_00026_png.rf.cb433297defc6e2a91fd89685c39f39f.jpg,11,0.532248318195343,0.19655661284923553,0.720434308052063,0.3925941288471222,0.0012648272095248103
00008_00006_00026_png.rf.cb433297defc6e2a91fd89685c39f39f.jpg,11,0.31431859731674194,0.48934489488601685,0.6286371946334839,0.9786897897720337,0.0012269339058548212
00008_00006_00026_png.rf.cb433297defc6e2a91fd89685c39f39f.jpg,11,0.8970059752464294,0.4364193081855774,0.20598800480365753,0.8728386163711548,0.0010102810338139534
00008_00007_00009_png.rf.8289199643586993b107ff888e950eab.jpg,5,0.5887739062309265,0.5193283557891846,0.6028293371200562,0.6100804209709167,0.9492713212966919
00008_00007_00009_png.rf.8289199643586993b107ff888e950eab.jpg,5,0.6131479144096375,0.9271019101142883,0.6543192267417908,0.14579619467258453,0.36696162819862366
00008_00007_00009_png.rf.8289199643586993b107ff888e950eab.jpg,10,0.5985093116760254,0.9312593340873718,0.6101089715957642,0.13748140633106232,0.03927605599164963
00008_00007_00009_png.rf.8289199643586993b107ff888e950eab.jpg,1,0.35829171538352966,0.45106595754623413,0.7165834307670593,0.9021319150924683,0.0028497250750660896
00008_00007_00009_png.rf.8289199643586993b107ff888e950eab.jpg,9,0.38456830382347107,0.33629918098449707,0.03849143534898758,0.05917384475469589,0.0020231648813933134
00008_00007_00010_png.rf.d2dc382f864442f6d8551cc9f41e0bc7.jpg,5,0.5708950161933899,0.5172380208969116,0.5958927273750305,0.617226243019104,0.9486558437347412
00008_00007_00010_png.rf.d2dc382f864442f6d8551cc9f41e0bc7.jpg,5,0.5750237703323364,0.9356269240379333,0.6441999077796936,0.1287461817264557,0.3483871519565582
00008_00007_00010_png.rf.d2dc382f864442f6d8551cc9f41e0bc7.jpg,10,0.5531529188156128,0.934278130531311,0.6128683090209961,0.13144376873970032,0.055366963148117065
00008_00007_00010_png.rf.d2dc382f864442f6d8551cc9f41e0bc7.jpg,5,0.5753340125083923,0.9315829277038574,0.5928463935852051,0.13683421909809113,0.0055761197581887245
00008_00007_00010_png.rf.d2dc382f864442f6d8551cc9f41e0bc7.jpg,1,0.25461345911026,0.4398166835308075,0.50922691822052,0.8785200715065002,0.0013863364001736045
00008_00007_00010_png.rf.d2dc382f864442f6d8551cc9f41e0bc7.jpg,1,0.568188488483429,0.1187385842204094,0.8262396454811096,0.23706704378128052,0.0012106986250728369
00008_00007_00010_png.rf.d2dc382f864442f6d8551cc9f41e0bc7.jpg,8,0.5616114139556885,0.9312503933906555,0.5238696336746216,0.12734949588775635,0.0010752067901194096
00008_00009_00012_png.rf.fa47f1ade7b6ffafc8c23e106e4ec0a9.jpg,5,0.5227178931236267,0.5144883990287781,0.6018980145454407,0.6163673400878906,0.9468973278999329
00008_00009_00012_png.rf.fa47f1ade7b6ffafc8c23e106e4ec0a9.jpg,5,0.5344535112380981,0.9256307482719421,0.6384249925613403,0.1487385779619217,0.24242889881134033
00008_00011_00006_png.rf.416887ff8fd6e24fc585ce1838c632a4.jpg,5,0.5032243132591248,0.5334840416908264,0.5651642680168152,0.5726092457771301,0.9549800753593445
00008_00011_00006_png.rf.416887ff8fd6e24fc585ce1838c632a4.jpg,5,0.51307213306427,0.9298794269561768,0.5614193677902222,0.14024119079113007,0.1777963787317276
00008_00011_00006_png.rf.416887ff8fd6e24fc585ce1838c632a4.jpg,5,0.5834318995475769,0.908904492855072,0.7644127011299133,0.18219104409217834,0.003289006417617202
00008_00011_00006_png.rf.416887ff8fd6e24fc585ce1838c632a4.jpg,5,0.5846165418624878,0.7672143578529358,0.8307669758796692,0.4655713438987732,0.001203074469231069
00008_00011_00006_png.rf.416887ff8fd6e24fc585ce1838c632a4.jpg,1,0.8789547681808472,0.4620814025402069,0.24174895882606506,0.9241628050804138,0.0011780064087361097
00008_00012_00022_png.rf.a76810c64a1c1a3def5cc808bb562890.jpg,5,0.5178565979003906,0.5130367875099182,0.7441442608833313,0.7586120963096619,0.9498586058616638
00008_00014_00012_png.rf.a62ba5f792b061df92e0177a04931c7b.jpg,5,0.5089871883392334,0.5278213620185852,0.6592276096343994,0.6364844441413879,0.9457330703735352
00008_00019_00004_png.rf.b716b893116e783e1bd33e79d972b5ae.jpg,5,0.5376771688461304,0.5434305667877197,0.5896787643432617,0.6111882925033569,0.9422434568405151
00008_00019_00004_png.rf.b716b893116e783e1bd33e79d972b5ae.jpg,1,0.7793543934822083,0.802227795124054,0.021755293011665344,0.013237366452813148,0.008374238386750221
00008_00019_00004_png.rf.b716b893116e783e1bd33e79d972b5ae.jpg,1,0.7827273607254028,0.802289605140686,0.027710694819688797,0.01677938736975193,0.004359348677098751
00008_00019_00004_png.rf.b716b893116e783e1bd33e79d972b5ae.jpg,9,0.3297835886478424,0.6729491353034973,0.04164288565516472,0.09866517037153244,0.002674379153177142
00008_00020_00007_png.rf.956ee64b06ed8ea4354a07ebb0c979a1.jpg,5,0.5376479029655457,0.5271382331848145,0.5822596549987793,0.6018916368484497,0.9491028785705566
00008_00020_00007_png.rf.956ee64b06ed8ea4354a07ebb0c979a1.jpg,1,0.5734992027282715,0.13605846464633942,0.8265724778175354,0.2719835340976715,0.0027207289822399616
00008_00020_00015_png.rf.1815b3c75c86dd9d26141470c0c8542b.jpg,5,0.5189620852470398,0.518905520439148,0.5429576635360718,0.5557236671447754,0.9468901753425598
00008_00020_00015_png.rf.1815b3c75c86dd9d26141470c0c8542b.jpg,8,0.044511646032333374,0.8905662894248962,0.08902329206466675,0.21806997060775757,0.0014175915857777
00008_00034_00008_png.rf.811d6bdaab24c4e03281dd023835def5.jpg,5,0.5375840663909912,0.5013597011566162,0.5988591313362122,0.600393533706665,0.9501510262489319
00008_00034_00008_png.rf.811d6bdaab24c4e03281dd023835def5.jpg,10,0.5327256917953491,0.9146513938903809,0.6055023074150085,0.17069728672504425,0.451589435338974
00008_00034_00008_png.rf.811d6bdaab24c4e03281dd023835def5.jpg,0,0.9798869490623474,0.9195687770843506,0.039122361689805984,0.16086263954639435,0.004875600337982178
00008_00034_00008_png.rf.811d6bdaab24c4e03281dd023835def5.jpg,1,0.14286421239376068,0.017604302614927292,0.04168357327580452,0.035208605229854584,0.001763869309797883
00008_00043_00018_png.rf.cb403d912587a88325e095df6ab3f1df.jpg,5,0.528357982635498,0.5425898432731628,0.6562513709068298,0.6848766803741455,0.9507725238800049
00008_00043_00018_png.rf.cb403d912587a88325e095df6ab3f1df.jpg,1,0.6008345484733582,0.16091814637184143,0.7441007494926453,0.32183629274368286,0.001126214861869812
00008_00045_00006_png.rf.04585cc625839dc38c94a4357ec9d19c.jpg,5,0.528421938419342,0.5129492878913879,0.6238218545913696,0.6619510054588318,0.9469245076179504
00008_00045_00006_png.rf.04585cc625839dc38c94a4357ec9d19c.jpg,5,0.5456109642982483,0.9462016820907593,0.768948495388031,0.10759669542312622,0.009662702679634094
00008_00045_00006_png.rf.04585cc625839dc38c94a4357ec9d19c.jpg,10,0.5399633049964905,0.9492371082305908,0.7165961861610413,0.10152575373649597,0.008678643964231014
00008_00045_00006_png.rf.04585cc625839dc38c94a4357ec9d19c.jpg,0,0.11734158545732498,0.4915367364883423,0.23468317091464996,0.9830734729766846,0.0012257401831448078
00008_00046_00015_png.rf.fca28beca2d7c7a733ca865755be6dbc.jpg,5,0.5302909016609192,0.5135276317596436,0.6735314130783081,0.6922976970672607,0.9508284330368042
000091_jpg.rf.9762d3529d876b77e9d99aa8027e449c.jpg,7,0.4708234667778015,0.49391672015190125,0.5777019262313843,0.8028276562690735,0.9328343272209167
000099_jpg.rf.cc64c31e94947e188ec07796f1f590a2.jpg,7,0.6540256142616272,0.40305665135383606,0.4787155091762543,0.8025522828102112,0.939997136592865
000099_jpg.rf.cc64c31e94947e188ec07796f1f590a2.jpg,1,0.6106445789337158,0.15184439718723297,0.008657712489366531,0.014338310807943344,0.0029420319478958845
000099_jpg.rf.cc64c31e94947e188ec07796f1f590a2.jpg,0,0.10858798772096634,0.4839678108692169,0.21717597544193268,0.9679356217384338,0.0015013995580375195
000099_jpg.rf.cc64c31e94947e188ec07796f1f590a2.jpg,0,0.004922745283693075,0.15784631669521332,0.009335936978459358,0.09197083115577698,0.0011210755910724401
000099_jpg.rf.cc64c31e94947e188ec07796f1f590a2.jpg,0,0.007564233615994453,0.15607984364032745,0.015128467231988907,0.14230182766914368,0.0010777099523693323
000100_jpg.rf.8948ed8c132dae637b8dde18d0c5be7b.jpg,9,0.7222216725349426,0.2233431488275528,0.17567232251167297,0.2243586778640747,0.9015487432479858
000100_jpg.rf.8948ed8c132dae637b8dde18d0c5be7b.jpg,1,0.9211301207542419,0.9917048215866089,0.115971639752388,0.016590338200330734,0.002026747679337859
000117_jpg.rf.c63f6b715b912a6e219500db2c4dd6fc.jpg,9,0.39061781764030457,0.452176958322525,0.3023513853549957,0.21303236484527588,0.8709025979042053
000117_jpg.rf.c63f6b715b912a6e219500db2c4dd6fc.jpg,7,0.3941012918949127,0.4502269923686981,0.30165693163871765,0.21721437573432922,0.06132934242486954
000117_jpg.rf.c63f6b715b912a6e219500db2c4dd6fc.jpg,0,0.300881028175354,0.7094882130622864,0.015856174752116203,0.010233879089355469,0.028911495581269264
000117_jpg.rf.c63f6b715b912a6e219500db2c4dd6fc.jpg,0,0.3282737135887146,0.7102834582328796,0.01612802781164646,0.0098748579621315,0.006671130657196045
000117_jpg.rf.c63f6b715b912a6e219500db2c4dd6fc.jpg,1,0.22537477314472198,0.7518069744110107,0.010307807475328445,0.007477540522813797,0.00520768528804183
000117_jpg.rf.c63f6b715b912a6e219500db2c4dd6fc.jpg,0,0.30575060844421387,0.7084898352622986,0.01922517642378807,0.015016922727227211,0.00274894991889596
000117_jpg.rf.c63f6b715b912a6e219500db2c4dd6fc.jpg,0,0.3291665017604828,0.7103667259216309,0.01958935149013996,0.015214333310723305,0.0012603327631950378
000121_jpg.rf.c26ea4c0be18ece889414f12976c49f2.jpg,9,0.5034413933753967,0.25126326084136963,0.2523808181285858,0.3539543151855469,0.9004469513893127
000121_jpg.rf.c26ea4c0be18ece889414f12976c49f2.jpg,0,0.9649943113327026,0.5415744185447693,0.013936776667833328,0.012035369873046875,0.0021508776117116213
000121_jpg.rf.c26ea4c0be18ece889414f12976c49f2.jpg,0,0.7839072346687317,0.7860163450241089,0.019919542595744133,0.013598148711025715,0.0012326198630034924
000121_jpg.rf.c26ea4c0be18ece889414f12976c49f2.jpg,3,0.36308741569519043,0.664405107498169,0.1519746035337448,0.21160893142223358,0.0012066236231476068
000121_jpg.rf.c26ea4c0be18ece889414f12976c49f2.jpg,0,0.14308521151542664,0.23591244220733643,0.03206310793757439,0.021751917898654938,0.0012055695988237858
000121_jpg.rf.c26ea4c0be18ece889414f12976c49f2.jpg,0,0.7844216823577881,0.7862861752510071,0.024886352941393852,0.018652770668268204,0.0011149165220558643
000129_jpg.rf.549b104a7fd5f8171f046d77ca7ddae7.jpg,9,0.6470510363578796,0.5270872116088867,0.5480999946594238,0.5744002461433411,0.9044748544692993
000130_jpg.rf.21da097324e3450bb8ab634399961e84.jpg,9,0.4926905333995819,0.3663269281387329,0.25618332624435425,0.17944076657295227,0.8553301692008972
000130_jpg.rf.21da097324e3450bb8ab634399961e84.jpg,9,0.5467720031738281,0.3281029760837555,0.9013230800628662,0.656205952167511,0.0044775186106562614
000130_jpg.rf.21da097324e3450bb8ab634399961e84.jpg,10,0.6105681657791138,0.345257967710495,0.775665283203125,0.6890064477920532,0.0037913203705102205
000130_jpg.rf.21da097324e3450bb8ab634399961e84.jpg,11,0.5961287617683411,0.3461032509803772,0.805256724357605,0.6912014484405518,0.0030019672121852636
000130_jpg.rf.21da097324e3450bb8ab634399961e84.jpg,14,0.4166796803474426,0.2246163934469223,0.1082318052649498,0.1520998328924179,0.0018627438694238663
000130_jpg.rf.21da097324e3450bb8ab634399961e84.jpg,0,0.44428136944770813,0.007625635247677565,0.0775143951177597,0.01525127049535513,0.0018317934591323137
000130_jpg.rf.21da097324e3450bb8ab634399961e84.jpg,0,0.43506914377212524,0.007741009816527367,0.05332748964428902,0.01547978911548853,0.0015485914191231132
000130_jpg.rf.21da097324e3450bb8ab634399961e84.jpg,14,0.42232999205589294,0.46494218707084656,0.8446599841117859,0.9259353876113892,0.001509862719103694
000130_jpg.rf.21da097324e3450bb8ab634399961e84.jpg,0,0.35832005739212036,0.7788141965866089,0.027154777199029922,0.018748870119452477,0.001431759214028716
000130_jpg.rf.21da097324e3450bb8ab634399961e84.jpg,0,0.4462389051914215,0.010922189801931381,0.08107387274503708,0.021447796374559402,0.0013581274542957544
000130_jpg.rf.21da097324e3450bb8ab634399961e84.jpg,0,0.7658663988113403,0.600311815738678,0.018181361258029938,0.014615132473409176,0.0012924690963700414
000130_jpg.rf.21da097324e3450bb8ab634399961e84.jpg,0,0.38036060333251953,0.12156739830970764,0.018393296748399734,0.01559474878013134,0.0010060190688818693
000132_jpg.rf.6da2ad3a8754fb97cfa5a54b1fa794dd.jpg,9,0.35708990693092346,0.29643651843070984,0.23118358850479126,0.20599964261054993,0.9156750440597534
000132_jpg.rf.6da2ad3a8754fb97cfa5a54b1fa794dd.jpg,0,0.85733562707901,0.9295141696929932,0.02415231615304947,0.01810954324901104,0.002953300718218088
000132_jpg.rf.6da2ad3a8754fb97cfa5a54b1fa794dd.jpg,0,0.17428083717823029,0.779059886932373,0.017565011978149414,0.01522445771843195,0.001696973224170506
000132_jpg.rf.6da2ad3a8754fb97cfa5a54b1fa794dd.jpg,0,0.635662853717804,0.1339567005634308,0.029692796990275383,0.02004035748541355,0.0013177539221942425
000132_jpg.rf.6da2ad3a8754fb97cfa5a54b1fa794dd.jpg,0,0.761520266532898,0.770796537399292,0.027603810653090477,0.015030641108751297,0.0011036046780645847
000145_jpg.rf.e37be0ff8c6d10e897956e8599346f71.jpg,9,0.4968431293964386,0.38087475299835205,0.7897493243217468,0.5317643284797668,0.905868411064148
000147_jpg.rf.bca55a14814a6d3a2554145932eb5490.jpg,9,0.5102022886276245,0.15390297770500183,0.37509390711784363,0.1746419072151184,0.8245469331741333
000147_jpg.rf.bca55a14814a6d3a2554145932eb5490.jpg,1,0.2360595166683197,0.5007012486457825,0.4721190333366394,0.9985976219177246,0.0010600029490888119
00014_00001_00006_png.rf.98b02c00237d76518ece14a1bdc194e9.jpg,14,0.5126299858093262,0.5123345851898193,0.6618151664733887,0.6782705783843994,0.9389018416404724
00014_00001_00006_png.rf.98b02c00237d76518ece14a1bdc194e9.jpg,14,0.9074624180793762,0.38430285453796387,0.18507517874240875,0.7686057090759277,0.002705234568566084
00014_00001_00009_png.rf.e13fd9f6dce4c523d54929047f528a21.jpg,14,0.5128024816513062,0.5166173577308655,0.7040687203407288,0.7224320769309998,0.9460325837135315
00014_00001_00009_png.rf.e13fd9f6dce4c523d54929047f528a21.jpg,12,0.08658938854932785,0.04303688555955887,0.1729319542646408,0.08607377111911774,0.007556654512882233
00014_00001_00009_png.rf.e13fd9f6dce4c523d54929047f528a21.jpg,10,0.10560402274131775,0.04406508430838585,0.2106783092021942,0.0881301686167717,0.004041742067784071
00014_00001_00009_png.rf.e13fd9f6dce4c523d54929047f528a21.jpg,8,0.08710721880197525,0.03772407025098801,0.1734340786933899,0.07466217130422592,0.003981742542237043
00014_00001_00009_png.rf.e13fd9f6dce4c523d54929047f528a21.jpg,1,0.10855177044868469,0.03776707127690315,0.21710354089736938,0.07516411691904068,0.002346782246604562
00014_00001_00009_png.rf.e13fd9f6dce4c523d54929047f528a21.jpg,11,0.08847059309482574,0.0422137975692749,0.1769411861896515,0.08440700173377991,0.0014289000537246466
00014_00001_00011_png.rf.3484d601f5012f5329eece492b0e69fa.jpg,14,0.5275895595550537,0.5266566276550293,0.7194489240646362,0.7589686512947083,0.9370052814483643
00014_00001_00019_png.rf.b23da2fc3bd75fcd44441c5f1e724952.jpg,14,0.5149502754211426,0.5049036741256714,0.8295193314552307,0.8370672464370728,0.9468886852264404
00014_00001_00019_png.rf.b23da2fc3bd75fcd44441c5f1e724952.jpg,1,0.9681738615036011,0.008586744777858257,0.06362952291965485,0.017173489555716515,0.008649829775094986
00014_00001_00019_png.rf.b23da2fc3bd75fcd44441c5f1e724952.jpg,0,0.5447612404823303,0.9558658003807068,0.16763320565223694,0.08826842904090881,0.007612674497067928
00014_00001_00019_png.rf.b23da2fc3bd75fcd44441c5f1e724952.jpg,1,0.9624618291854858,0.008137455210089684,0.04477068409323692,0.016075503081083298,0.0018067273776978254
00014_00001_00019_png.rf.b23da2fc3bd75fcd44441c5f1e724952.jpg,1,0.08218538761138916,0.4174748957157135,0.16437077522277832,0.7635729908943176,0.001716373604722321
00014_00001_00019_png.rf.b23da2fc3bd75fcd44441c5f1e724952.jpg,1,0.9540244340896606,0.009233309887349606,0.06232423335313797,0.01846661977469921,0.0012571687111631036
00014_00001_00019_png.rf.b23da2fc3bd75fcd44441c5f1e724952.jpg,11,0.7989166378974915,0.4723913073539734,0.4020980894565582,0.9426453113555908,0.0010994550539180636
00014_00002_00029_png.rf.39fe8d27d845bd7b01172c8fe6e4f766.jpg,14,0.5105910301208496,0.4988955855369568,0.8162996768951416,0.8169466257095337,0.948982834815979
00014_00002_00029_png.rf.39fe8d27d845bd7b01172c8fe6e4f766.jpg,0,0.5323686599731445,0.969261646270752,0.21338148415088654,0.06126455217599869,0.00180214608553797
00014_00003_00001_png.rf.54c82cd619fe6dfe68ff0e9d0de201bd.jpg,14,0.5344043374061584,0.5193381309509277,0.712815523147583,0.7345802187919617,0.9392308592796326
00014_00003_00007_png.rf.4a4b5bfabfe079ec34b2bf1142a0461b.jpg,14,0.5178586840629578,0.4897066056728363,0.774494469165802,0.7935963869094849,0.9427193403244019
00014_00003_00007_png.rf.4a4b5bfabfe079ec34b2bf1142a0461b.jpg,14,0.426103413105011,0.7705184817314148,0.852206826210022,0.45896315574645996,0.001034530345350504
00014_00003_00009_png.rf.1e49e9f368c48bc8051b5d9f131171c3.jpg,14,0.532508373260498,0.5091902017593384,0.7581906318664551,0.8189244866371155,0.944748044013977
00014_00004_00010_png.rf.d35020e5fb797eed8b025b0dca4fe434.jpg,14,0.5147644281387329,0.5307300686836243,0.7700091600418091,0.7452953457832336,0.9407371878623962
00014_00004_00010_png.rf.d35020e5fb797eed8b025b0dca4fe434.jpg,14,0.48819953203201294,0.7184869050979614,0.9763990640640259,0.5630262494087219,0.006081705912947655
00014_00004_00020_png.rf.e3b35f3ca153fde99af4db4a67d2a564.jpg,14,0.5138824582099915,0.5095683932304382,0.8276188373565674,0.8283807039260864,0.9428989291191101
00014_00004_00020_png.rf.e3b35f3ca153fde99af4db4a67d2a564.jpg,1,0.20706512033939362,0.01383587159216404,0.017754115164279938,0.027224209159612656,0.001063235686160624
00014_00005_00004_png.rf.a5fc79eb6e949f3b096df8ccc70d188f.jpg,14,0.5295104384422302,0.5232412219047546,0.7983129024505615,0.802664041519165,0.9447320103645325
00014_00005_00025_png.rf.297d8a9543fcea575965086bb06f4890.jpg,14,0.5114861726760864,0.5112702250480652,0.8379032015800476,0.8482741117477417,0.947274386882782
00014_00005_00025_png.rf.297d8a9543fcea575965086bb06f4890.jpg,1,0.9500576257705688,0.4380245804786682,0.09988212585449219,0.642423152923584,0.025068208575248718
00014_00005_00025_png.rf.297d8a9543fcea575965086bb06f4890.jpg,1,0.9383747577667236,0.4208482503890991,0.12325059622526169,0.7582204937934875,0.0076337638311088085
00014_00005_00025_png.rf.297d8a9543fcea575965086bb06f4890.jpg,1,0.9028440117835999,0.4414229094982147,0.19414271414279938,0.8709461688995361,0.004272125195711851
00014_00005_00025_png.rf.297d8a9543fcea575965086bb06f4890.jpg,1,0.26521095633506775,0.4732345938682556,0.530126690864563,0.9464691877365112,0.0017162796575576067
00014_00005_00025_png.rf.297d8a9543fcea575965086bb06f4890.jpg,1,0.47152990102767944,0.19414645433425903,0.9150682687759399,0.38820430636405945,0.0010295428801327944
00014_00006_00015_png.rf.5cb649de18ff690e33a86445aca080dd.jpg,14,0.5253632664680481,0.5214217901229858,0.7530676126480103,0.7520425915718079,0.9412472248077393
00014_00007_00002_png.rf.280a89db2cae24714734ae7f443731ba.jpg,14,0.5130308866500854,0.5210140347480774,0.6211012005805969,0.6430243253707886,0.937929630279541
00014_00007_00002_png.rf.280a89db2cae24714734ae7f443731ba.jpg,12,0.35669660568237305,0.4447990655899048,0.7133932113647461,0.8881574869155884,0.0018561285687610507
00014_00007_00002_png.rf.280a89db2cae24714734ae7f443731ba.jpg,1,0.10789057612419128,0.29398566484451294,0.21578115224838257,0.5879713296890259,0.001084000221453607
00014_00007_00002_png.rf.280a89db2cae24714734ae7f443731ba.jpg,7,0.2700023055076599,0.4464157223701477,0.5400046110153198,0.891523003578186,0.001067542121745646
00014_00007_00006_png.rf.d3261be1ac6d7605e46470fb8e4940f4.jpg,14,0.5127856135368347,0.5122377276420593,0.6731700897216797,0.6963365077972412,0.9455540776252747
00014_00007_00006_png.rf.d3261be1ac6d7605e46470fb8e4940f4.jpg,1,0.49473369121551514,0.2720429003238678,0.6791529059410095,0.5440858006477356,0.002923410851508379
00014_00007_00013_png.rf.bd8b36832e03b17e904c7a1a33f8937e.jpg,14,0.5248770713806152,0.5222303867340088,0.7645996809005737,0.7804335355758667,0.9409157037734985
00014_00007_00013_png.rf.bd8b36832e03b17e904c7a1a33f8937e.jpg,10,0.04087578505277634,0.907204806804657,0.08119038492441177,0.185590460896492,0.002531737321987748
00014_00008_00004_png.rf.ce893afcdfcca67343de52c60d510a98.jpg,14,0.5400952100753784,0.5465084314346313,0.6239426136016846,0.6983144879341125,0.93184494972229
00014_00008_00004_png.rf.ce893afcdfcca67343de52c60d510a98.jpg,14,0.496149480342865,0.3059459626674652,0.744554340839386,0.6118919253349304,0.007012011483311653
00014_00008_00004_png.rf.ce893afcdfcca67343de52c60d510a98.jpg,1,0.48477551341056824,0.2740369439125061,0.7077057957649231,0.5480738878250122,0.0029999699909240007
00014_00008_00013_png.rf.a9f7b30283b689f1a5808560a69c0f7c.jpg,14,0.5015443563461304,0.5231838822364807,0.6945874691009521,0.7352824211120605,0.9458082318305969
00014_00008_00028_png.rf.41dc94b1892472b66d391791d753bb84.jpg,14,0.5037305951118469,0.5046741962432861,0.8554077744483948,0.8197566270828247,0.9471406936645508
00014_00009_00009_png.rf.b4d1b6a8d582e147ba85747dd85cc451.jpg,14,0.5362662672996521,0.5230515003204346,0.6515952348709106,0.6791167855262756,0.9467979669570923
00014_00009_00009_png.rf.b4d1b6a8d582e147ba85747dd85cc451.jpg,11,0.8555511832237244,0.42974206805229187,0.2888977527618408,0.8594841361045837,0.0013003151398152113
00014_00009_00009_png.rf.b4d1b6a8d582e147ba85747dd85cc451.jpg,11,0.7614767551422119,0.4325694441795349,0.47704654932022095,0.8651388883590698,0.001082936068996787
00014_00009_00009_png.rf.b4d1b6a8d582e147ba85747dd85cc451.jpg,11,0.9166303277015686,0.4281594753265381,0.16673938930034637,0.835908830165863,0.0010044239461421967
00014_00009_00014_png.rf.5998ff1f31bd52e787eaa23bb04f06d2.jpg,14,0.5157839059829712,0.5099821090698242,0.7624866962432861,0.7854382991790771,0.9445705413818359
00014_00009_00014_png.rf.5998ff1f31bd52e787eaa23bb04f06d2.jpg,14,0.4901540279388428,0.7074939012527466,0.9803080558776855,0.5850123167037964,0.001214651856571436
00014_00009_00022_png.rf.c59286af8197704e8e88c3efdbf7b9d5.jpg,14,0.5335443615913391,0.5015050172805786,0.8516561985015869,0.8517035841941833,0.9419113397598267
00014_00009_00022_png.rf.c59286af8197704e8e88c3efdbf7b9d5.jpg,1,0.546705961227417,0.9768281579017639,0.022283701226115227,0.044869791716337204,0.0017741910414770246
00014_00009_00022_png.rf.c59286af8197704e8e88c3efdbf7b9d5.jpg,1,0.5461660623550415,0.9855021238327026,0.026432808488607407,0.028613384813070297,0.0010268375044688582
00014_00010_00014_png.rf.3f9712dbd32c574c45bf9dbb8517dd9f.jpg,14,0.5201839208602905,0.5259615778923035,0.83156418800354,0.8111153841018677,0.9409651160240173
00014_00010_00014_png.rf.3f9712dbd32c574c45bf9dbb8517dd9f.jpg,0,0.7355728149414062,0.9836679100990295,0.022355888038873672,0.02001439593732357,0.01096435822546482
00014_00010_00014_png.rf.3f9712dbd32c574c45bf9dbb8517dd9f.jpg,0,0.7387962341308594,0.9861168265342712,0.033128224313259125,0.025159982964396477,0.002348966896533966
00014_00010_00014_png.rf.3f9712dbd32c574c45bf9dbb8517dd9f.jpg,6,0.5492303371429443,0.2411031424999237,0.9000082612037659,0.4822062849998474,0.0010911573190242052
00014_00010_00017_png.rf.10f5ad5e297030721e4521481f8ca702.jpg,14,0.5075807571411133,0.5088558197021484,0.8100841045379639,0.8104704022407532,0.9489085674285889
00014_00010_00017_png.rf.10f5ad5e297030721e4521481f8ca702.jpg,1,0.8677970767021179,0.49813082814216614,0.26440343260765076,0.9962616562843323,0.0032676062546670437
00014_00010_00017_png.rf.10f5ad5e297030721e4521481f8ca702.jpg,1,0.7625346779823303,0.8722748160362244,0.019725212827324867,0.06409072875976562,0.002823740243911743
00014_00010_00017_png.rf.10f5ad5e297030721e4521481f8ca702.jpg,1,0.7488318681716919,0.4959794282913208,0.502336323261261,0.9919588565826416,0.002106219297274947
00014_00010_00017_png.rf.10f5ad5e297030721e4521481f8ca702.jpg,0,0.6406223773956299,0.9742687344551086,0.01559440977871418,0.011328110471367836,0.0019431832479313016
00014_00010_00017_png.rf.10f5ad5e297030721e4521481f8ca702.jpg,6,0.7636370062828064,0.8714352250099182,0.014165365137159824,0.058791384100914,0.0017708955565467477
00014_00010_00017_png.rf.10f5ad5e297030721e4521481f8ca702.jpg,1,0.9154607653617859,0.4941917657852173,0.16888809204101562,0.9755755662918091,0.0013992683961987495
00014_00011_00027_png.rf.c81a4600612fc1eb5cc21661de7ef62b.jpg,14,0.49703478813171387,0.49710166454315186,0.8131255507469177,0.812142014503479,0.9357019066810608
00014_00011_00027_png.rf.c81a4600612fc1eb5cc21661de7ef62b.jpg,0,0.5615572333335876,0.9449096918106079,0.16502366960048676,0.11018063873052597,0.004321760963648558
00014_00012_00028_png.rf.7e4a7979b1766d76ca5628991607b48c.jpg,14,0.5207066535949707,0.5153461694717407,0.8298888802528381,0.8278362154960632,0.9433265924453735
00014_00012_00028_png.rf.7e4a7979b1766d76ca5628991607b48c.jpg,6,0.5362675786018372,0.23079614341259003,0.925839900970459,0.4612608551979065,0.0011842844542115927
00014_00013_00000_png.rf.230606f2f715a2bde5a237acafa3604b.jpg,14,0.5203887224197388,0.5811715722084045,0.6179361343383789,0.5093275308609009,0.9167843461036682
00014_00013_00000_png.rf.230606f2f715a2bde5a237acafa3604b.jpg,1,0.26031261682510376,0.46713900566101074,0.5206252336502075,0.9330766797065735,0.1195930689573288
00014_00013_00000_png.rf.230606f2f715a2bde5a237acafa3604b.jpg,1,0.5864011645317078,0.3059805631637573,0.8175696134567261,0.6119611263275146,0.021306423470377922
00014_00013_00000_png.rf.230606f2f715a2bde5a237acafa3604b.jpg,1,0.8346368074417114,0.4670182466506958,0.3307264745235443,0.9279783368110657,0.014098739251494408
00014_00013_00000_png.rf.230606f2f715a2bde5a237acafa3604b.jpg,1,0.755529522895813,0.4557478427886963,0.4889410734176636,0.9062089323997498,0.009087844751775265
00014_00013_00000_png.rf.230606f2f715a2bde5a237acafa3604b.jpg,1,0.581474781036377,0.10523280501365662,0.8290126919746399,0.21046561002731323,0.008513971231877804
00014_00013_00000_png.rf.230606f2f715a2bde5a237acafa3604b.jpg,1,0.8893542885780334,0.4438871443271637,0.22119486331939697,0.8838254809379578,0.00818384438753128
00014_00013_00000_png.rf.230606f2f715a2bde5a237acafa3604b.jpg,1,0.5285746455192566,0.07598888874053955,0.7459900975227356,0.15146462619304657,0.006353728007525206
00014_00013_00000_png.rf.230606f2f715a2bde5a237acafa3604b.jpg,1,0.5667344927787781,0.4352632761001587,0.8665311336517334,0.8705265522003174,0.006049775518476963
00014_00013_00000_png.rf.230606f2f715a2bde5a237acafa3604b.jpg,1,0.5847070813179016,0.19631236791610718,0.821445643901825,0.3921269178390503,0.005688206292688847
00014_00013_00000_png.rf.230606f2f715a2bde5a237acafa3604b.jpg,1,0.5469104647636414,0.14777520298957825,0.9061790704727173,0.29481521248817444,0.0027299956418573856
00014_00013_00000_png.rf.230606f2f715a2bde5a237acafa3604b.jpg,1,0.9265660643577576,0.4562865197658539,0.14686790108680725,0.893071711063385,0.002692291745916009
00014_00013_00000_png.rf.230606f2f715a2bde5a237acafa3604b.jpg,1,0.4227440357208252,0.06903420388698578,0.7768986225128174,0.13782666623592377,0.0019358366262167692
00014_00013_00000_png.rf.230606f2f715a2bde5a237acafa3604b.jpg,1,0.4987422823905945,0.7539689540863037,0.997484564781189,0.49206218123435974,0.0018477567937225103
00014_00013_00000_png.rf.230606f2f715a2bde5a237acafa3604b.jpg,1,0.4307939112186432,0.10303955525159836,0.8597776293754578,0.20607911050319672,0.001629248377867043
00014_00013_00000_png.rf.230606f2f715a2bde5a237acafa3604b.jpg,1,0.17996825277805328,0.435575395822525,0.3597820997238159,0.8688153028488159,0.0014420239022001624
00014_00013_00000_png.rf.230606f2f715a2bde5a237acafa3604b.jpg,0,0.4582236409187317,0.7924081683158875,0.9164472818374634,0.41518378257751465,0.001158536528237164
00014_00013_00000_png.rf.230606f2f715a2bde5a237acafa3604b.jpg,1,0.6519850492477417,0.06418050080537796,0.6928249001502991,0.1282901167869568,0.0010347599163651466
00014_00013_00001_png.rf.e01f34bee93788d71a9ca127de49b201.jpg,14,0.5010269284248352,0.5177094340324402,0.5759763717651367,0.5835650563240051,0.9297715425491333
00014_00013_00001_png.rf.e01f34bee93788d71a9ca127de49b201.jpg,14,0.5428012609481812,0.7636895179748535,0.9143975377082825,0.47262105345726013,0.007774942554533482
00014_00013_00001_png.rf.e01f34bee93788d71a9ca127de49b201.jpg,1,0.22652871906757355,0.4342763423919678,0.4530574381351471,0.8680702447891235,0.007085960358381271
00014_00013_00001_png.rf.e01f34bee93788d71a9ca127de49b201.jpg,14,0.5406562685966492,0.6473540663719177,0.9186874628067017,0.7052919268608093,0.001957065425813198
00014_00013_00001_png.rf.e01f34bee93788d71a9ca127de49b201.jpg,14,0.41123881936073303,0.46699103713035583,0.8224776387214661,0.9269738793373108,0.0011802888475358486
00014_00013_00001_png.rf.e01f34bee93788d71a9ca127de49b201.jpg,1,0.13071666657924652,0.4958827793598175,0.26143333315849304,0.9909399747848511,0.0011716332519426942
00014_00013_00001_png.rf.e01f34bee93788d71a9ca127de49b201.jpg,1,0.5642992854118347,0.1961558610200882,0.8307198286056519,0.3923117220401764,0.001159841543994844
00014_00013_00001_png.rf.e01f34bee93788d71a9ca127de49b201.jpg,1,0.4001539945602417,0.4423641264438629,0.8003079891204834,0.8815821409225464,0.0010188502492383122
00014_00013_00003_png.rf.774d46f2b5700aec9e78f1959fd3030f.jpg,14,0.5102338194847107,0.5326968431472778,0.6409187316894531,0.651578426361084,0.9430134296417236
00014_00013_00003_png.rf.774d46f2b5700aec9e78f1959fd3030f.jpg,1,0.23953178524971008,0.43757495284080505,0.47906357049942017,0.8744301199913025,0.0238901749253273
00014_00013_00003_png.rf.774d46f2b5700aec9e78f1959fd3030f.jpg,1,0.3586752116680145,0.4685526490211487,0.717350423336029,0.9350482821464539,0.006608859170228243
00014_00013_00003_png.rf.774d46f2b5700aec9e78f1959fd3030f.jpg,1,0.18055681884288788,0.5,0.36098533868789673,1.0,0.0046116686426103115
00014_00013_00003_png.rf.774d46f2b5700aec9e78f1959fd3030f.jpg,14,0.4390051066875458,0.7823007106781006,0.8780102133750916,0.4353986382484436,0.004198300652205944
00014_00013_00003_png.rf.774d46f2b5700aec9e78f1959fd3030f.jpg,14,0.394160658121109,0.49763768911361694,0.788321316242218,0.9937074184417725,0.0018911706283688545
00014_00013_00003_png.rf.774d46f2b5700aec9e78f1959fd3030f.jpg,1,0.17926445603370667,0.35086578130722046,0.35852891206741333,0.7008898258209229,0.001722540007904172
00014_00013_00003_png.rf.774d46f2b5700aec9e78f1959fd3030f.jpg,1,0.1143035963177681,0.37619277834892273,0.2286071926355362,0.7520986795425415,0.0016390972305089235
00014_00013_00003_png.rf.774d46f2b5700aec9e78f1959fd3030f.jpg,1,0.558541476726532,0.2001115083694458,0.8564264178276062,0.40019938349723816,0.0010309534845873713
00014_00013_00003_png.rf.774d46f2b5700aec9e78f1959fd3030f.jpg,14,0.45970988273620605,0.6696648597717285,0.9194197654724121,0.660670280456543,0.0010262439027428627
00014_00022_00002_png.rf.067f3be88afec79842f718b26732c307.jpg,14,0.5306962132453918,0.5071182250976562,0.6632440686225891,0.6982515454292297,0.9374521970748901
00014_00022_00002_png.rf.067f3be88afec79842f718b26732c307.jpg,7,0.35896405577659607,0.5687854886054993,0.7179281115531921,0.8624290823936462,0.0017784617375582457
00014_00023_00018_png.rf.7f4df748842e9a2b90d343c5612ff812.jpg,14,0.5172812342643738,0.5081942677497864,0.7930920720100403,0.7846763134002686,0.952580988407135
00014_00023_00018_png.rf.7f4df748842e9a2b90d343c5612ff812.jpg,1,0.4866635203361511,0.07693874090909958,0.8298037052154541,0.15303584933280945,0.02733326330780983
00014_00023_00018_png.rf.7f4df748842e9a2b90d343c5612ff812.jpg,14,0.4959843158721924,0.07456255704164505,0.8182507157325745,0.14905884861946106,0.013050403445959091
00014_00023_00018_png.rf.7f4df748842e9a2b90d343c5612ff812.jpg,14,0.49074557423591614,0.10642082244157791,0.8813604712486267,0.21156665682792664,0.00893847830593586
00014_00023_00018_png.rf.7f4df748842e9a2b90d343c5612ff812.jpg,1,0.5202447772026062,0.1007857546210289,0.9572126269340515,0.20113924145698547,0.007277934346348047
00014_00023_00018_png.rf.7f4df748842e9a2b90d343c5612ff812.jpg,1,0.5216195583343506,0.17726902663707733,0.9500912427902222,0.35425877571105957,0.004644827451556921
00014_00023_00018_png.rf.7f4df748842e9a2b90d343c5612ff812.jpg,14,0.5222924947738647,0.2022450566291809,0.9491972327232361,0.40369144082069397,0.0015371250919997692
00014_00024_00018_png.rf.1b7a484113cbc1f29d56a8f50156948a.jpg,14,0.516651451587677,0.5316037535667419,0.7666869759559631,0.7624672055244446,0.9421268701553345
00014_00024_00018_png.rf.1b7a484113cbc1f29d56a8f50156948a.jpg,1,0.9310380220413208,0.4830024540424347,0.13792404532432556,0.8286052346229553,0.003173474920913577
00014_00024_00018_png.rf.1b7a484113cbc1f29d56a8f50156948a.jpg,1,0.7758522033691406,0.4849889874458313,0.44829562306404114,0.8995249271392822,0.0011093276552855968
000163_jpg.rf.55c9537881a01c071eb6c3b46008b884.jpg,9,0.19117139279842377,0.14779408276081085,0.34880346059799194,0.29224297404289246,0.9049755334854126
000163_jpg.rf.55c9537881a01c071eb6c3b46008b884.jpg,0,0.8233889937400818,0.12896181643009186,0.03654392063617706,0.036807723343372345,0.0035932748578488827
000163_jpg.rf.55c9537881a01c071eb6c3b46008b884.jpg,0,0.5330352187156677,0.007461053319275379,0.10900992900133133,0.014922106638550758,0.001797870034351945
000163_jpg.rf.55c9537881a01c071eb6c3b46008b884.jpg,0,0.8258030414581299,0.13429220020771027,0.034343354403972626,0.02846585027873516,0.001102873240597546
000163_jpg.rf.55c9537881a01c071eb6c3b46008b884.jpg,0,0.5651120543479919,0.00685115484520793,0.0722421184182167,0.01370230969041586,0.001101202447898686
000166_jpg.rf.f37d1c743a28243f0e0f2482f2a67290.jpg,9,0.5007850527763367,0.47630825638771057,0.3956533968448639,0.650614857673645,0.9083870053291321
000174_jpg.rf.4f68fb9dc24d6b51af78e847b1e30c10.jpg,9,0.6064413785934448,0.39484891295433044,0.30538293719291687,0.4395783543586731,0.9007487297058105
000174_jpg.rf.4f68fb9dc24d6b51af78e847b1e30c10.jpg,9,0.053840432316064835,0.3274877369403839,0.03519045561552048,0.040385834872722626,0.008164692670106888
000174_jpg.rf.4f68fb9dc24d6b51af78e847b1e30c10.jpg,1,0.7324694395065308,0.36502835154533386,0.04681066423654556,0.14024485647678375,0.0075120385736227036
000174_jpg.rf.4f68fb9dc24d6b51af78e847b1e30c10.jpg,8,0.05566496402025223,0.3276214003562927,0.03725044056773186,0.04323902726173401,0.004675617907196283
000174_jpg.rf.4f68fb9dc24d6b51af78e847b1e30c10.jpg,14,0.7330877184867859,0.3689998984336853,0.04904314503073692,0.18022595345973969,0.0022374270483851433
000174_jpg.rf.4f68fb9dc24d6b51af78e847b1e30c10.jpg,8,0.03274758532643318,0.34932538866996765,0.03252805024385452,0.044892825186252594,0.0015328601002693176
000175_jpg.rf.3690880bd7e62c2260306322a3762cc7.jpg,9,0.6068025231361389,0.40254950523376465,0.30486035346984863,0.44114312529563904,0.8944686651229858
000178_jpg.rf.0b4d8766b1bfcd897098e2f8b9bbe5d1.jpg,9,0.4822772145271301,0.4999904930591583,0.7708780169487,0.5856850147247314,0.900563657283783
000191_jpg.rf.055356915ad47ae7e1c0ded839d6c748.jpg,9,0.6898927092552185,0.41324740648269653,0.3846345543861389,0.5322309732437134,0.9023632407188416
000193_jpg.rf.334b364417849eb38db4d2275dc85838.jpg,9,0.4986693859100342,0.3481373190879822,0.683480441570282,0.48091962933540344,0.9056265950202942
000198_jpg.rf.9f156753fda46dd6fe9848a1440afd1b.jpg,9,0.4087795913219452,0.4575124979019165,0.2730698883533478,0.3972565829753876,0.8982420563697815
000198_jpg.rf.9f156753fda46dd6fe9848a1440afd1b.jpg,1,0.5161044001579285,0.01326113659888506,0.032968081533908844,0.02652227319777012,0.004465061239898205
000198_jpg.rf.9f156753fda46dd6fe9848a1440afd1b.jpg,1,0.9942637085914612,0.550137460231781,0.010983394458889961,0.039326999336481094,0.002212433610111475
000198_jpg.rf.9f156753fda46dd6fe9848a1440afd1b.jpg,0,0.9943490028381348,0.2525549829006195,0.010827211663126945,0.06059771403670311,0.0019267952302470803
000198_jpg.rf.9f156753fda46dd6fe9848a1440afd1b.jpg,0,0.9949829578399658,0.5502673387527466,0.009806853719055653,0.03595568612217903,0.0015859516570344567
000198_jpg.rf.9f156753fda46dd6fe9848a1440afd1b.jpg,0,0.994800329208374,0.555446445941925,0.010009399615228176,0.06255355477333069,0.0010430376278236508
000202_jpg.rf.7b9c03e897bab9b7a170deae87d31266.jpg,8,0.4521861672401428,0.23624259233474731,0.35303571820259094,0.2190248817205429,0.9144765734672546
000202_jpg.rf.7b9c03e897bab9b7a170deae87d31266.jpg,9,0.8188638091087341,0.4006173312664032,0.03902450203895569,0.03808201476931572,0.002800282556563616
000202_jpg.rf.7b9c03e897bab9b7a170deae87d31266.jpg,1,0.3879213333129883,0.5375565886497498,0.47370532155036926,0.4387563467025757,0.002698223339393735
000202_jpg.rf.7b9c03e897bab9b7a170deae87d31266.jpg,1,0.1724499613046646,0.9617403745651245,0.009405705146491528,0.03390480950474739,0.002055962337180972
000202_jpg.rf.7b9c03e897bab9b7a170deae87d31266.jpg,1,0.467692106962204,0.5245039463043213,0.6010839343070984,0.4866016209125519,0.001060392940416932
000204_jpg.rf.0ea9da72e384254681f268a305a35eb6.jpg,8,0.4466466009616852,0.49623849987983704,0.4804232120513916,0.5877326726913452,0.8891689777374268
000204_jpg.rf.0ea9da72e384254681f268a305a35eb6.jpg,8,0.8893481492996216,0.4700835347175598,0.06104432791471481,0.0906275287270546,0.006748328451067209
000204_jpg.rf.0ea9da72e384254681f268a305a35eb6.jpg,9,0.8890751004219055,0.46991270780563354,0.06217978894710541,0.0908513069152832,0.0028052055276930332
000204_jpg.rf.0ea9da72e384254681f268a305a35eb6.jpg,0,0.3530517816543579,0.9682359099388123,0.07760103046894073,0.06352828443050385,0.001597550348378718
000204_jpg.rf.0ea9da72e384254681f268a305a35eb6.jpg,8,0.20929564535617828,0.046314530074596405,0.04406967759132385,0.0765775814652443,0.0010338667780160904
000216_jpg.rf.ba4ecb747ec69d54c3a1690dcf5f5b3a.jpg,8,0.4710249602794647,0.2766958475112915,0.4052821099758148,0.256595253944397,0.9238574504852295
000216_jpg.rf.ba4ecb747ec69d54c3a1690dcf5f5b3a.jpg,0,0.4615832269191742,0.5091308355331421,0.07369118928909302,0.045576244592666626,0.006940195802599192
000216_jpg.rf.ba4ecb747ec69d54c3a1690dcf5f5b3a.jpg,9,0.44304829835891724,0.7947880029678345,0.8860965967178345,0.41042405366897583,0.0024797525256872177
000220_jpg.rf.07bc310baa1bbe3fe3ba7117b874ff64.jpg,8,0.5147348642349243,0.36708152294158936,0.40667006373405457,0.2804334759712219,0.9143098592758179
000220_jpg.rf.07bc310baa1bbe3fe3ba7117b874ff64.jpg,0,0.5892631411552429,0.888764500617981,0.033457208424806595,0.02681468240916729,0.0010213503846898675
000223_jpg.rf.dbc866e5b7c69cf418e6bcca0e66e50b.jpg,8,0.6468937397003174,0.43240591883659363,0.6105813980102539,0.7696656584739685,0.8887439370155334
000223_jpg.rf.dbc866e5b7c69cf418e6bcca0e66e50b.jpg,0,0.971938967704773,0.23075401782989502,0.05495636537671089,0.19908392429351807,0.007540968246757984
000231_jpg.rf.71b28020e16b2c6b5aa86d24726609c8.jpg,8,0.5025413036346436,0.7805778980255127,0.219898521900177,0.15393514931201935,0.8895562291145325
000238_jpg.rf.dd14162743767963400cffffaea73ac9.jpg,8,0.6419140696525574,0.4692896902561188,0.6261191964149475,0.9352253675460815,0.8684502840042114
000238_jpg.rf.dd14162743767963400cffffaea73ac9.jpg,0,0.7960538864135742,0.00837581604719162,0.036980997771024704,0.01675163209438324,0.0027967323549091816
000238_jpg.rf.dd14162743767963400cffffaea73ac9.jpg,0,0.7994869351387024,0.00568733224645257,0.03296668827533722,0.01137466449290514,0.002755902474746108
000238_jpg.rf.dd14162743767963400cffffaea73ac9.jpg,0,0.803547203540802,0.00899122841656208,0.05176991969347,0.017913823947310448,0.002168844221159816
000238_jpg.rf.dd14162743767963400cffffaea73ac9.jpg,0,0.7910364866256714,0.006711649242788553,0.03981524333357811,0.013423298485577106,0.001709183445200324
000238_jpg.rf.dd14162743767963400cffffaea73ac9.jpg,0,0.9606007933616638,0.1698077768087387,0.06944165378808975,0.15757718682289124,0.0013458551838994026
000238_jpg.rf.dd14162743767963400cffffaea73ac9.jpg,1,0.37992942333221436,0.19699156284332275,0.011865286156535149,0.04249099642038345,0.0012792306952178478
000238_jpg.rf.dd14162743767963400cffffaea73ac9.jpg,0,0.7862895131111145,0.0061218929477036,0.05978665128350258,0.0122437858954072,0.0012387377209961414
000238_jpg.rf.dd14162743767963400cffffaea73ac9.jpg,0,0.7939781546592712,0.027381345629692078,0.0458429791033268,0.054762691259384155,0.0011377210030332208
000238_jpg.rf.dd14162743767963400cffffaea73ac9.jpg,0,0.7967562079429626,0.021552367135882378,0.04097549989819527,0.043104734271764755,0.0010279582347720861
000238_jpg.rf.dd14162743767963400cffffaea73ac9.jpg,1,0.9251533150672913,0.49757060408592224,0.14969341456890106,0.9665665030479431,0.0010026575764641166
000239_jpg.rf.9c2470be6d2e5443f4db1ababb992587.jpg,8,0.5171008110046387,0.34587571024894714,0.5651708245277405,0.4452022612094879,0.9308203458786011
000239_jpg.rf.9c2470be6d2e5443f4db1ababb992587.jpg,0,0.5696105360984802,0.9804649949073792,0.009441119618713856,0.006111878901720047,0.0016221451805904508
000257_jpg.rf.6f63b8fd63b0d875247ba0e3d776bd4f.jpg,8,0.25831127166748047,0.21638309955596924,0.4468989074230194,0.2988508343696594,0.92507004737854
000257_jpg.rf.6f63b8fd63b0d875247ba0e3d776bd4f.jpg,0,0.480040043592453,0.5366492867469788,0.009127506986260414,0.007393543608486652,0.0070002153515815735
000257_jpg.rf.6f63b8fd63b0d875247ba0e3d776bd4f.jpg,1,0.991422176361084,0.3110942840576172,0.016580581665039062,0.02149805799126625,0.002708934247493744
000257_jpg.rf.6f63b8fd63b0d875247ba0e3d776bd4f.jpg,0,0.5158179998397827,0.32314953207969666,0.013116690330207348,0.008145222440361977,0.00240494217723608
000257_jpg.rf.6f63b8fd63b0d875247ba0e3d776bd4f.jpg,11,0.48920518159866333,0.3775155544281006,0.9664736390113831,0.7550311088562012,0.0012792435009032488
000257_jpg.rf.6f63b8fd63b0d875247ba0e3d776bd4f.jpg,1,0.4262988865375519,0.7354404926300049,0.01590042933821678,0.013879629783332348,0.0011545077431946993
000261_jpg.rf.7c97ab6d968e742c9cc124edd2630e3c.jpg,8,0.4987211525440216,0.257038414478302,0.4534171223640442,0.31462764739990234,0.9120561480522156
000261_jpg.rf.7c97ab6d968e742c9cc124edd2630e3c.jpg,5,0.5723775029182434,0.25388216972351074,0.07517176866531372,0.10652733594179153,0.0018101264722645283
000267_jpg.rf.45d318ba9ef48ae9327bb408eb24438e.jpg,8,0.6681858897209167,0.4936247766017914,0.30214717984199524,0.20753079652786255,0.8367469310760498
000267_jpg.rf.45d318ba9ef48ae9327bb408eb24438e.jpg,1,0.09843660891056061,0.8539462685585022,0.014584303833544254,0.014157882891595364,0.008780370466411114
000267_jpg.rf.45d318ba9ef48ae9327bb408eb24438e.jpg,1,0.09846384823322296,0.8537561297416687,0.017906345427036285,0.019822562113404274,0.0059052882716059685
000267_jpg.rf.45d318ba9ef48ae9327bb408eb24438e.jpg,1,0.10350031405687332,0.8529372811317444,0.021981781348586082,0.023517902940511703,0.001436733640730381
000267_jpg.rf.45d318ba9ef48ae9327bb408eb24438e.jpg,1,0.42435508966445923,0.503341555595398,0.012486385181546211,0.021468237042427063,0.0012260093353688717
000282_jpg.rf.26ad0708d13674c6d8cfce6f6bd40cdb.jpg,8,0.5045387148857117,0.4832143187522888,0.859271764755249,0.5810678601264954,0.925354540348053
000282_jpg.rf.26ad0708d13674c6d8cfce6f6bd40cdb.jpg,1,0.27643388509750366,0.3350600600242615,0.015709437429904938,0.01820744015276432,0.0848388522863388
000282_jpg.rf.26ad0708d13674c6d8cfce6f6bd40cdb.jpg,1,0.6352705955505371,0.6404695510864258,0.020772641524672508,0.026538703590631485,0.03420126065611839
000282_jpg.rf.26ad0708d13674c6d8cfce6f6bd40cdb.jpg,1,0.27861809730529785,0.33622047305107117,0.021872906014323235,0.024076426401734352,0.01521461270749569
000282_jpg.rf.26ad0708d13674c6d8cfce6f6bd40cdb.jpg,1,0.6335957050323486,0.6436640024185181,0.023527000099420547,0.033608805388212204,0.005834401585161686
000282_jpg.rf.26ad0708d13674c6d8cfce6f6bd40cdb.jpg,0,0.6352141499519348,0.6358011960983276,0.02123546600341797,0.026937631890177727,0.00492128636687994
000282_jpg.rf.26ad0708d13674c6d8cfce6f6bd40cdb.jpg,0,0.3561765253543854,0.6292840838432312,0.021751880645751953,0.015598591417074203,0.0023762532509863377
000282_jpg.rf.26ad0708d13674c6d8cfce6f6bd40cdb.jpg,1,0.6348891258239746,0.6450571417808533,0.018606480211019516,0.017718901857733727,0.0023207832127809525
000282_jpg.rf.26ad0708d13674c6d8cfce6f6bd40cdb.jpg,1,0.2732287049293518,0.3356035649776459,0.02683085761964321,0.030059045180678368,0.0017175653483718634
000282_jpg.rf.26ad0708d13674c6d8cfce6f6bd40cdb.jpg,1,0.3969753384590149,0.7611305713653564,0.0201291311532259,0.015353130176663399,0.0014764736406505108
000282_jpg.rf.26ad0708d13674c6d8cfce6f6bd40cdb.jpg,1,0.3331810235977173,0.7652158141136169,0.0304464939981699,0.06439157575368881,0.0013723595766350627
000282_jpg.rf.26ad0708d13674c6d8cfce6f6bd40cdb.jpg,1,0.514208197593689,0.5653449892997742,0.014917007647454739,0.03450342267751694,0.001255181385204196
000286_jpg.rf.48a1be45c5db5656f2bacf687164c529.jpg,8,0.37710726261138916,0.47631388902664185,0.5054352283477783,0.9116171598434448,0.466869592666626
000286_jpg.rf.48a1be45c5db5656f2bacf687164c529.jpg,7,0.37696731090545654,0.46956169605255127,0.5035440325737,0.8712574243545532,0.1720839887857437
000286_jpg.rf.48a1be45c5db5656f2bacf687164c529.jpg,9,0.37161263823509216,0.4732212424278259,0.5030943155288696,0.8796669244766235,0.06347555667161942
000286_jpg.rf.48a1be45c5db5656f2bacf687164c529.jpg,7,0.8882174491882324,0.46996134519577026,0.06285960972309113,0.09264516830444336,0.014188763685524464
000286_jpg.rf.48a1be45c5db5656f2bacf687164c529.jpg,8,0.888523280620575,0.4708349108695984,0.06211141496896744,0.08985530585050583,0.005416220985352993
000286_jpg.rf.48a1be45c5db5656f2bacf687164c529.jpg,1,0.8905078172683716,0.47011011838912964,0.061135806143283844,0.0979079157114029,0.0013688717735931277
000287_jpg.rf.a4143ed52df9779f0f27104daf6a8762.jpg,14,0.33396270871162415,0.465325266122818,0.4512050449848175,0.548352837562561,0.9090307950973511
000287_jpg.rf.a4143ed52df9779f0f27104daf6a8762.jpg,8,0.7575820088386536,0.3546670973300934,0.3013611435890198,0.3632531762123108,0.9084835052490234
000287_jpg.rf.a4143ed52df9779f0f27104daf6a8762.jpg,14,0.38385826349258423,0.45606210827827454,0.10626199096441269,0.12204720824956894,0.006081725936383009
000288_jpg.rf.2764018cfc726e02916e1739c8f35b5e.jpg,8,0.48437100648880005,0.6556486487388611,0.46443551778793335,0.3062438666820526,0.9148221611976624
000289_jpg.rf.5bcff3507297a43a567fd64d593fd533.jpg,8,0.49658799171447754,0.27497702836990356,0.5067437887191772,0.33742156624794006,0.9299431443214417
000289_jpg.rf.5bcff3507297a43a567fd64d593fd533.jpg,0,0.5811659693717957,0.9820316433906555,0.009446694515645504,0.02112792246043682,0.003133980790153146
000289_jpg.rf.5bcff3507297a43a567fd64d593fd533.jpg,0,0.46586495637893677,0.5842185616493225,0.08862195163965225,0.06093825027346611,0.0010790352243930101
000295_jpg.rf.3940d624bf6e15926480dad000dd8fa4.jpg,8,0.5356408357620239,0.7144720554351807,0.517889678478241,0.3761996328830719,0.922684371471405
000295_jpg.rf.3940d624bf6e15926480dad000dd8fa4.jpg,14,0.4612438976764679,0.739118754863739,0.9224877953529358,0.5217625498771667,0.0013054232113063335
000295_jpg.rf.3940d624bf6e15926480dad000dd8fa4.jpg,6,0.9265110492706299,0.5085035562515259,0.14697787165641785,0.982992947101593,0.00122736650519073
000300_jpg.rf.5013849426466f43fb71333c9d7e208b.jpg,10,0.29131588339805603,0.6692396402359009,0.26171284914016724,0.39803171157836914,0.9545725584030151
000300_jpg.rf.5013849426466f43fb71333c9d7e208b.jpg,1,0.10802441835403442,0.33966681361198425,0.010417195968329906,0.010937947779893875,0.022652309387922287
000300_jpg.rf.5013849426466f43fb71333c9d7e208b.jpg,1,0.9142526984214783,0.3402009606361389,0.008923090994358063,0.01266098115593195,0.01320885494351387
000300_jpg.rf.5013849426466f43fb71333c9d7e208b.jpg,7,0.5605520009994507,0.42317140102386475,0.02242293767631054,0.03841341659426689,0.009272300638258457
000300_jpg.rf.5013849426466f43fb71333c9d7e208b.jpg,1,0.8704066872596741,0.8366875648498535,0.03754718601703644,0.026531221345067024,0.004715792369097471
000300_jpg.rf.5013849426466f43fb71333c9d7e208b.jpg,8,0.559910237789154,0.4230169355869293,0.022282270714640617,0.037803616374731064,0.0036369350273162127
000300_jpg.rf.5013849426466f43fb71333c9d7e208b.jpg,1,0.868635356426239,0.8300626277923584,0.030970795080065727,0.03988669440150261,0.003332198830321431
000300_jpg.rf.5013849426466f43fb71333c9d7e208b.jpg,11,0.5602038502693176,0.42453473806381226,0.021221894770860672,0.037221211940050125,0.0030660275369882584
000300_jpg.rf.5013849426466f43fb71333c9d7e208b.jpg,1,0.8643962144851685,0.8319299221038818,0.024463508278131485,0.03967703506350517,0.0022060114424675703
000300_jpg.rf.5013849426466f43fb71333c9d7e208b.jpg,0,0.9266331195831299,0.46611520648002625,0.03244194760918617,0.026178287342190742,0.0022038177121430635
000300_jpg.rf.5013849426466f43fb71333c9d7e208b.jpg,10,0.39256155490875244,0.4929189383983612,0.7180126309394836,0.9841662049293518,0.0013632916379719973
000300_jpg.rf.5013849426466f43fb71333c9d7e208b.jpg,1,0.10751165449619293,0.3397393822669983,0.01280971709638834,0.014027339406311512,0.0012924560578539968
000300_jpg.rf.5013849426466f43fb71333c9d7e208b.jpg,1,0.9950405359268188,0.8124439716339111,0.009607462212443352,0.03160836175084114,0.0011567830806598067
000300_jpg.rf.5013849426466f43fb71333c9d7e208b.jpg,1,0.38632428646087646,0.4451337456703186,0.7198610305786133,0.8868800401687622,0.0010304192546755075
000300_jpg.rf.5013849426466f43fb71333c9d7e208b.jpg,0,0.07203121483325958,0.5469138026237488,0.03424939885735512,0.025187823921442032,0.001018098322674632
000336_jpg.rf.be0bfe39579236b8f1710a54065f106c.jpg,3,0.8447550535202026,0.27657538652420044,0.2013726681470871,0.2776907682418823,0.5033180117607117
000336_jpg.rf.be0bfe39579236b8f1710a54065f106c.jpg,10,0.8432379961013794,0.2689979672431946,0.20359759032726288,0.28613924980163574,0.4591673016548157
000336_jpg.rf.be0bfe39579236b8f1710a54065f106c.jpg,0,0.344916433095932,0.4344613552093506,0.010222362354397774,0.007194005884230137,0.001272583962418139
000338_jpg.rf.69f491edc3091d390af673d2da54e080.jpg,10,0.23946458101272583,0.15879523754119873,0.08078067749738693,0.13384678959846497,0.6127251386642456
000338_jpg.rf.69f491edc3091d390af673d2da54e080.jpg,9,0.23899073898792267,0.1589869111776352,0.08173803240060806,0.1444370597600937,0.30707690119743347
000338_jpg.rf.69f491edc3091d390af673d2da54e080.jpg,7,0.2384948879480362,0.16019564867019653,0.08163529634475708,0.14622943103313446,0.12223237007856369
000338_jpg.rf.69f491edc3091d390af673d2da54e080.jpg,1,0.502269446849823,0.3837950825691223,0.019320562481880188,0.019424695521593094,0.0012116284342482686
000338_jpg.rf.69f491edc3091d390af673d2da54e080.jpg,10,0.2719157040119171,0.15784235298633575,0.14697407186031342,0.13882911205291748,0.0010672813514247537
000344_jpg.rf.86a946abb84be97bc833636b8b47b779.jpg,10,0.21713022887706757,0.4403837025165558,0.2574032247066498,0.373613178730011,0.9539016485214233
000359_jpg.rf.767bed64e2ff0d34ec7b1db1d0e6c398.jpg,10,0.6614459156990051,0.4153985381126404,0.34527847170829773,0.5048176646232605,0.9402445554733276
000359_jpg.rf.767bed64e2ff0d34ec7b1db1d0e6c398.jpg,14,0.5,0.7240287661552429,1.0,0.5519425272941589,0.04974411427974701
000359_jpg.rf.767bed64e2ff0d34ec7b1db1d0e6c398.jpg,1,0.77948397397995,0.6831782460212708,0.013443287461996078,0.010680198669433594,0.003240078454837203
000359_jpg.rf.767bed64e2ff0d34ec7b1db1d0e6c398.jpg,1,0.7782207131385803,0.681258499622345,0.01420197170227766,0.012784958817064762,0.0013460051268339157
000361_jpg.rf.373518288e417cc551b309d3533c6d0f.jpg,10,0.6657211780548096,0.4419110417366028,0.3688676655292511,0.5209289193153381,0.9463549852371216
000380_jpg.rf.7216ac7b95b9137ab398250ae08e026c.jpg,10,0.5524142980575562,0.4417867064476013,0.1824042648077011,0.27981939911842346,0.9427781701087952
000380_jpg.rf.7216ac7b95b9137ab398250ae08e026c.jpg,0,0.003385005285963416,0.5574221014976501,0.006770010571926832,0.06920594722032547,0.007698720786720514
000380_jpg.rf.7216ac7b95b9137ab398250ae08e026c.jpg,0,0.00314088212326169,0.5696722269058228,0.00628176424652338,0.04508693516254425,0.007563090417534113
000380_jpg.rf.7216ac7b95b9137ab398250ae08e026c.jpg,0,0.004183157347142696,0.5758967995643616,0.008107088506221771,0.030758637934923172,0.0034509217366576195
000380_jpg.rf.7216ac7b95b9137ab398250ae08e026c.jpg,1,0.04146917164325714,0.5432019829750061,0.07937202602624893,0.12459872663021088,0.0020167436450719833
000380_jpg.rf.7216ac7b95b9137ab398250ae08e026c.jpg,0,0.9834630489349365,0.004748242907226086,0.030206020921468735,0.009496485814452171,0.0014218991855159402
000380_jpg.rf.7216ac7b95b9137ab398250ae08e026c.jpg,0,0.009022274985909462,0.5529861450195312,0.01640145666897297,0.1559940129518509,0.001309239654801786
000380_jpg.rf.7216ac7b95b9137ab398250ae08e026c.jpg,0,0.00757902255281806,0.5572578310966492,0.01515804510563612,0.23305538296699524,0.0012564671924337745
000380_jpg.rf.7216ac7b95b9137ab398250ae08e026c.jpg,0,0.007802850101143122,0.5736973285675049,0.015605700202286243,0.04782254993915558,0.0011224016780033708
000380_jpg.rf.7216ac7b95b9137ab398250ae08e026c.jpg,0,0.003059226321056485,0.5930776000022888,0.00611845264211297,0.087139792740345,0.001096084015443921
000383_jpg.rf.070efbd57b6f1e61ece84acca33ec797.jpg,7,0.5983132719993591,0.4321724474430084,0.17390453815460205,0.24199362099170685,0.8506742119789124
000383_jpg.rf.070efbd57b6f1e61ece84acca33ec797.jpg,9,0.5980817675590515,0.4327215254306793,0.17091941833496094,0.23884843289852142,0.25746914744377136
000383_jpg.rf.070efbd57b6f1e61ece84acca33ec797.jpg,1,0.7418215870857239,0.5884206891059875,0.012777108699083328,0.028957514092326164,0.07102327793836594
000383_jpg.rf.070efbd57b6f1e61ece84acca33ec797.jpg,13,0.5931926965713501,0.4911966621875763,0.13864697515964508,0.12216506153345108,0.0031348643824458122
000383_jpg.rf.070efbd57b6f1e61ece84acca33ec797.jpg,14,0.6849125027656555,0.5,0.6301751136779785,1.0,0.0019839166197925806
000384_jpg.rf.0bd20cbc913cf806be9769b408f6e5d6.jpg,10,0.37816840410232544,0.34777364134788513,0.10398406535387039,0.12700381875038147,0.8050584197044373
000384_jpg.rf.0bd20cbc913cf806be9769b408f6e5d6.jpg,0,0.9796871542930603,0.1057499423623085,0.039933279156684875,0.04175785183906555,0.0039999340660870075
000384_jpg.rf.0bd20cbc913cf806be9769b408f6e5d6.jpg,1,0.08561177551746368,0.19559729099273682,0.0119329784065485,0.01236966997385025,0.0028578813653439283
000412_jpg.rf.4201db338b39b5c120994db37fbf058f.jpg,7,0.6380888223648071,0.4143349230289459,0.5287606120109558,0.6574667096138,0.9473060369491577
000412_jpg.rf.4201db338b39b5c120994db37fbf058f.jpg,9,0.05218835175037384,0.3275805413722992,0.03220196068286896,0.044231563806533813,0.0014693457633256912
000443_jpg.rf.a212d740b71445278e52aec90cdd3e47.jpg,7,0.6123656630516052,0.3112546503543854,0.2842651307582855,0.4096952974796295,0.9375752806663513
000443_jpg.rf.a212d740b71445278e52aec90cdd3e47.jpg,1,0.815667986869812,0.6425453424453735,0.013017581775784492,0.03964893892407417,0.0032799402251839638
000443_jpg.rf.a212d740b71445278e52aec90cdd3e47.jpg,0,0.6699883341789246,0.9262022376060486,0.01895882561802864,0.03876033425331116,0.003123317379504442
000443_jpg.rf.a212d740b71445278e52aec90cdd3e47.jpg,1,0.21450142562389374,0.41072139143943787,0.4290028512477875,0.8190737366676331,0.0012191224377602339
000446_jpg.rf.6c9f95ad6ab51802829691fd907953e2.jpg,7,0.6420859098434448,0.4810919165611267,0.4786882996559143,0.64894700050354,0.9446056485176086
000446_jpg.rf.6c9f95ad6ab51802829691fd907953e2.jpg,0,0.9778011441230774,0.17273378372192383,0.04439779743552208,0.0986897274851799,0.015291368588805199
000446_jpg.rf.6c9f95ad6ab51802829691fd907953e2.jpg,0,0.9831128120422363,0.18487301468849182,0.03377445042133331,0.0751340240240097,0.011927603743970394
000446_jpg.rf.6c9f95ad6ab51802829691fd907953e2.jpg,0,0.9424126148223877,0.10495340079069138,0.024039562791585922,0.03935055807232857,0.0037785032764077187
000446_jpg.rf.6c9f95ad6ab51802829691fd907953e2.jpg,0,0.16489064693450928,0.8647854328155518,0.04767266660928726,0.03816817328333855,0.0034643220715224743
000446_jpg.rf.6c9f95ad6ab51802829691fd907953e2.jpg,0,0.6470127105712891,0.7329949736595154,0.010470317676663399,0.011410786770284176,0.0031093230936676264
000446_jpg.rf.6c9f95ad6ab51802829691fd907953e2.jpg,0,0.9856720566749573,0.038172848522663116,0.028652705252170563,0.07436814159154892,0.0031021232716739178
000446_jpg.rf.6c9f95ad6ab51802829691fd907953e2.jpg,0,0.9850833415985107,0.07382924109697342,0.02981288731098175,0.14765848219394684,0.0023379025515168905
000446_jpg.rf.6c9f95ad6ab51802829691fd907953e2.jpg,0,0.9408763647079468,0.3294343948364258,0.037904080003499985,0.021000422537326813,0.002166727790609002
000446_jpg.rf.6c9f95ad6ab51802829691fd907953e2.jpg,0,0.9155815243721008,0.10535053163766861,0.08500415086746216,0.04428466781973839,0.0021076418925076723
000446_jpg.rf.6c9f95ad6ab51802829691fd907953e2.jpg,0,0.9817872047424316,0.19731569290161133,0.03642573952674866,0.06633202731609344,0.0015401013661175966
000446_jpg.rf.6c9f95ad6ab51802829691fd907953e2.jpg,0,0.986855149269104,0.055218152701854706,0.025740331038832664,0.11043630540370941,0.0013567324494943023
000446_jpg.rf.6c9f95ad6ab51802829691fd907953e2.jpg,1,0.4077802300453186,0.005443756002932787,0.05381276085972786,0.010887512005865574,0.0013202790869399905
000446_jpg.rf.6c9f95ad6ab51802829691fd907953e2.jpg,0,0.9843367338180542,0.10853908956050873,0.031195642426609993,0.0924406424164772,0.001106360461562872
000464_jpg.rf.e5b8f6d9c318c1ad7e34ee049bd64988.jpg,11,0.3195284307003021,0.2824680209159851,0.32169461250305176,0.5521098375320435,0.9309107661247253
000464_jpg.rf.e5b8f6d9c318c1ad7e34ee049bd64988.jpg,14,0.3173910081386566,0.5217399597167969,0.1313677579164505,0.07202372699975967,0.0010568770812824368
000466_jpg.rf.f609fd155d77826a456bb83ec2fba973.jpg,11,0.5060100555419922,0.44232937693595886,0.35053354501724243,0.21406549215316772,0.934579074382782
000466_jpg.rf.f609fd155d77826a456bb83ec2fba973.jpg,0,0.9835323095321655,0.14789842069149017,0.03293558210134506,0.037144508212804794,0.01253136619925499
000466_jpg.rf.f609fd155d77826a456bb83ec2fba973.jpg,0,0.9846348762512207,0.13544659316539764,0.030730394646525383,0.06701572984457016,0.0017525176517665386
000475_jpg.rf.b44fe1a1d53315f7ff81d3bea0277189.jpg,11,0.5871383547782898,0.2098141461610794,0.30156540870666504,0.36598506569862366,0.94339519739151
000475_jpg.rf.b44fe1a1d53315f7ff81d3bea0277189.jpg,1,0.3595353364944458,0.499572217464447,0.7189986705780029,0.999144434928894,0.007386095821857452
000475_jpg.rf.b44fe1a1d53315f7ff81d3bea0277189.jpg,12,0.01287760678678751,0.2489975094795227,0.02575521357357502,0.4979950189590454,0.004719502758234739
000475_jpg.rf.b44fe1a1d53315f7ff81d3bea0277189.jpg,1,0.942006528377533,0.4998019337654114,0.11598697304725647,0.9920676946640015,0.0032280918676406145
000475_jpg.rf.b44fe1a1d53315f7ff81d3bea0277189.jpg,1,0.9082789421081543,0.4998658001422882,0.1832621693611145,0.9997316002845764,0.0032174750231206417
000475_jpg.rf.b44fe1a1d53315f7ff81d3bea0277189.jpg,1,0.8047095537185669,0.5,0.39058101177215576,1.0,0.0027054878883063793
000478_jpg.rf.ea1348c002d93944315cd4db7cccc0ed.jpg,11,0.6778870820999146,0.3519570827484131,0.2106350064277649,0.3098374903202057,0.9265862703323364
000478_jpg.rf.ea1348c002d93944315cd4db7cccc0ed.jpg,0,0.5237112045288086,0.731161892414093,0.018629955127835274,0.011252550408244133,0.012946058064699173
000478_jpg.rf.ea1348c002d93944315cd4db7cccc0ed.jpg,0,0.5242096781730652,0.7307025790214539,0.021097293123602867,0.015082432888448238,0.012886558659374714
000478_jpg.rf.ea1348c002d93944315cd4db7cccc0ed.jpg,0,0.5226331949234009,0.7329009175300598,0.019390106201171875,0.013727115467190742,0.012041956186294556
000478_jpg.rf.ea1348c002d93944315cd4db7cccc0ed.jpg,0,0.4537208080291748,0.8266702890396118,0.015174866653978825,0.009064381010830402,0.0010744408937171102
000478_jpg.rf.ea1348c002d93944315cd4db7cccc0ed.jpg,0,0.002607326954603195,0.6538709998130798,0.00521465390920639,0.01855725608766079,0.0010129217989742756
000485_jpg.rf.af7e94cba40a41c54db6ce2495de5789.jpg,11,0.52118319272995,0.6404269337654114,0.1682380884885788,0.22475455701351166,0.9285975098609924
000485_jpg.rf.af7e94cba40a41c54db6ce2495de5789.jpg,0,0.13118261098861694,0.08469753712415695,0.07330001890659332,0.052215561270713806,0.03164147585630417
000485_jpg.rf.af7e94cba40a41c54db6ce2495de5789.jpg,0,0.9867461919784546,0.7205630540847778,0.02494320645928383,0.021493032574653625,0.018184540793299675
000485_jpg.rf.af7e94cba40a41c54db6ce2495de5789.jpg,1,0.1314874142408371,0.08533117175102234,0.0736028328537941,0.05171063542366028,0.0014381271321326494
000485_jpg.rf.af7e94cba40a41c54db6ce2495de5789.jpg,0,0.9954537749290466,0.1643218845129013,0.009092404507100582,0.03047965280711651,0.0011080987751483917
000488_jpg.rf.39fb3e780926eca95137e27b755f19af.jpg,11,0.6871483325958252,0.6396715044975281,0.37049591541290283,0.25036874413490295,0.9258086681365967
000488_jpg.rf.39fb3e780926eca95137e27b755f19af.jpg,0,0.5705531239509583,0.9809924960136414,0.008571368642151356,0.006082241423428059,0.003964283969253302
000488_jpg.rf.39fb3e780926eca95137e27b755f19af.jpg,7,0.23251594603061676,0.1112048476934433,0.024203889071941376,0.04946000128984451,0.0035321584437042475
000488_jpg.rf.39fb3e780926eca95137e27b755f19af.jpg,8,0.23419032990932465,0.11211178451776505,0.022011445835232735,0.05121161416172981,0.0012359221000224352
000495_jpg.rf.62cc333852734fdf12c38fb00d5a8273.jpg,11,0.22760961949825287,0.5142332315444946,0.2942386567592621,0.4547542631626129,0.9296054244041443
000495_jpg.rf.62cc333852734fdf12c38fb00d5a8273.jpg,1,0.800855815410614,0.220110684633255,0.007825484499335289,0.020889172330498695,0.04828965663909912
000495_jpg.rf.62cc333852734fdf12c38fb00d5a8273.jpg,1,0.2337598204612732,0.2757064402103424,0.00864856131374836,0.01710638776421547,0.01132290530949831
000495_jpg.rf.62cc333852734fdf12c38fb00d5a8273.jpg,1,0.800321102142334,0.2194518744945526,0.010766102932393551,0.022880610078573227,0.002739718183875084
000495_jpg.rf.62cc333852734fdf12c38fb00d5a8273.jpg,9,0.3682865798473358,0.45020416378974915,0.028701195493340492,0.06831015646457672,0.0016770827351137996
000500_jpg.rf.b742528d52c611a0eb6f2d0453a3c81a.jpg,11,0.8230251669883728,0.44058236479759216,0.10155883431434631,0.13650062680244446,0.9187405109405518
000500_jpg.rf.b742528d52c611a0eb6f2d0453a3c81a.jpg,4,0.8225228786468506,0.43665534257888794,0.10210419446229935,0.14588478207588196,0.17092721164226532
000500_jpg.rf.b742528d52c611a0eb6f2d0453a3c81a.jpg,10,0.8226931691169739,0.4399717152118683,0.10186393558979034,0.13931334018707275,0.006558896973729134
000500_jpg.rf.b742528d52c611a0eb6f2d0453a3c81a.jpg,1,0.23779144883155823,0.9311424493789673,0.01009101141244173,0.015812067314982414,0.0023481915704905987
000500_jpg.rf.b742528d52c611a0eb6f2d0453a3c81a.jpg,10,0.39753350615501404,0.34989863634109497,0.7881789803504944,0.6944746375083923,0.0014348248951137066
000507_jpg.rf.cef3041f8b255c4cea0070fe8e2c04e4.jpg,11,0.6710087656974792,0.34370553493499756,0.35759788751602173,0.29394519329071045,0.9068741798400879
000507_jpg.rf.cef3041f8b255c4cea0070fe8e2c04e4.jpg,1,0.8308472037315369,0.9961434602737427,0.011953501030802727,0.0063913785852491856,0.008757367730140686
000507_jpg.rf.cef3041f8b255c4cea0070fe8e2c04e4.jpg,0,0.5604771375656128,0.9849798083305359,0.04551620036363602,0.030040375888347626,0.00546651054173708
000507_jpg.rf.cef3041f8b255c4cea0070fe8e2c04e4.jpg,14,0.9587950706481934,0.6428917050361633,0.06163568049669266,0.06562842428684235,0.004022550769150257
000512_jpg.rf.e2e180ced9b44c98c59556fef04838bd.jpg,11,0.37896251678466797,0.4678806662559509,0.606909453868866,0.7294201254844666,0.9390333294868469
000512_jpg.rf.e2e180ced9b44c98c59556fef04838bd.jpg,11,0.832342267036438,0.1951555609703064,0.2135947346687317,0.2616938352584839,0.9253542423248291
000514_jpg.rf.b0d6f6a9a9a1c36ac223b9185a3cfed6.jpg,11,0.7146929502487183,0.26117998361587524,0.08922335505485535,0.11461322754621506,0.8370267152786255
000514_jpg.rf.b0d6f6a9a9a1c36ac223b9185a3cfed6.jpg,10,0.7142155170440674,0.26022425293922424,0.08697789162397385,0.11441148817539215,0.04137908294796944
000514_jpg.rf.b0d6f6a9a9a1c36ac223b9185a3cfed6.jpg,1,0.6727584004402161,0.44361454248428345,0.011788662523031235,0.03633345291018486,0.027530143037438393
000514_jpg.rf.b0d6f6a9a9a1c36ac223b9185a3cfed6.jpg,1,0.012943956069648266,0.32524242997169495,0.025238174945116043,0.01333489827811718,0.006754538044333458
000514_jpg.rf.b0d6f6a9a9a1c36ac223b9185a3cfed6.jpg,1,0.378326416015625,0.7276990413665771,0.02236689068377018,0.017444832250475883,0.006356172729283571
000514_jpg.rf.b0d6f6a9a9a1c36ac223b9185a3cfed6.jpg,0,0.7700717449188232,0.6351394653320312,0.009271768853068352,0.008138803765177727,0.002882175613194704
000514_jpg.rf.b0d6f6a9a9a1c36ac223b9185a3cfed6.jpg,0,0.6572305560112,0.42990583181381226,0.12941955029964447,0.2691466212272644,0.002710200846195221
000514_jpg.rf.b0d6f6a9a9a1c36ac223b9185a3cfed6.jpg,6,0.5,0.6519436240196228,1.0,0.696112871170044,0.0026004407554864883
000514_jpg.rf.b0d6f6a9a9a1c36ac223b9185a3cfed6.jpg,1,0.5936026573181152,0.14910869300365448,0.8109390735626221,0.29821738600730896,0.0022452659904956818
000514_jpg.rf.b0d6f6a9a9a1c36ac223b9185a3cfed6.jpg,0,0.2186354249715805,0.3268333673477173,0.008482987992465496,0.008482236415147781,0.001475068973377347
000514_jpg.rf.b0d6f6a9a9a1c36ac223b9185a3cfed6.jpg,11,0.5871850252151489,0.23935773968696594,0.8206972479820251,0.4760638177394867,0.001425266731530428
000514_jpg.rf.b0d6f6a9a9a1c36ac223b9185a3cfed6.jpg,14,0.5001472234725952,0.7579179406166077,0.9997056722640991,0.48416414856910706,0.0013485110830515623
000514_jpg.rf.b0d6f6a9a9a1c36ac223b9185a3cfed6.jpg,1,0.010720261372625828,0.3168041408061981,0.021239090710878372,0.016317367553710938,0.0010531933512538671
000514_jpg.rf.b0d6f6a9a9a1c36ac223b9185a3cfed6.jpg,1,0.6734169721603394,0.44687342643737793,0.014437749050557613,0.04480692371726036,0.0010234558722004294
000534_jpg.rf.fc7a9c184c96044637a59a8abbc842d2.jpg,11,0.8093683123588562,0.46264055371284485,0.14327703416347504,0.19222000241279602,0.9363062977790833
000534_jpg.rf.fc7a9c184c96044637a59a8abbc842d2.jpg,13,0.7054722905158997,0.5433038473129272,0.012618138454854488,0.02665901370346546,0.025844378396868706
000534_jpg.rf.fc7a9c184c96044637a59a8abbc842d2.jpg,0,0.19168245792388916,0.004253645893186331,0.03405662626028061,0.008507291786372662,0.0046160900965332985
000534_jpg.rf.fc7a9c184c96044637a59a8abbc842d2.jpg,1,0.21799245476722717,0.018108265474438667,0.037692200392484665,0.036216530948877335,0.0029454189352691174
000534_jpg.rf.fc7a9c184c96044637a59a8abbc842d2.jpg,10,0.8091763257980347,0.46293899416923523,0.14538471400737762,0.19019821286201477,0.0028612182941287756
000534_jpg.rf.fc7a9c184c96044637a59a8abbc842d2.jpg,0,0.4732931852340698,0.012730289250612259,0.034639544785022736,0.025460578501224518,0.002712348708882928
000534_jpg.rf.fc7a9c184c96044637a59a8abbc842d2.jpg,0,0.24267391860485077,0.010034732520580292,0.119021937251091,0.020069202408194542,0.0024177066516131163
000534_jpg.rf.fc7a9c184c96044637a59a8abbc842d2.jpg,1,0.20947882533073425,0.019511615857481956,0.017054429277777672,0.037944771349430084,0.0020671801175922155
000534_jpg.rf.fc7a9c184c96044637a59a8abbc842d2.jpg,1,0.2067907452583313,0.015020180493593216,0.03858757019042969,0.030040360987186432,0.0019420498283579946
000534_jpg.rf.fc7a9c184c96044637a59a8abbc842d2.jpg,0,0.27433550357818604,0.007013869471848011,0.07983499765396118,0.014023097231984138,0.0019301928114145994
000534_jpg.rf.fc7a9c184c96044637a59a8abbc842d2.jpg,0,0.2746918797492981,0.013058068230748177,0.08634626120328903,0.02603580243885517,0.001863717450760305
000534_jpg.rf.fc7a9c184c96044637a59a8abbc842d2.jpg,0,0.27934297919273376,0.0048563797026872635,0.06696803867816925,0.009712759405374527,0.0014985757879912853
000534_jpg.rf.fc7a9c184c96044637a59a8abbc842d2.jpg,0,0.2502850890159607,0.017904775217175484,0.13038167357444763,0.03580955043435097,0.001411554287187755
000534_jpg.rf.fc7a9c184c96044637a59a8abbc842d2.jpg,1,0.21253487467765808,0.008685012347996235,0.06267212331295013,0.01734711416065693,0.0013706928584724665
000534_jpg.rf.fc7a9c184c96044637a59a8abbc842d2.jpg,1,0.19801859557628632,0.004217331763356924,0.05682156980037689,0.008434663526713848,0.0011738752946257591
000534_jpg.rf.fc7a9c184c96044637a59a8abbc842d2.jpg,0,0.26398971676826477,0.016058040782809258,0.10066097229719162,0.032116081565618515,0.001145650283433497
000534_jpg.rf.fc7a9c184c96044637a59a8abbc842d2.jpg,1,0.47218701243400574,0.012892447412014008,0.030445173382759094,0.02542486973106861,0.0010924163507297635
000534_jpg.rf.fc7a9c184c96044637a59a8abbc842d2.jpg,0,0.18485693633556366,0.005022371653467417,0.024105586111545563,0.010044743306934834,0.0010782029712572694
000534_jpg.rf.fc7a9c184c96044637a59a8abbc842d2.jpg,0,0.2920566201210022,0.004488152451813221,0.05926354229450226,0.008976304903626442,0.0010492001892998815
000558_jpg.rf.40c69cee11121c32100bc0ec9dc29849.jpg,12,0.794921875,0.35589835047721863,0.33706820011138916,0.4110884368419647,0.9337188005447388
000558_jpg.rf.40c69cee11121c32100bc0ec9dc29849.jpg,1,0.39067503809928894,0.38797488808631897,0.040268972516059875,0.0240390133112669,0.10568546503782272
000558_jpg.rf.40c69cee11121c32100bc0ec9dc29849.jpg,1,0.6476380228996277,0.6195539832115173,0.039351172745227814,0.030771035701036453,0.011776788160204887
000558_jpg.rf.40c69cee11121c32100bc0ec9dc29849.jpg,1,0.38744765520095825,0.3879570960998535,0.04041565582156181,0.031851403415203094,0.009501658380031586
000558_jpg.rf.40c69cee11121c32100bc0ec9dc29849.jpg,1,0.39684998989105225,0.3902064859867096,0.036156728863716125,0.03395121172070503,0.008569208905100822
000558_jpg.rf.40c69cee11121c32100bc0ec9dc29849.jpg,1,0.40073493123054504,0.39748090505599976,0.03398594632744789,0.04454689845442772,0.0029531854670494795
000558_jpg.rf.40c69cee11121c32100bc0ec9dc29849.jpg,1,0.8145397305488586,0.9230117201805115,0.012148857116699219,0.016345243901014328,0.00274671264924109
000558_jpg.rf.40c69cee11121c32100bc0ec9dc29849.jpg,1,0.4374462366104126,0.35791024565696716,0.04687562584877014,0.029483282938599586,0.002346617169678211
000566_jpg.rf.85d938d7ad9b91799d8732111b98cc79.jpg,12,0.3983215093612671,0.2246093899011612,0.19412246346473694,0.2918780446052551,0.8924593329429626
000566_jpg.rf.85d938d7ad9b91799d8732111b98cc79.jpg,0,0.5798851251602173,0.6606335639953613,0.023529164493083954,0.07021559774875641,0.13595803081989288
000566_jpg.rf.85d938d7ad9b91799d8732111b98cc79.jpg,1,0.5794087648391724,0.6603266000747681,0.023456208407878876,0.06709165126085281,0.004845064599066973
000566_jpg.rf.85d938d7ad9b91799d8732111b98cc79.jpg,0,0.31418687105178833,0.4851498007774353,0.6283737421035767,0.9702996015548706,0.004170008935034275
000566_jpg.rf.85d938d7ad9b91799d8732111b98cc79.jpg,11,0.5179457664489746,0.5,0.9627012014389038,1.0,0.0017666168278083205
000566_jpg.rf.85d938d7ad9b91799d8732111b98cc79.jpg,11,0.5079207420349121,0.7381222248077393,0.9841585755348206,0.5237556099891663,0.001262613688595593
000566_jpg.rf.85d938d7ad9b91799d8732111b98cc79.jpg,0,0.18454034626483917,0.4614408314228058,0.36908069252967834,0.9220564961433411,0.0011873476905748248
000566_jpg.rf.85d938d7ad9b91799d8732111b98cc79.jpg,0,0.8620235919952393,0.0698031485080719,0.037380367517471313,0.0735047310590744,0.0011272710980847478
000566_jpg.rf.85d938d7ad9b91799d8732111b98cc79.jpg,0,0.8250226378440857,0.5040877461433411,0.349954754114151,0.9918245673179626,0.0010687424801290035
000566_jpg.rf.85d938d7ad9b91799d8732111b98cc79.jpg,0,0.25462865829467773,0.8884880542755127,0.025131795555353165,0.01936098374426365,0.001006769249215722
000592_jpg.rf.7264e25a590f878fcb39467d550219de.jpg,12,0.7204312086105347,0.387962281703949,0.5232561826705933,0.7738645076751709,0.9228036403656006
000592_jpg.rf.7264e25a590f878fcb39467d550219de.jpg,14,0.6275131702423096,0.3927694261074066,0.0638987123966217,0.09997235983610153,0.0012899633729830384
000595_jpg.rf.5b549a5e1f209899e21445383698e00d.jpg,12,0.6985960006713867,0.686579704284668,0.4184988737106323,0.611320972442627,0.9227607846260071
000595_jpg.rf.5b549a5e1f209899e21445383698e00d.jpg,0,0.4830515384674072,0.10618248581886292,0.0121026411652565,0.0311234463006258,0.0020068963058292866
000595_jpg.rf.5b549a5e1f209899e21445383698e00d.jpg,1,0.6037452816963196,0.961869478225708,0.01782732829451561,0.025468606501817703,0.0014657549327239394
000596_jpg.rf.eb635457db0d42d1d585000296f83145.jpg,12,0.7796079516410828,0.3880813717842102,0.427959680557251,0.7325223088264465,0.925022304058075
000596_jpg.rf.eb635457db0d42d1d585000296f83145.jpg,1,0.182097390294075,0.5001747012138367,0.36419478058815,0.9996507167816162,0.0012817283859476447
000599_jpg.rf.87f4886233a457df94743a34ee410218.jpg,12,0.8116598725318909,0.24321432411670685,0.3332251012325287,0.47726985812187195,0.92518150806427
000599_jpg.rf.87f4886233a457df94743a34ee410218.jpg,1,0.3046858310699463,0.5313091278076172,0.036733921617269516,0.025251390412449837,0.005574306007474661
000599_jpg.rf.87f4886233a457df94743a34ee410218.jpg,1,0.3058631122112274,0.5377646684646606,0.0388450101017952,0.043106336146593094,0.004464082419872284
000599_jpg.rf.87f4886233a457df94743a34ee410218.jpg,1,0.3087857663631439,0.5448429584503174,0.036841981112957,0.04748142883181572,0.0034787978511303663
000599_jpg.rf.87f4886233a457df94743a34ee410218.jpg,1,0.3204178214073181,0.5509941577911377,0.029873279854655266,0.03786391764879227,0.003265820909291506
000599_jpg.rf.87f4886233a457df94743a34ee410218.jpg,1,0.30059871077537537,0.5289842486381531,0.044092729687690735,0.03572743013501167,0.0013288783375173807
000599_jpg.rf.87f4886233a457df94743a34ee410218.jpg,1,0.6390153765678406,0.5272899866104126,0.05978305637836456,0.05148179829120636,0.0012174897128716111
000599_jpg.rf.87f4886233a457df94743a34ee410218.jpg,1,0.3206678628921509,0.551194965839386,0.02503582276403904,0.029457606375217438,0.0011727471137419343
000599_jpg.rf.87f4886233a457df94743a34ee410218.jpg,1,0.3219258785247803,0.5471630096435547,0.027541454881429672,0.023188885301351547,0.0010383074404671788
000626_jpg.rf.844a2fbefbe88499e977a640a50441c8.jpg,12,0.509341835975647,0.2506246566772461,0.22035878896713257,0.3812042772769928,0.9136509895324707
000629_jpg.rf.7fc79b6ca0f85116dc5588dd6869900c.jpg,12,0.4518187344074249,0.33969494700431824,0.4627423882484436,0.340915322303772,0.9255131483078003
000629_jpg.rf.7fc79b6ca0f85116dc5588dd6869900c.jpg,1,0.6968612670898438,0.15356166660785675,0.011541660875082016,0.008152475580573082,0.026155997067689896
000629_jpg.rf.7fc79b6ca0f85116dc5588dd6869900c.jpg,1,0.6974567770957947,0.15296287834644318,0.014668538235127926,0.010016707703471184,0.004273068625479937
000629_jpg.rf.7fc79b6ca0f85116dc5588dd6869900c.jpg,1,0.7084518671035767,0.08562156558036804,0.025974862277507782,0.022046703845262527,0.003833597991615534
000629_jpg.rf.7fc79b6ca0f85116dc5588dd6869900c.jpg,0,0.7410104274749756,0.49816349148750305,0.02139751799404621,0.01554613932967186,0.0036106330808252096
000629_jpg.rf.7fc79b6ca0f85116dc5588dd6869900c.jpg,1,0.8741540312767029,0.1276845782995224,0.03828327730298042,0.020017147064208984,0.003279261989519
000629_jpg.rf.7fc79b6ca0f85116dc5588dd6869900c.jpg,1,0.9512267112731934,0.007067115046083927,0.07088294625282288,0.014134230092167854,0.0032367720268666744
000629_jpg.rf.7fc79b6ca0f85116dc5588dd6869900c.jpg,1,0.8084898591041565,0.0719485729932785,0.020295951515436172,0.016997311264276505,0.0030980927404016256
000629_jpg.rf.7fc79b6ca0f85116dc5588dd6869900c.jpg,0,0.24480047821998596,0.9950208067893982,0.007224083412438631,0.006225439254194498,0.0019819859880954027
000629_jpg.rf.7fc79b6ca0f85116dc5588dd6869900c.jpg,1,0.9703149199485779,0.23653768002986908,0.018320083618164062,0.012890816666185856,0.001497585792094469
000629_jpg.rf.7fc79b6ca0f85116dc5588dd6869900c.jpg,1,0.9913489818572998,0.1587129384279251,0.01654023490846157,0.020495103672146797,0.001359168323688209
000629_jpg.rf.7fc79b6ca0f85116dc5588dd6869900c.jpg,1,0.6986883878707886,0.15119114518165588,0.01855490915477276,0.014268948696553707,0.0012572428677231073
000629_jpg.rf.7fc79b6ca0f85116dc5588dd6869900c.jpg,1,0.7117981910705566,0.08442134410142899,0.030951574444770813,0.02767828479409218,0.0012361729750409722
000629_jpg.rf.7fc79b6ca0f85116dc5588dd6869900c.jpg,1,0.5329803228378296,0.1179644912481308,0.012136349454522133,0.009848365560173988,0.0012221734505146742
000629_jpg.rf.7fc79b6ca0f85116dc5588dd6869900c.jpg,1,0.9514690637588501,0.008390241302549839,0.0937972441315651,0.016780482605099678,0.001217317534610629
000629_jpg.rf.7fc79b6ca0f85116dc5588dd6869900c.jpg,0,0.8776373267173767,0.12843932211399078,0.04397003725171089,0.021664747968316078,0.0011617683339864016
000629_jpg.rf.7fc79b6ca0f85116dc5588dd6869900c.jpg,7,0.454716295003891,0.1044604554772377,0.8901171684265137,0.2089209109544754,0.001019988558255136
000635_jpg.rf.add3c9544fc93e8ad88fcb67fbb714cb.jpg,12,0.4928104281425476,0.16280503571033478,0.1143612191081047,0.14985111355781555,0.8616843819618225
000635_jpg.rf.add3c9544fc93e8ad88fcb67fbb714cb.jpg,0,0.9754300117492676,0.9841877222061157,0.04914012551307678,0.03162457421422005,0.006350546143949032
000635_jpg.rf.add3c9544fc93e8ad88fcb67fbb714cb.jpg,0,0.9645673632621765,0.9918938279151917,0.07086534053087234,0.01621246337890625,0.0014273469569161534
000635_jpg.rf.add3c9544fc93e8ad88fcb67fbb714cb.jpg,0,0.9768015146255493,0.9709823727607727,0.045843787491321564,0.058035410940647125,0.00123952969443053
000635_jpg.rf.add3c9544fc93e8ad88fcb67fbb714cb.jpg,12,0.4690941572189331,0.16553285717964172,0.16335201263427734,0.15030156075954437,0.0012185960076749325
000644_jpg.rf.e150fedf356c73b528bb6943f267e094.jpg,12,0.37244415283203125,0.21266290545463562,0.34345370531082153,0.2258315235376358,0.9077991843223572
000644_jpg.rf.e150fedf356c73b528bb6943f267e094.jpg,0,0.8002123236656189,0.5064712762832642,0.018561290577054024,0.014345096424221992,0.036467164754867554
000644_jpg.rf.e150fedf356c73b528bb6943f267e094.jpg,0,0.6659245491027832,0.5126259922981262,0.015722788870334625,0.009996671229600906,0.026034193113446236
000644_jpg.rf.e150fedf356c73b528bb6943f267e094.jpg,1,0.5731567740440369,0.5260469913482666,0.008719921112060547,0.007102783303707838,0.0026494432240724564
000644_jpg.rf.e150fedf356c73b528bb6943f267e094.jpg,0,0.5758887529373169,0.5257052183151245,0.01227569580078125,0.008433269336819649,0.0016052864957600832
000644_jpg.rf.e150fedf356c73b528bb6943f267e094.jpg,1,0.2956375777721405,0.3382910192012787,0.022058360278606415,0.024563753977417946,0.001553299487568438
000644_jpg.rf.e150fedf356c73b528bb6943f267e094.jpg,0,0.8017464280128479,0.5061057209968567,0.02357732504606247,0.020737575367093086,0.0013863773783668876
000644_jpg.rf.e150fedf356c73b528bb6943f267e094.jpg,1,0.6570491790771484,0.31536954641342163,0.018209164962172508,0.01639503799378872,0.0011656443821266294
000649_jpg.rf.f86b7d2974091d1956dedec6e79cbf61.jpg,12,0.2794502377510071,0.1656356304883957,0.12754471600055695,0.17001508176326752,0.8691034317016602
000649_jpg.rf.f86b7d2974091d1956dedec6e79cbf61.jpg,0,0.2772321105003357,0.2641894817352295,0.005970899946987629,0.012096919119358063,0.0024238370824605227
000649_jpg.rf.f86b7d2974091d1956dedec6e79cbf61.jpg,10,0.27812889218330383,0.18329519033432007,0.1256638914346695,0.13912057876586914,0.0024106460623443127
000649_jpg.rf.f86b7d2974091d1956dedec6e79cbf61.jpg,1,0.5187293291091919,0.6002196669578552,0.9582970142364502,0.7995607256889343,0.0015929616056382656
000649_jpg.rf.f86b7d2974091d1956dedec6e79cbf61.jpg,1,0.008798032999038696,0.698580265045166,0.01708538457751274,0.014538545161485672,0.0013150145532563329
000649_jpg.rf.f86b7d2974091d1956dedec6e79cbf61.jpg,1,0.014655032195150852,0.7010914087295532,0.018191492184996605,0.011708919890224934,0.001151206553913653
000652_jpg.rf.2d13be3464e928dde8d4e3a7ed638236.jpg,12,0.6375429034233093,0.5300872921943665,0.08611781895160675,0.12397942692041397,0.850877583026886
000652_jpg.rf.2d13be3464e928dde8d4e3a7ed638236.jpg,0,0.9188218712806702,0.9501106142997742,0.1617598980665207,0.09977883845567703,0.009487142786383629
000652_jpg.rf.2d13be3464e928dde8d4e3a7ed638236.jpg,13,0.637302041053772,0.5306680202484131,0.08823013305664062,0.12904512882232666,0.006734188180416822
000652_jpg.rf.2d13be3464e928dde8d4e3a7ed638236.jpg,0,0.6039318442344666,0.6701093316078186,0.022204583510756493,0.014451100490987301,0.005468296818435192
000652_jpg.rf.2d13be3464e928dde8d4e3a7ed638236.jpg,12,0.6722014546394348,0.5308718681335449,0.15873388946056366,0.1277018040418625,0.003734275698661804
000652_jpg.rf.2d13be3464e928dde8d4e3a7ed638236.jpg,14,0.5253971219062805,0.7533325552940369,0.9492058157920837,0.4933350384235382,0.003225622931495309
000652_jpg.rf.2d13be3464e928dde8d4e3a7ed638236.jpg,12,0.5074546933174133,0.49843257665634155,0.36208611726760864,0.7252067923545837,0.00121173111256212
000652_jpg.rf.2d13be3464e928dde8d4e3a7ed638236.jpg,12,0.4790007770061493,0.5410059094429016,0.4482147693634033,0.9179882407188416,0.001132141798734665
000652_jpg.rf.2d13be3464e928dde8d4e3a7ed638236.jpg,0,0.9193354249000549,0.9652734994888306,0.1613292694091797,0.06945294886827469,0.0010587071301415563
000654_jpg.rf.d267c50f2def671a3af6c7816a990548.jpg,12,0.45415982604026794,0.37058383226394653,0.19681066274642944,0.2916661202907562,0.8946605324745178
000654_jpg.rf.d267c50f2def671a3af6c7816a990548.jpg,0,0.801615297794342,0.49916398525238037,0.07208926975727081,0.044223420321941376,0.009694256819784641
000654_jpg.rf.d267c50f2def671a3af6c7816a990548.jpg,1,0.8060838580131531,0.5812277793884277,0.009024693630635738,0.008523060940206051,0.004451203625649214
000654_jpg.rf.d267c50f2def671a3af6c7816a990548.jpg,0,0.4132499098777771,0.5132684707641602,0.02353495918214321,0.019079355522990227,0.003854600014165044
000654_jpg.rf.d267c50f2def671a3af6c7816a990548.jpg,1,0.7491586208343506,0.6198384165763855,0.009384375996887684,0.022256338968873024,0.003021898912265897
000654_jpg.rf.d267c50f2def671a3af6c7816a990548.jpg,1,0.8063433766365051,0.5836829543113708,0.008585783652961254,0.0078107030130922794,0.002316536381840706
000654_jpg.rf.d267c50f2def671a3af6c7816a990548.jpg,14,0.8497832417488098,0.6736853122711182,0.3004334568977356,0.6526294350624084,0.0018100603483617306
000654_jpg.rf.d267c50f2def671a3af6c7816a990548.jpg,1,0.8107709288597107,0.5837695002555847,0.010659805499017239,0.007830290123820305,0.0014892187900841236
000654_jpg.rf.d267c50f2def671a3af6c7816a990548.jpg,0,0.4098576307296753,0.5118568539619446,0.031875867396593094,0.02520458586513996,0.001332010026089847
000656_jpg.rf.2bfcb3a401a6cd59986f442316903cca.jpg,12,0.8463356494903564,0.34356826543807983,0.23950247466564178,0.24464848637580872,0.9073071479797363
000658_jpg.rf.305458475fd66b31a8b2796cceb9f511.jpg,12,0.5654135942459106,0.45227980613708496,0.1414385586977005,0.19429193437099457,0.916354238986969
000658_jpg.rf.305458475fd66b31a8b2796cceb9f511.jpg,11,0.7455613613128662,0.4991299510002136,0.5087857246398926,0.9920772910118103,0.005627763923257589
000658_jpg.rf.305458475fd66b31a8b2796cceb9f511.jpg,6,0.3784925639629364,0.5025556683540344,0.7569851279258728,0.9948887825012207,0.0026126389857381582
000658_jpg.rf.305458475fd66b31a8b2796cceb9f511.jpg,11,0.4546862244606018,0.5,0.909058153629303,1.0,0.0015706948470324278
000664_jpg.rf.882fdd90b90c7f1af1fc37a7467443cf.jpg,12,0.2329644113779068,0.7253155708312988,0.25675255060195923,0.32239675521850586,0.9101915955543518
000664_jpg.rf.882fdd90b90c7f1af1fc37a7467443cf.jpg,9,0.2407556027173996,0.33244070410728455,0.25782498717308044,0.32717880606651306,0.8901669979095459
000670_jpg.rf.9b82f265d8e858e1ac239f550bb09315.jpg,12,0.7868222594261169,0.2548035681247711,0.2762333154678345,0.37998971343040466,0.89813232421875
000670_jpg.rf.9b82f265d8e858e1ac239f550bb09315.jpg,0,0.009332208894193172,0.449943482875824,0.008062174543738365,0.009940661489963531,0.004990767687559128
000670_jpg.rf.9b82f265d8e858e1ac239f550bb09315.jpg,7,0.009243680164217949,0.44958174228668213,0.007772519253194332,0.010009655728936195,0.0037523878272622824
000670_jpg.rf.9b82f265d8e858e1ac239f550bb09315.jpg,0,0.0072265747003257275,0.47313347458839417,0.012739171274006367,0.020515039563179016,0.0016782950842753053
000670_jpg.rf.9b82f265d8e858e1ac239f550bb09315.jpg,0,0.009096077643334866,0.4706127941608429,0.01098287757486105,0.018002070486545563,0.0015446094330400229
000680_jpg.rf.10f9a8b0c68fd4c3a3f991673e8be240.jpg,12,0.7906305193901062,0.31845179200172424,0.3455931842327118,0.4339587986469269,0.9247282147407532
000680_jpg.rf.10f9a8b0c68fd4c3a3f991673e8be240.jpg,1,0.6087315082550049,0.7770601511001587,0.021781958639621735,0.038128193467855453,0.02540205791592598
000680_jpg.rf.10f9a8b0c68fd4c3a3f991673e8be240.jpg,1,0.17391814291477203,0.5503042936325073,0.033371541649103165,0.02888375148177147,0.0030038116965442896
000680_jpg.rf.10f9a8b0c68fd4c3a3f991673e8be240.jpg,1,0.2802812159061432,0.369650661945343,0.011060385033488274,0.00789781752973795,0.002867635805159807
000680_jpg.rf.10f9a8b0c68fd4c3a3f991673e8be240.jpg,1,0.7810779213905334,0.800237238407135,0.014625036157667637,0.010914362967014313,0.0027619029860943556
000680_jpg.rf.10f9a8b0c68fd4c3a3f991673e8be240.jpg,1,0.758673906326294,0.8455055356025696,0.03612672537565231,0.050889309495687485,0.0026875881012529135
000680_jpg.rf.10f9a8b0c68fd4c3a3f991673e8be240.jpg,0,0.07948856800794601,0.2742825746536255,0.010426993481814861,0.008440842851996422,0.0026531906332820654
000680_jpg.rf.10f9a8b0c68fd4c3a3f991673e8be240.jpg,1,0.7577586770057678,0.8405802845954895,0.030394481495022774,0.03739878162741661,0.0022649988532066345
000680_jpg.rf.10f9a8b0c68fd4c3a3f991673e8be240.jpg,0,0.06361854076385498,0.34205731749534607,0.06902105361223221,0.06682847440242767,0.002005739836022258
000680_jpg.rf.10f9a8b0c68fd4c3a3f991673e8be240.jpg,1,0.5714705586433411,0.7785614132881165,0.021942762657999992,0.0410388819873333,0.001989697339013219
000680_jpg.rf.10f9a8b0c68fd4c3a3f991673e8be240.jpg,1,0.17793165147304535,0.5505158305168152,0.043449826538562775,0.03896496817469597,0.0018680202774703503
000680_jpg.rf.10f9a8b0c68fd4c3a3f991673e8be240.jpg,14,0.5,0.7779109477996826,1.0,0.4441782534122467,0.0016108795534819365
000680_jpg.rf.10f9a8b0c68fd4c3a3f991673e8be240.jpg,14,0.4998707175254822,0.8479788899421692,0.9997414350509644,0.304042249917984,0.0014316091546788812
000680_jpg.rf.10f9a8b0c68fd4c3a3f991673e8be240.jpg,1,0.6087661981582642,0.7804674506187439,0.02647913433611393,0.04271133244037628,0.001367670251056552
000680_jpg.rf.10f9a8b0c68fd4c3a3f991673e8be240.jpg,1,0.7764930725097656,0.800972580909729,0.01954115368425846,0.015262898057699203,0.0013392064720392227
000680_jpg.rf.10f9a8b0c68fd4c3a3f991673e8be240.jpg,1,0.7603589296340942,0.8538610339164734,0.04128823056817055,0.06960245221853256,0.0011753557482734323
000680_jpg.rf.10f9a8b0c68fd4c3a3f991673e8be240.jpg,11,0.49913495779037476,0.7521852850914001,0.9982699155807495,0.49562954902648926,0.001169160008430481
000684_jpg.rf.da8d58e5754b48f640c2521ce190912e.jpg,12,0.3742591440677643,0.44598376750946045,0.6166286468505859,0.7381106615066528,0.9275118112564087
000684_jpg.rf.da8d58e5754b48f640c2521ce190912e.jpg,12,0.8313562273979187,0.19010832905769348,0.22072066366672516,0.26729339361190796,0.9117915630340576
000689_jpg.rf.e7eb671b04e54cabccbc491dc3087e13.jpg,12,0.4968307316303253,0.49075353145599365,0.34893032908439636,0.6010778546333313,0.9168752431869507
000689_jpg.rf.e7eb671b04e54cabccbc491dc3087e13.jpg,14,0.5,0.6998489499092102,1.0,0.6003022193908691,0.01418266911059618
000689_jpg.rf.e7eb671b04e54cabccbc491dc3087e13.jpg,1,0.9532720446586609,0.027140457183122635,0.04374181479215622,0.05410994216799736,0.0033376538194715977
000689_jpg.rf.e7eb671b04e54cabccbc491dc3087e13.jpg,12,0.6306315660476685,0.5058050155639648,0.7387369275093079,0.9883900880813599,0.0018165713408961892
000689_jpg.rf.e7eb671b04e54cabccbc491dc3087e13.jpg,5,0.6361939311027527,0.5,0.7276120781898499,1.0,0.0017139487899839878
000689_jpg.rf.e7eb671b04e54cabccbc491dc3087e13.jpg,11,0.5531926155090332,0.3001510500907898,0.8827686905860901,0.6003021001815796,0.001052655279636383
000695_jpg.rf.5433ef9bdff69bb898a98f69af622064.jpg,12,0.2245585322380066,0.32268890738487244,0.216055765748024,0.3061147630214691,0.9093337059020996
000700_jpg.rf.4abc8faa3c8f0970d53095fa9218cf8a.jpg,13,0.9119503498077393,0.5442787408828735,0.08971288055181503,0.12809398770332336,0.8446804881095886
000700_jpg.rf.4abc8faa3c8f0970d53095fa9218cf8a.jpg,1,0.4132779836654663,0.49155867099761963,0.03926864266395569,0.06292669475078583,0.006720067001879215
000700_jpg.rf.4abc8faa3c8f0970d53095fa9218cf8a.jpg,3,0.906406044960022,0.5469645261764526,0.1000831350684166,0.12337575107812881,0.0015086591010913253
000703_jpg.rf.2999e1a86a880c30b97644b227648d36.jpg,13,0.49636310338974,0.36975356936454773,0.5367258191108704,0.6016486287117004,0.942994236946106
000711_jpg.rf.0a584e00809f5da1be911472ba1f8e7b.jpg,13,0.9184516072273254,0.5954675078392029,0.070920430123806,0.11641646176576614,0.8962960839271545
000711_jpg.rf.0a584e00809f5da1be911472ba1f8e7b.jpg,7,0.07765940576791763,0.5536922216415405,0.0460408590734005,0.07549715042114258,0.5320359468460083
000711_jpg.rf.0a584e00809f5da1be911472ba1f8e7b.jpg,3,0.08033803850412369,0.553014874458313,0.05039883032441139,0.07529020309448242,0.37455564737319946
000711_jpg.rf.0a584e00809f5da1be911472ba1f8e7b.jpg,12,0.08009751886129379,0.5531473159790039,0.04938478395342827,0.07499364763498306,0.3529099225997925
000711_jpg.rf.0a584e00809f5da1be911472ba1f8e7b.jpg,7,0.9213992357254028,0.5958355069160461,0.07148082554340363,0.11857125163078308,0.25722190737724304
000711_jpg.rf.0a584e00809f5da1be911472ba1f8e7b.jpg,9,0.080175019800663,0.553460955619812,0.05034167319536209,0.07531151920557022,0.11852855235338211
000711_jpg.rf.0a584e00809f5da1be911472ba1f8e7b.jpg,13,0.07939587533473969,0.5535572171211243,0.05004584416747093,0.07556941360235214,0.11384779959917068
000711_jpg.rf.0a584e00809f5da1be911472ba1f8e7b.jpg,1,0.3788478374481201,0.31511399149894714,0.03786175325512886,0.06506514549255371,0.06243877857923508
000711_jpg.rf.0a584e00809f5da1be911472ba1f8e7b.jpg,8,0.07824621349573135,0.5546427965164185,0.04713816940784454,0.07594747096300125,0.005475998390465975
000711_jpg.rf.0a584e00809f5da1be911472ba1f8e7b.jpg,0,0.5943878293037415,0.0547117181122303,0.011638641357421875,0.008718825876712799,0.0031693079508841038
000711_jpg.rf.0a584e00809f5da1be911472ba1f8e7b.jpg,1,0.24817544221878052,0.1581406146287918,0.017056336626410484,0.03821491450071335,0.0029457914642989635
000711_jpg.rf.0a584e00809f5da1be911472ba1f8e7b.jpg,1,0.213981032371521,0.8005102872848511,0.035884786397218704,0.10265225917100906,0.0028927905950695276
000711_jpg.rf.0a584e00809f5da1be911472ba1f8e7b.jpg,1,0.24484466016292572,0.15709848701953888,0.01876392774283886,0.035359375178813934,0.002267515053972602
000711_jpg.rf.0a584e00809f5da1be911472ba1f8e7b.jpg,1,0.32200273871421814,0.6828202605247498,0.0379054918885231,0.09965566545724869,0.0022625140845775604
000711_jpg.rf.0a584e00809f5da1be911472ba1f8e7b.jpg,8,0.14993318915367126,0.83881014585495,0.03252431005239487,0.05858861654996872,0.0016992917517200112
000711_jpg.rf.0a584e00809f5da1be911472ba1f8e7b.jpg,1,0.2388729453086853,0.3834872841835022,0.023905370384454727,0.015762990340590477,0.0014652146492153406
000711_jpg.rf.0a584e00809f5da1be911472ba1f8e7b.jpg,1,0.31953129172325134,0.6612564921379089,0.028424080461263657,0.05397569388151169,0.0013899176847189665
000711_jpg.rf.0a584e00809f5da1be911472ba1f8e7b.jpg,1,0.2447977215051651,0.15336783230304718,0.027275417000055313,0.032158467918634415,0.0010227856691926718
000713_jpg.rf.ea540b12ec46dd3f2dad786ab321c3a3.jpg,7,0.5253345370292664,0.45423150062561035,0.3336568772792816,0.25499606132507324,0.9397692680358887
000722_jpg.rf.9bee48a5dc22112fb5a705192fd54d45.jpg,8,0.5010838508605957,0.6282579898834229,0.17577923834323883,0.21858879923820496,0.8231454491615295
000722_jpg.rf.9bee48a5dc22112fb5a705192fd54d45.jpg,9,0.739004909992218,0.9732829928398132,0.023618919774889946,0.0507306344807148,0.06248346343636513
000722_jpg.rf.9bee48a5dc22112fb5a705192fd54d45.jpg,11,0.5056705474853516,0.3217175006866455,0.18625366687774658,0.24615368247032166,0.03494705259799957
000722_jpg.rf.9bee48a5dc22112fb5a705192fd54d45.jpg,14,0.5032291412353516,0.41115203499794006,0.1407109797000885,0.06776109337806702,0.019039558246731758
000722_jpg.rf.9bee48a5dc22112fb5a705192fd54d45.jpg,0,0.3285175561904907,0.9827203154563904,0.032488055527210236,0.03434482216835022,0.017016412690281868
000722_jpg.rf.9bee48a5dc22112fb5a705192fd54d45.jpg,0,0.7021878361701965,0.04644232615828514,0.014128612354397774,0.009881776757538319,0.00835065171122551
000722_jpg.rf.9bee48a5dc22112fb5a705192fd54d45.jpg,0,0.5464059710502625,0.11339937895536423,0.01340334303677082,0.011336390860378742,0.006531722843647003
000722_jpg.rf.9bee48a5dc22112fb5a705192fd54d45.jpg,13,0.5099409222602844,0.4040428102016449,0.1590442657470703,0.08190052956342697,0.005967879667878151
000722_jpg.rf.9bee48a5dc22112fb5a705192fd54d45.jpg,0,0.5452294945716858,0.11039520800113678,0.015234360471367836,0.01346951350569725,0.005223218817263842
000722_jpg.rf.9bee48a5dc22112fb5a705192fd54d45.jpg,0,0.9958418607711792,0.860527515411377,0.007690430153161287,0.046393983066082,0.0036491493228822947
000722_jpg.rf.9bee48a5dc22112fb5a705192fd54d45.jpg,11,0.514485239982605,0.4051904082298279,0.15965817868709564,0.08039639890193939,0.0032284390181303024
000722_jpg.rf.9bee48a5dc22112fb5a705192fd54d45.jpg,0,0.934399425983429,0.6020126342773438,0.0214153453707695,0.03963041305541992,0.0022149633150547743
000722_jpg.rf.9bee48a5dc22112fb5a705192fd54d45.jpg,0,0.3351397216320038,0.993293821811676,0.047542572021484375,0.013412476517260075,0.0019301496213302016
000722_jpg.rf.9bee48a5dc22112fb5a705192fd54d45.jpg,0,0.9477403163909912,0.11208895593881607,0.0173086766153574,0.02491757646203041,0.0016891829436644912
000722_jpg.rf.9bee48a5dc22112fb5a705192fd54d45.jpg,11,0.7260490655899048,0.42307302355766296,0.5465036630630493,0.8250306248664856,0.0016642482951283455
000722_jpg.rf.9bee48a5dc22112fb5a705192fd54d45.jpg,1,0.7824513912200928,0.004078415222465992,0.017768053337931633,0.007745843380689621,0.0015408789040520787
000722_jpg.rf.9bee48a5dc22112fb5a705192fd54d45.jpg,0,0.48172643780708313,0.08456625789403915,0.010794896632432938,0.009388960897922516,0.0015056122792884707
000722_jpg.rf.9bee48a5dc22112fb5a705192fd54d45.jpg,0,0.7391632199287415,0.9759846329689026,0.02907290868461132,0.047575365751981735,0.0014685902278870344
000722_jpg.rf.9bee48a5dc22112fb5a705192fd54d45.jpg,11,0.5560829639434814,0.3551288843154907,0.30512991547584534,0.35481250286102295,0.001414849073626101
000722_jpg.rf.9bee48a5dc22112fb5a705192fd54d45.jpg,0,0.9306830167770386,0.5985834002494812,0.029845165088772774,0.03993507847189903,0.00133035599719733
000722_jpg.rf.9bee48a5dc22112fb5a705192fd54d45.jpg,1,0.14054623246192932,0.6270995140075684,0.02312266081571579,0.041310496628284454,0.001192326657474041
000722_jpg.rf.9bee48a5dc22112fb5a705192fd54d45.jpg,0,0.9908591508865356,0.8564165234565735,0.01781742461025715,0.0698804184794426,0.0011853582691401243
000722_jpg.rf.9bee48a5dc22112fb5a705192fd54d45.jpg,0,0.5466684103012085,0.11135921627283096,0.012722529470920563,0.01135034766048193,0.0011762634385377169
000722_jpg.rf.9bee48a5dc22112fb5a705192fd54d45.jpg,0,0.6687880754470825,0.07930108159780502,0.015154032036662102,0.02480795793235302,0.001105547184124589
000722_jpg.rf.9bee48a5dc22112fb5a705192fd54d45.jpg,8,0.8793056607246399,0.6596083045005798,0.24138876795768738,0.3754393756389618,0.0010925187962129712
000729_jpg.rf.7b1a28094ac79f94f38e0ca9d4037037.jpg,12,0.856220543384552,0.23950594663619995,0.2848866581916809,0.4363386332988739,0.9216058850288391
000729_jpg.rf.7b1a28094ac79f94f38e0ca9d4037037.jpg,0,0.5339745879173279,0.9318247437477112,0.01255530584603548,0.009535863064229488,0.0011501131812110543
000735_jpg.rf.8927d1a7914f3b404d59d7afb8238ce4.jpg,13,0.5432719588279724,0.2865651249885559,0.2270411103963852,0.38078662753105164,0.9208574295043945
000735_jpg.rf.8927d1a7914f3b404d59d7afb8238ce4.jpg,13,0.8624953031539917,0.7773985266685486,0.02159903757274151,0.026305345818400383,0.019393986091017723
000735_jpg.rf.8927d1a7914f3b404d59d7afb8238ce4.jpg,10,0.8624693155288696,0.7775903940200806,0.02222391404211521,0.027838120236992836,0.005126772914081812
000735_jpg.rf.8927d1a7914f3b404d59d7afb8238ce4.jpg,1,0.9349728226661682,0.8086816668510437,0.13005447387695312,0.38263675570487976,0.002671182621270418
000735_jpg.rf.8927d1a7914f3b404d59d7afb8238ce4.jpg,14,0.6520911455154419,0.4787226915359497,0.6958178281784058,0.9531397819519043,0.002641522092744708
000735_jpg.rf.8927d1a7914f3b404d59d7afb8238ce4.jpg,0,0.8807040452957153,0.7633131146430969,0.23859193921089172,0.4733738601207733,0.0015637984033674002
000735_jpg.rf.8927d1a7914f3b404d59d7afb8238ce4.jpg,0,0.921244740486145,0.7964968085289001,0.15751062333583832,0.40700653195381165,0.001377255073748529
000735_jpg.rf.8927d1a7914f3b404d59d7afb8238ce4.jpg,0,0.9091832637786865,0.7174339294433594,0.1816335916519165,0.565132200717926,0.001113490667194128
000735_jpg.rf.8927d1a7914f3b404d59d7afb8238ce4.jpg,0,0.9320998787879944,0.8065934181213379,0.13580021262168884,0.310025155544281,0.0010389620438218117
000736_jpg.rf.228d17ea85d8e4b2f1fd5a1fec7582d9.jpg,13,0.44372251629829407,0.25144702196121216,0.2682555019855499,0.1761820912361145,0.9139829874038696
000736_jpg.rf.228d17ea85d8e4b2f1fd5a1fec7582d9.jpg,11,0.4516020715236664,0.4162974953651428,0.2611940801143646,0.17216037213802338,0.7155611515045166
000736_jpg.rf.228d17ea85d8e4b2f1fd5a1fec7582d9.jpg,1,0.7869586944580078,0.7165297269821167,0.027115309610962868,0.0168002936989069,0.0039233677089214325
000736_jpg.rf.228d17ea85d8e4b2f1fd5a1fec7582d9.jpg,1,0.6629296541213989,0.7149463295936584,0.029818756505846977,0.016870498657226562,0.0023951807525008917
000736_jpg.rf.228d17ea85d8e4b2f1fd5a1fec7582d9.jpg,1,0.832033634185791,0.019731733947992325,0.05833970755338669,0.03946346789598465,0.0019902114290744066
000736_jpg.rf.228d17ea85d8e4b2f1fd5a1fec7582d9.jpg,1,0.012746917083859444,0.7618904113769531,0.024316806346178055,0.02252432145178318,0.0017761869821697474
000736_jpg.rf.228d17ea85d8e4b2f1fd5a1fec7582d9.jpg,1,0.6601151823997498,0.7154022455215454,0.034020353108644485,0.021284984424710274,0.0017761792987585068
000736_jpg.rf.228d17ea85d8e4b2f1fd5a1fec7582d9.jpg,1,0.7845470905303955,0.719451367855072,0.03321303054690361,0.022780640050768852,0.001578217837959528
000741_jpg.rf.48077831b42aa2a01691cd30be5da048.jpg,13,0.6713430285453796,0.34739404916763306,0.4599662721157074,0.6941908001899719,0.9490194916725159
000741_jpg.rf.48077831b42aa2a01691cd30be5da048.jpg,1,0.3889552056789398,0.7831875085830688,0.025875018909573555,0.022113068029284477,0.15521471202373505
000741_jpg.rf.48077831b42aa2a01691cd30be5da048.jpg,1,0.3921239376068115,0.7844781279563904,0.031071370467543602,0.028154080733656883,0.021279016509652138
000741_jpg.rf.48077831b42aa2a01691cd30be5da048.jpg,1,0.38333770632743835,0.7845557332038879,0.03553364798426628,0.02951027825474739,0.018007472157478333
000741_jpg.rf.48077831b42aa2a01691cd30be5da048.jpg,1,0.3842945992946625,0.791664719581604,0.04257851466536522,0.046838030219078064,0.008999702520668507
000741_jpg.rf.48077831b42aa2a01691cd30be5da048.jpg,1,0.5013002157211304,0.6920844912528992,0.01579633168876171,0.029769165441393852,0.006350348237901926
000741_jpg.rf.48077831b42aa2a01691cd30be5da048.jpg,1,0.5009871125221252,0.6957535743713379,0.01980326883494854,0.038361918181180954,0.0018331112805753946
000741_jpg.rf.48077831b42aa2a01691cd30be5da048.jpg,1,0.3880627453327179,0.7831070423126221,0.036262147128582,0.03514033183455467,0.0012709528673440218
000741_jpg.rf.48077831b42aa2a01691cd30be5da048.jpg,1,0.39256536960601807,0.7963905334472656,0.03825272247195244,0.059820543974637985,0.0011922040721401572
000741_jpg.rf.48077831b42aa2a01691cd30be5da048.jpg,14,0.7709947228431702,0.5027551651000977,0.45760053396224976,0.9944897890090942,0.0011662296019494534
000741_jpg.rf.48077831b42aa2a01691cd30be5da048.jpg,1,0.3868425190448761,0.8003917932510376,0.043912120163440704,0.058813389390707016,0.0010063647059723735
000753_jpg.rf.23d05489386c3399c5d26ac779015d26.jpg,13,0.6491469740867615,0.73777174949646,0.11771125346422195,0.16304771602153778,0.891363799571991
000753_jpg.rf.23d05489386c3399c5d26ac779015d26.jpg,0,0.3050677180290222,0.6436451077461243,0.007673447020351887,0.011646050959825516,0.004322015680372715
000753_jpg.rf.23d05489386c3399c5d26ac779015d26.jpg,13,0.6131623387336731,0.736290454864502,0.1788637489080429,0.1671213060617447,0.0036887675523757935
000753_jpg.rf.23d05489386c3399c5d26ac779015d26.jpg,14,0.4956064522266388,0.7362228035926819,0.5907741189002991,0.527554452419281,0.0036385580897331238
000753_jpg.rf.23d05489386c3399c5d26ac779015d26.jpg,14,0.5169897079467773,0.7921479344367981,0.880486249923706,0.4157041311264038,0.0018726561684161425
000753_jpg.rf.23d05489386c3399c5d26ac779015d26.jpg,1,0.8666943907737732,0.02466399408876896,0.045083269476890564,0.04932798817753792,0.0014769876142963767
000753_jpg.rf.23d05489386c3399c5d26ac779015d26.jpg,1,0.8572513461112976,0.02471262775361538,0.0667635127902031,0.04942525550723076,0.0013989333529025316
000753_jpg.rf.23d05489386c3399c5d26ac779015d26.jpg,14,0.564854085445404,0.7003465890884399,0.7869147658348083,0.5993068218231201,0.001272793160751462
000753_jpg.rf.23d05489386c3399c5d26ac779015d26.jpg,7,0.3038460314273834,0.6449466347694397,0.006489240564405918,0.012203583493828773,0.0010062552755698562
000762_jpg.rf.ea6102293c9b38d9f90158f1a4cc33f7.jpg,13,0.6774876117706299,0.40609610080718994,0.23103879392147064,0.27748629450798035,0.955372154712677
000762_jpg.rf.ea6102293c9b38d9f90158f1a4cc33f7.jpg,7,0.5351217985153198,0.15689387917518616,0.006342337932437658,0.00990054290741682,0.0024058965500444174
000762_jpg.rf.ea6102293c9b38d9f90158f1a4cc33f7.jpg,0,0.6715003252029419,0.26557457447052,0.016231024637818336,0.00931096076965332,0.002293881494551897
000762_jpg.rf.ea6102293c9b38d9f90158f1a4cc33f7.jpg,1,0.7754662036895752,0.2603965699672699,0.01272561028599739,0.011877574026584625,0.0013579927617684007
000762_jpg.rf.ea6102293c9b38d9f90158f1a4cc33f7.jpg,1,0.6940208077430725,0.0028842815663665533,0.011113974265754223,0.005380726885050535,0.0012348302407190204
000763_jpg.rf.6018d10dd3889ec0579a386c052fb6ff.jpg,13,0.4630587697029114,0.3187367916107178,0.09147582203149796,0.16062487661838531,0.8866822123527527
000763_jpg.rf.6018d10dd3889ec0579a386c052fb6ff.jpg,10,0.46256110072135925,0.32485976815223694,0.09355589747428894,0.15411250293254852,0.015452167019248009
000763_jpg.rf.6018d10dd3889ec0579a386c052fb6ff.jpg,1,0.7601173520088196,0.33990228176116943,0.01344688143581152,0.008604049682617188,0.012349888682365417
000763_jpg.rf.6018d10dd3889ec0579a386c052fb6ff.jpg,1,0.026068927720189095,0.15437225997447968,0.05190299451351166,0.04563860967755318,0.006792083848267794
000763_jpg.rf.6018d10dd3889ec0579a386c052fb6ff.jpg,1,0.7597118020057678,0.3416489362716675,0.013594040647149086,0.00999821163713932,0.0045095463283360004
000763_jpg.rf.6018d10dd3889ec0579a386c052fb6ff.jpg,1,0.9958005547523499,0.15672992169857025,0.00757349468767643,0.04083026573061943,0.0015867460751906037
000763_jpg.rf.6018d10dd3889ec0579a386c052fb6ff.jpg,1,0.3025747239589691,0.5993220210075378,0.03156621754169464,0.03304518386721611,0.0015476532280445099
000769_jpg.rf.1df4a76b3e7055f19fd63f71a3d4ab3f.jpg,13,0.7874608039855957,0.4987660348415375,0.2869041860103607,0.23458155989646912,0.9383006691932678
000769_jpg.rf.1df4a76b3e7055f19fd63f71a3d4ab3f.jpg,0,0.4126407206058502,0.6174054741859436,0.027302486822009087,0.019883377477526665,0.002159684430807829
000769_jpg.rf.1df4a76b3e7055f19fd63f71a3d4ab3f.jpg,1,0.9607965350151062,0.7186129689216614,0.018144095316529274,0.015326060354709625,0.0017098089447245002
000769_jpg.rf.1df4a76b3e7055f19fd63f71a3d4ab3f.jpg,1,0.6924414038658142,0.8024259209632874,0.018467683345079422,0.012069408781826496,0.0012563923373818398
000783_jpg.rf.0f12070feb6f7bc91c48aa93a65d2e93.jpg,13,0.6479297876358032,0.2653965651988983,0.2747996747493744,0.4553656280040741,0.9375166296958923
000783_jpg.rf.0f12070feb6f7bc91c48aa93a65d2e93.jpg,1,0.2275143414735794,0.9773598909378052,0.013615810312330723,0.01092382613569498,0.0021756659261882305
000783_jpg.rf.0f12070feb6f7bc91c48aa93a65d2e93.jpg,10,0.5023190379142761,0.5706523656845093,0.9953619241714478,0.8586953282356262,0.001131138764321804
000783_jpg.rf.0f12070feb6f7bc91c48aa93a65d2e93.jpg,10,0.5017480254173279,0.7067872285842896,0.996504008769989,0.5864257216453552,0.0010737854754552245
000783_jpg.rf.0f12070feb6f7bc91c48aa93a65d2e93.jpg,10,0.2917543947696686,0.10158243775367737,0.01399287860840559,0.015199808403849602,0.0010284470627084374
000786_jpg.rf.60798d12643d9be450731115c76bd86c.jpg,13,0.787057638168335,0.1000121533870697,0.14132574200630188,0.14492322504520416,0.7831568717956543
000786_jpg.rf.60798d12643d9be450731115c76bd86c.jpg,7,0.7862478494644165,0.0981941893696785,0.1522696614265442,0.1494874507188797,0.2153865247964859
000786_jpg.rf.60798d12643d9be450731115c76bd86c.jpg,10,0.7856121063232422,0.0999547466635704,0.14880026876926422,0.1487024575471878,0.010998357087373734
000786_jpg.rf.60798d12643d9be450731115c76bd86c.jpg,9,0.7841860055923462,0.09332210570573807,0.15050646662712097,0.16287744045257568,0.008936002850532532
000786_jpg.rf.60798d12643d9be450731115c76bd86c.jpg,14,0.7989172339439392,0.25314322113990784,0.39902636408805847,0.4609510898590088,0.006752852350473404
000786_jpg.rf.60798d12643d9be450731115c76bd86c.jpg,0,0.6117227673530579,0.4406948387622833,0.022306956350803375,0.018185103312134743,0.0017370095010846853
000786_jpg.rf.60798d12643d9be450731115c76bd86c.jpg,9,0.47366756200790405,0.49755218625068665,0.8787217736244202,0.811339259147644,0.0011520589469000697
000790_jpg.rf.ddb1d679830f7cafbcbec2013a6ff2fc.jpg,13,0.7674132585525513,0.09257365763187408,0.24523302912712097,0.1821887195110321,0.9159724116325378
000790_jpg.rf.ddb1d679830f7cafbcbec2013a6ff2fc.jpg,0,0.8619638681411743,0.0030841378029435873,0.021365607157349586,0.006168275605887175,0.010017585009336472
000790_jpg.rf.ddb1d679830f7cafbcbec2013a6ff2fc.jpg,0,0.872283399105072,0.003255838295444846,0.03623485565185547,0.006511676590889692,0.006150601431727409
000790_jpg.rf.ddb1d679830f7cafbcbec2013a6ff2fc.jpg,0,0.8572306036949158,0.003097787033766508,0.022763840854167938,0.006195574067533016,0.003421397879719734
000790_jpg.rf.ddb1d679830f7cafbcbec2013a6ff2fc.jpg,0,0.8869733214378357,0.003773584496229887,0.05926044285297394,0.007547168992459774,0.003351374063640833
000790_jpg.rf.ddb1d679830f7cafbcbec2013a6ff2fc.jpg,0,0.8591447472572327,0.010758421383798122,0.01253876369446516,0.018264509737491608,0.0020460220985114574
000790_jpg.rf.ddb1d679830f7cafbcbec2013a6ff2fc.jpg,0,0.6269961595535278,0.0035731825046241283,0.058909822255373,0.007146365009248257,0.001927921548485756
000790_jpg.rf.ddb1d679830f7cafbcbec2013a6ff2fc.jpg,1,0.016923341900110245,0.003574702423065901,0.03242260962724686,0.007149404846131802,0.0014579410199075937
000790_jpg.rf.ddb1d679830f7cafbcbec2013a6ff2fc.jpg,0,0.6417794823646545,0.004285829607397318,0.08585882186889648,0.008571659214794636,0.0011560714337974787
000790_jpg.rf.ddb1d679830f7cafbcbec2013a6ff2fc.jpg,1,0.011790490709245205,0.003916800953447819,0.022631222382187843,0.007627916056662798,0.0011090408079326153
000792_jpg.rf.3899b0ef3229b4f18a7954698cc40c92.jpg,0,0.3681480586528778,0.23547612130641937,0.019446739926934242,0.06856805086135864,0.7944786548614502
000792_jpg.rf.3899b0ef3229b4f18a7954698cc40c92.jpg,0,0.600721538066864,0.2613893747329712,0.01618601754307747,0.058633603155612946,0.6647690534591675
000792_jpg.rf.3899b0ef3229b4f18a7954698cc40c92.jpg,1,0.21183592081069946,0.5342232584953308,0.026816148310899734,0.07731375843286514,0.6408540606498718
000792_jpg.rf.3899b0ef3229b4f18a7954698cc40c92.jpg,1,0.341915488243103,0.2353844791650772,0.017894744873046875,0.06843677163124084,0.6136325001716614
000792_jpg.rf.3899b0ef3229b4f18a7954698cc40c92.jpg,1,0.3189232647418976,0.5042545199394226,0.02150748483836651,0.05286789312958717,0.5428833961486816
000792_jpg.rf.3899b0ef3229b4f18a7954698cc40c92.jpg,1,0.01246221736073494,0.5293576717376709,0.02111971005797386,0.0777740478515625,0.44524049758911133
000792_jpg.rf.3899b0ef3229b4f18a7954698cc40c92.jpg,1,0.6515898108482361,0.46566444635391235,0.014861547388136387,0.018842844292521477,0.17967219650745392
000792_jpg.rf.3899b0ef3229b4f18a7954698cc40c92.jpg,0,0.5911375880241394,0.2597542405128479,0.02587967738509178,0.05866876244544983,0.13831190764904022
000792_jpg.rf.3899b0ef3229b4f18a7954698cc40c92.jpg,0,0.5969426035881042,0.2600892186164856,0.02011871337890625,0.05789920315146446,0.11895546317100525
000792_jpg.rf.3899b0ef3229b4f18a7954698cc40c92.jpg,0,0.5860962271690369,0.26074209809303284,0.01455307099968195,0.05778490751981735,0.10925270617008209
000792_jpg.rf.3899b0ef3229b4f18a7954698cc40c92.jpg,1,0.21138052642345428,0.5316804051399231,0.01807117462158203,0.0710742324590683,0.06812963634729385
000792_jpg.rf.3899b0ef3229b4f18a7954698cc40c92.jpg,1,0.003835153765976429,0.5297398567199707,0.007094683591276407,0.074606753885746,0.027843698859214783
000792_jpg.rf.3899b0ef3229b4f18a7954698cc40c92.jpg,1,0.6520313620567322,0.465894877910614,0.017136648297309875,0.02534305304288864,0.023634368553757668
000792_jpg.rf.3899b0ef3229b4f18a7954698cc40c92.jpg,1,0.006487109698355198,0.5248456001281738,0.009923754259943962,0.06879234313964844,0.02215752564370632
000792_jpg.rf.3899b0ef3229b4f18a7954698cc40c92.jpg,1,0.21373863518238068,0.5262826085090637,0.018940431997179985,0.060500770807266235,0.01434056181460619
000792_jpg.rf.3899b0ef3229b4f18a7954698cc40c92.jpg,1,0.2113727480173111,0.516099214553833,0.016531577333807945,0.03974074870347977,0.014220479875802994
000792_jpg.rf.3899b0ef3229b4f18a7954698cc40c92.jpg,1,0.004230387043207884,0.5106433033943176,0.006277038715779781,0.054175086319446564,0.011352302506566048
000792_jpg.rf.3899b0ef3229b4f18a7954698cc40c92.jpg,1,0.7743100523948669,0.46370580792427063,0.011840526945888996,0.028647607192397118,0.005159882828593254
000792_jpg.rf.3899b0ef3229b4f18a7954698cc40c92.jpg,0,0.003295325906947255,0.48434391617774963,0.006523751653730869,0.03812500461935997,0.0035196735989302397
000792_jpg.rf.3899b0ef3229b4f18a7954698cc40c92.jpg,1,0.21419598162174225,0.5374435186386108,0.03775230050086975,0.08533261716365814,0.0032114111818373203
000792_jpg.rf.3899b0ef3229b4f18a7954698cc40c92.jpg,1,0.6546657681465149,0.4645983874797821,0.02342187613248825,0.025659892708063126,0.0031958124600350857
000792_jpg.rf.3899b0ef3229b4f18a7954698cc40c92.jpg,1,0.586395263671875,0.2605575621128082,0.016860704869031906,0.05845404043793678,0.0018420552369207144
000792_jpg.rf.3899b0ef3229b4f18a7954698cc40c92.jpg,1,0.34207338094711304,0.22384725511074066,0.015054079703986645,0.0425279326736927,0.001820309553295374
000792_jpg.rf.3899b0ef3229b4f18a7954698cc40c92.jpg,0,0.0034802397713065147,0.4786866009235382,0.0069604795426130295,0.030220765620470047,0.0015301520470529795
000792_jpg.rf.3899b0ef3229b4f18a7954698cc40c92.jpg,0,0.003000849625095725,0.4904792606830597,0.005711008328944445,0.048867300152778625,0.0014824450481683016
000792_jpg.rf.3899b0ef3229b4f18a7954698cc40c92.jpg,1,0.18282648921012878,0.060974158346652985,0.015431148000061512,0.01576891914010048,0.0010855233995243907
000797_jpg.rf.3d78d9d11140e03357ddde30e7e7e98e.jpg,7,0.5258227586746216,0.4595007598400116,0.36283445358276367,0.6103990077972412,0.9377223253250122
000797_jpg.rf.3d78d9d11140e03357ddde30e7e7e98e.jpg,1,0.972475528717041,0.850365936756134,0.05455831438302994,0.2992681562900543,0.0011505322763696313
000808_jpg.rf.8007590175a593bc5b4408a31ade3f3a.jpg,0,0.5453599691390991,0.2362556904554367,0.019711678847670555,0.06503363698720932,0.8159548044204712
000808_jpg.rf.8007590175a593bc5b4408a31ade3f3a.jpg,0,0.3633616268634796,0.24822580814361572,0.01845000497996807,0.0657481998205185,0.627308189868927
000808_jpg.rf.8007590175a593bc5b4408a31ade3f3a.jpg,1,0.363442063331604,0.24873848259449005,0.019562171772122383,0.06703892350196838,0.3719271123409271
000808_jpg.rf.8007590175a593bc5b4408a31ade3f3a.jpg,1,0.5738241672515869,0.5401156544685364,0.029391473159193993,0.03712907433509827,0.0083852494135499
000808_jpg.rf.8007590175a593bc5b4408a31ade3f3a.jpg,1,0.574394702911377,0.5343522429466248,0.026836397126317024,0.028978604823350906,0.004993266426026821
000808_jpg.rf.8007590175a593bc5b4408a31ade3f3a.jpg,0,0.36983275413513184,0.9856927990913391,0.01061879750341177,0.02721683867275715,0.004227017052471638
000808_jpg.rf.8007590175a593bc5b4408a31ade3f3a.jpg,13,0.9374806880950928,0.34481698274612427,0.007032761350274086,0.011106418445706367,0.0040950411930680275
000808_jpg.rf.8007590175a593bc5b4408a31ade3f3a.jpg,9,0.9797504544258118,0.584244966506958,0.040499247610569,0.08357444405555725,0.003294928465038538
000808_jpg.rf.8007590175a593bc5b4408a31ade3f3a.jpg,14,0.4995182156562805,0.7472085356712341,0.999036431312561,0.5055830478668213,0.0029073418118059635
000808_jpg.rf.8007590175a593bc5b4408a31ade3f3a.jpg,0,0.9777709245681763,0.5836504101753235,0.03565641865134239,0.08055753260850906,0.0027717826887965202
000808_jpg.rf.8007590175a593bc5b4408a31ade3f3a.jpg,0,0.9650603532791138,0.589423656463623,0.017879486083984375,0.06771627068519592,0.002321589272469282
000808_jpg.rf.8007590175a593bc5b4408a31ade3f3a.jpg,1,0.5732967853546143,0.5357654094696045,0.03387043997645378,0.035192858427762985,0.0019618826918303967
000808_jpg.rf.8007590175a593bc5b4408a31ade3f3a.jpg,5,0.9793508052825928,0.5835685729980469,0.041298575699329376,0.08286237716674805,0.0018510654335841537
000808_jpg.rf.8007590175a593bc5b4408a31ade3f3a.jpg,0,0.9970115423202515,0.5440410375595093,0.005977117456495762,0.02693025954067707,0.0017802208894863725
000808_jpg.rf.8007590175a593bc5b4408a31ade3f3a.jpg,8,0.9804893732070923,0.5828482508659363,0.03902127221226692,0.07923173904418945,0.001633215812034905
000808_jpg.rf.8007590175a593bc5b4408a31ade3f3a.jpg,0,0.3697821795940399,0.9926753044128418,0.011066180653870106,0.014110859483480453,0.0015609218971803784
000808_jpg.rf.8007590175a593bc5b4408a31ade3f3a.jpg,1,0.6622660756111145,0.40660300850868225,0.013819401152431965,0.03858738765120506,0.0014780232449993491
000808_jpg.rf.8007590175a593bc5b4408a31ade3f3a.jpg,1,0.5004314184188843,0.7216720581054688,0.999137282371521,0.556656002998352,0.0013772747479379177
000808_jpg.rf.8007590175a593bc5b4408a31ade3f3a.jpg,0,0.5000630617141724,0.7974705696105957,0.9998739361763,0.40505897998809814,0.0012702182866632938
000808_jpg.rf.8007590175a593bc5b4408a31ade3f3a.jpg,0,0.9824952483177185,0.577816367149353,0.034592483192682266,0.101396344602108,0.001187881687656045
000808_jpg.rf.8007590175a593bc5b4408a31ade3f3a.jpg,0,0.9962673783302307,0.5335238575935364,0.007105240598320961,0.07389310747385025,0.0011642466997727752
000808_jpg.rf.8007590175a593bc5b4408a31ade3f3a.jpg,1,0.9376267790794373,0.6335088610649109,0.026394257321953773,0.019006583839654922,0.0010949423303827643
000808_jpg.rf.8007590175a593bc5b4408a31ade3f3a.jpg,0,0.9801849722862244,0.5081471800804138,0.03963015601038933,0.2652789056301117,0.0010642304550856352
000808_jpg.rf.8007590175a593bc5b4408a31ade3f3a.jpg,0,0.9965891242027283,0.5521336793899536,0.006674326490610838,0.030036561191082,0.001037079724483192
000809_jpg.rf.dcd99922c592f3b634ddb443bf40dce1.jpg,1,0.33727169036865234,0.15251879394054413,0.028235802426934242,0.09380678087472916,0.7962852120399475
000809_jpg.rf.dcd99922c592f3b634ddb443bf40dce1.jpg,1,0.5516378283500671,0.12773878872394562,0.024268077686429024,0.08890712261199951,0.7866494059562683
000809_jpg.rf.dcd99922c592f3b634ddb443bf40dce1.jpg,8,0.5764848589897156,0.13565587997436523,0.03341509774327278,0.062438517808914185,0.6058143377304077
000809_jpg.rf.dcd99922c592f3b634ddb443bf40dce1.jpg,8,0.6284732818603516,0.29869189858436584,0.027302926406264305,0.04912804067134857,0.3286973237991333
000809_jpg.rf.dcd99922c592f3b634ddb443bf40dce1.jpg,7,0.5760815143585205,0.13593366742134094,0.03444492071866989,0.060871247202157974,0.24088339507579803
000809_jpg.rf.dcd99922c592f3b634ddb443bf40dce1.jpg,9,0.6288738250732422,0.2984856367111206,0.026339972391724586,0.04730668663978577,0.15562444925308228
000809_jpg.rf.dcd99922c592f3b634ddb443bf40dce1.jpg,1,0.8340739011764526,0.2672806680202484,0.02332826890051365,0.08925937116146088,0.07188475131988525
000809_jpg.rf.dcd99922c592f3b634ddb443bf40dce1.jpg,0,0.8268827795982361,0.1491377204656601,0.03704533353447914,0.09246179461479187,0.06541759520769119
000809_jpg.rf.dcd99922c592f3b634ddb443bf40dce1.jpg,12,0.6286718249320984,0.2987159192562103,0.026713592931628227,0.0475362092256546,0.03067845292389393
000809_jpg.rf.dcd99922c592f3b634ddb443bf40dce1.jpg,1,0.8257254958152771,0.1493493616580963,0.03693081811070442,0.09379412978887558,0.014959643594920635
000809_jpg.rf.dcd99922c592f3b634ddb443bf40dce1.jpg,0,0.8224765062332153,0.03844505921006203,0.03897608444094658,0.07667867094278336,0.009213735349476337
000809_jpg.rf.dcd99922c592f3b634ddb443bf40dce1.jpg,1,0.5511344075202942,0.11110728234052658,0.020178502425551414,0.05437033995985985,0.007054429966956377
000809_jpg.rf.dcd99922c592f3b634ddb443bf40dce1.jpg,1,0.3230501115322113,0.31724098324775696,0.037186622619628906,0.026321925222873688,0.004682995844632387
000809_jpg.rf.dcd99922c592f3b634ddb443bf40dce1.jpg,1,0.5321967005729675,0.09007257223129272,0.05702550709247589,0.18014514446258545,0.004229408223181963
000809_jpg.rf.dcd99922c592f3b634ddb443bf40dce1.jpg,1,0.5387817025184631,0.1287999004125595,0.036891572177410126,0.09493538737297058,0.002234196523204446
000809_jpg.rf.dcd99922c592f3b634ddb443bf40dce1.jpg,0,0.5300045013427734,0.08948899805545807,0.05349144712090492,0.17654964327812195,0.0018647185061126947
000809_jpg.rf.dcd99922c592f3b634ddb443bf40dce1.jpg,1,0.8219641447067261,0.03831439092755318,0.04208095371723175,0.07662878185510635,0.0017484448617324233
000809_jpg.rf.dcd99922c592f3b634ddb443bf40dce1.jpg,1,0.8843542337417603,0.013266502879559994,0.04325610026717186,0.026432985439896584,0.0016049768310040236
000809_jpg.rf.dcd99922c592f3b634ddb443bf40dce1.jpg,10,0.9208983182907104,0.4058312177658081,0.010035442188382149,0.01262910570949316,0.0014687509974464774
000809_jpg.rf.dcd99922c592f3b634ddb443bf40dce1.jpg,0,0.5289686322212219,0.12869933247566223,0.026818973943591118,0.09582106024026871,0.0014623772585764527
000809_jpg.rf.dcd99922c592f3b634ddb443bf40dce1.jpg,0,0.5271631479263306,0.10333196073770523,0.026749538257718086,0.08373633027076721,0.0013542912201955914
000809_jpg.rf.dcd99922c592f3b634ddb443bf40dce1.jpg,1,0.5832836627960205,0.08795259892940521,0.16041100025177002,0.17584890127182007,0.001347067067399621
000809_jpg.rf.dcd99922c592f3b634ddb443bf40dce1.jpg,0,0.5436191558837891,0.08863983303308487,0.07820422947406769,0.17532368004322052,0.0012499885633587837
000809_jpg.rf.dcd99922c592f3b634ddb443bf40dce1.jpg,1,0.9430006742477417,0.013789379969239235,0.026910416781902313,0.02694311924278736,0.0011956600937992334
000809_jpg.rf.dcd99922c592f3b634ddb443bf40dce1.jpg,1,0.9351795315742493,0.013791007921099663,0.04632341116666794,0.027546914294362068,0.0011364059755578637
000809_jpg.rf.dcd99922c592f3b634ddb443bf40dce1.jpg,1,0.8940664529800415,0.012499022297561169,0.02410624735057354,0.024711333215236664,0.001127053750678897
000809_jpg.rf.dcd99922c592f3b634ddb443bf40dce1.jpg,1,0.8772180080413818,0.012943053618073463,0.029496781527996063,0.025688448920845985,0.0010881314519792795
000809_jpg.rf.dcd99922c592f3b634ddb443bf40dce1.jpg,1,0.7626067399978638,0.03125463053584099,0.08168543875217438,0.062226854264736176,0.001085490919649601
000809_jpg.rf.dcd99922c592f3b634ddb443bf40dce1.jpg,8,0.5833053588867188,0.13494688272476196,0.030398553237318993,0.06046562269330025,0.00107330281753093
000811_jpg.rf.142d78a345147dc179446aa8ec1191ce.jpg,1,0.3060494363307953,0.2873820662498474,0.013575793243944645,0.05382692068815231,0.7443346977233887
000811_jpg.rf.142d78a345147dc179446aa8ec1191ce.jpg,1,0.5016156435012817,0.28192219138145447,0.016879156231880188,0.05897914618253708,0.607650637626648
000811_jpg.rf.142d78a345147dc179446aa8ec1191ce.jpg,8,0.47718846797943115,0.2867898941040039,0.018405547365546227,0.03685441613197327,0.2485881745815277
000811_jpg.rf.142d78a345147dc179446aa8ec1191ce.jpg,7,0.47758010029792786,0.28700941801071167,0.0177463386207819,0.036983564496040344,0.20366638898849487
000811_jpg.rf.142d78a345147dc179446aa8ec1191ce.jpg,1,0.547303318977356,0.1288379728794098,0.026343530043959618,0.09221015870571136,0.10190637409687042
000811_jpg.rf.142d78a345147dc179446aa8ec1191ce.jpg,0,0.5462973713874817,0.12551896274089813,0.027943024411797523,0.09603142738342285,0.03529837355017662
000811_jpg.rf.142d78a345147dc179446aa8ec1191ce.jpg,1,0.5049563646316528,0.27788612246513367,0.02191895805299282,0.06654633581638336,0.033718541264534
000811_jpg.rf.142d78a345147dc179446aa8ec1191ce.jpg,8,0.5017076730728149,0.2828979194164276,0.017853811383247375,0.057236362248659134,0.013067173771560192
000811_jpg.rf.142d78a345147dc179446aa8ec1191ce.jpg,8,0.48153167963027954,0.28740841150283813,0.016406279057264328,0.03924547880887985,0.007614347152411938
000811_jpg.rf.142d78a345147dc179446aa8ec1191ce.jpg,1,0.30382534861564636,0.8197996020317078,0.012387093156576157,0.007653823588043451,0.004705363418906927
000811_jpg.rf.142d78a345147dc179446aa8ec1191ce.jpg,1,0.7623920440673828,0.3568740487098694,0.023749426007270813,0.038788724690675735,0.004463450983166695
000811_jpg.rf.142d78a345147dc179446aa8ec1191ce.jpg,0,0.0034562351647764444,0.5089423060417175,0.0065718055702745914,0.06923913955688477,0.0028723080176860094
000811_jpg.rf.142d78a345147dc179446aa8ec1191ce.jpg,3,0.810248613357544,0.40930959582328796,0.010348760522902012,0.023654425516724586,0.002665973035618663
000811_jpg.rf.142d78a345147dc179446aa8ec1191ce.jpg,1,0.26695117354393005,0.013085824437439442,0.012839831411838531,0.0111876605078578,0.002415761351585388
000811_jpg.rf.142d78a345147dc179446aa8ec1191ce.jpg,12,0.012648362666368484,0.23489047586917877,0.02529672533273697,0.46978095173835754,0.0023257944267243147
000811_jpg.rf.142d78a345147dc179446aa8ec1191ce.jpg,0,0.5534566640853882,0.12359371036291122,0.03583640605211258,0.10819452255964279,0.002294844249263406
000811_jpg.rf.142d78a345147dc179446aa8ec1191ce.jpg,1,0.2643611431121826,0.012728615663945675,0.015234691090881824,0.009894338436424732,0.002124322345480323
000811_jpg.rf.142d78a345147dc179446aa8ec1191ce.jpg,1,0.4992785155773163,0.27251943945884705,0.018344109877943993,0.07065973430871964,0.0019977602642029524
000811_jpg.rf.142d78a345147dc179446aa8ec1191ce.jpg,8,0.469515860080719,0.28468745946884155,0.01811717264354229,0.03621158376336098,0.0016002946067601442
000811_jpg.rf.142d78a345147dc179446aa8ec1191ce.jpg,1,0.7638784646987915,0.3722481429576874,0.028325669467449188,0.07572097331285477,0.0015356080839410424
000811_jpg.rf.142d78a345147dc179446aa8ec1191ce.jpg,0,0.43976595997810364,0.9266594052314758,0.009039622731506824,0.009165911003947258,0.0012636719038709998
000811_jpg.rf.142d78a345147dc179446aa8ec1191ce.jpg,1,0.5532658100128174,0.12500669062137604,0.04108352214097977,0.10617687553167343,0.0010694196680560708
000811_jpg.rf.142d78a345147dc179446aa8ec1191ce.jpg,0,0.531040370464325,0.24882735311985016,0.021013149991631508,0.02004091627895832,0.0010337160201743245
000815_jpg.rf.29afabe5f464c19bf77856ba5a90bd1e.jpg,8,0.6407154202461243,0.5740410685539246,0.23515929281711578,0.321481317281723,0.8997639417648315
000815_jpg.rf.29afabe5f464c19bf77856ba5a90bd1e.jpg,0,0.9895371794700623,0.24359704554080963,0.020466217771172523,0.04410569742321968,0.0018277864437550306
000815_jpg.rf.29afabe5f464c19bf77856ba5a90bd1e.jpg,0,0.18880301713943481,0.21358640491962433,0.018431352451443672,0.013201970607042313,0.0013547802809625864
000815_jpg.rf.29afabe5f464c19bf77856ba5a90bd1e.jpg,0,0.9955477118492126,0.2449588179588318,0.008500685915350914,0.040157485753297806,0.0012261407682672143
000822_jpg.rf.63b8e6ec737487b4e7e9e2ed48754226.jpg,13,0.6488310098648071,0.7381284236907959,0.12006528675556183,0.16647735238075256,0.9047384262084961
000822_jpg.rf.63b8e6ec737487b4e7e9e2ed48754226.jpg,0,0.3045840859413147,0.6432273983955383,0.008417129516601562,0.010647040791809559,0.01722840778529644
000822_jpg.rf.63b8e6ec737487b4e7e9e2ed48754226.jpg,13,0.6145368218421936,0.7375472187995911,0.17773526906967163,0.16842879354953766,0.0014056700747460127
000825_jpg.rf.dd850d3ac847bd61179c2191ebc02b37.jpg,1,0.2840515673160553,0.2651314437389374,0.013436391018331051,0.047376763075590134,0.6330999732017517
000825_jpg.rf.dd850d3ac847bd61179c2191ebc02b37.jpg,1,0.3109142780303955,0.2647327482700348,0.011527392081916332,0.04695657640695572,0.5584591627120972
000825_jpg.rf.dd850d3ac847bd61179c2191ebc02b37.jpg,1,0.6182712912559509,0.2564486861228943,0.012955702841281891,0.04599897935986519,0.5053959488868713
000825_jpg.rf.dd850d3ac847bd61179c2191ebc02b37.jpg,1,0.6179246306419373,0.26907879114151,0.015421024523675442,0.07310601323843002,0.2643394470214844
000825_jpg.rf.dd850d3ac847bd61179c2191ebc02b37.jpg,1,0.6928215026855469,0.464962899684906,0.02155259996652603,0.021922295913100243,0.24518629908561707
000825_jpg.rf.dd850d3ac847bd61179c2191ebc02b37.jpg,1,0.6931992769241333,0.46648460626602173,0.023812368512153625,0.028471874073147774,0.17141172289848328
000825_jpg.rf.dd850d3ac847bd61179c2191ebc02b37.jpg,1,0.45213833451271057,0.47254541516304016,0.014538289047777653,0.03499045968055725,0.1677154153585434
000825_jpg.rf.dd850d3ac847bd61179c2191ebc02b37.jpg,1,0.5356249809265137,0.4710816740989685,0.015994403511285782,0.03925004601478577,0.16763515770435333
000825_jpg.rf.dd850d3ac847bd61179c2191ebc02b37.jpg,1,0.6181240081787109,0.24385486543178558,0.012425496242940426,0.02141917683184147,0.07788469642400742
000825_jpg.rf.dd850d3ac847bd61179c2191ebc02b37.jpg,1,0.6370582580566406,0.24401509761810303,0.028987372294068336,0.02411002479493618,0.0525582991540432
000825_jpg.rf.dd850d3ac847bd61179c2191ebc02b37.jpg,1,0.6489965319633484,0.24272754788398743,0.059500403702259064,0.024764355272054672,0.035389386117458344
000825_jpg.rf.dd850d3ac847bd61179c2191ebc02b37.jpg,1,0.635048508644104,0.4508362412452698,0.019026463851332664,0.026806244626641273,0.023564936593174934
000825_jpg.rf.dd850d3ac847bd61179c2191ebc02b37.jpg,1,0.6352106928825378,0.4621640145778656,0.020099494606256485,0.05452244356274605,0.022296475246548653
000825_jpg.rf.dd850d3ac847bd61179c2191ebc02b37.jpg,1,0.6422540545463562,0.24381926655769348,0.03767674043774605,0.02769569307565689,0.01945849508047104
000825_jpg.rf.dd850d3ac847bd61179c2191ebc02b37.jpg,1,0.9514333605766296,0.05453014746308327,0.04139731451869011,0.07527008652687073,0.018839238211512566
000825_jpg.rf.dd850d3ac847bd61179c2191ebc02b37.jpg,1,0.6362749338150024,0.24333631992340088,0.020674927160143852,0.022117560729384422,0.011598187498748302
000825_jpg.rf.dd850d3ac847bd61179c2191ebc02b37.jpg,1,0.6147457361221313,0.26287075877189636,0.01768992654979229,0.061230018734931946,0.009935902431607246
000825_jpg.rf.dd850d3ac847bd61179c2191ebc02b37.jpg,0,0.989468514919281,0.05644107982516289,0.021062998101115227,0.11167225986719131,0.009545440785586834
000825_jpg.rf.dd850d3ac847bd61179c2191ebc02b37.jpg,1,0.6256725788116455,0.25028958916664124,0.02013345994055271,0.03564394637942314,0.008380033075809479
000825_jpg.rf.dd850d3ac847bd61179c2191ebc02b37.jpg,1,0.16025206446647644,0.3702619671821594,0.014429992064833641,0.029715245589613914,0.0073993634432554245
000825_jpg.rf.dd850d3ac847bd61179c2191ebc02b37.jpg,1,0.4530314803123474,0.4721183180809021,0.018450554460287094,0.03989560902118683,0.007211396005004644
000825_jpg.rf.dd850d3ac847bd61179c2191ebc02b37.jpg,1,0.15818384289741516,0.37100520730018616,0.01297382265329361,0.022783391177654266,0.0065368954092264175
000825_jpg.rf.dd850d3ac847bd61179c2191ebc02b37.jpg,1,0.618261992931366,0.2479020208120346,0.011309844441711903,0.027992982417345047,0.0063177915289998055
000825_jpg.rf.dd850d3ac847bd61179c2191ebc02b37.jpg,0,0.9112315773963928,0.0532725527882576,0.0388762429356575,0.1065451055765152,0.0059235901571810246
000825_jpg.rf.dd850d3ac847bd61179c2191ebc02b37.jpg,8,0.4338260889053345,0.4690430462360382,0.017322028055787086,0.03651200979948044,0.005848959553986788
000825_jpg.rf.dd850d3ac847bd61179c2191ebc02b37.jpg,1,0.6448048949241638,0.24242618680000305,0.01812744140625,0.019354600459337234,0.0049026175402104855
000825_jpg.rf.dd850d3ac847bd61179c2191ebc02b37.jpg,1,0.9600282311439514,0.04746702313423157,0.061297640204429626,0.09186805784702301,0.00417961785569787
000825_jpg.rf.dd850d3ac847bd61179c2191ebc02b37.jpg,0,0.6581730842590332,0.23969680070877075,0.03962964564561844,0.020064005628228188,0.004077129065990448
000825_jpg.rf.dd850d3ac847bd61179c2191ebc02b37.jpg,1,0.6364408135414124,0.4556110203266144,0.020821351557970047,0.03799871355295181,0.003977249376475811
000825_jpg.rf.dd850d3ac847bd61179c2191ebc02b37.jpg,1,0.6191452741622925,0.2605971097946167,0.01786690577864647,0.05236893519759178,0.00384712778031826
000825_jpg.rf.dd850d3ac847bd61179c2191ebc02b37.jpg,1,0.6930859088897705,0.46358242630958557,0.027731308713555336,0.038716722279787064,0.0035351284313946962
000825_jpg.rf.dd850d3ac847bd61179c2191ebc02b37.jpg,0,0.003546818858012557,0.2681368887424469,0.007041465491056442,0.02218393236398697,0.0034655011259019375
000825_jpg.rf.dd850d3ac847bd61179c2191ebc02b37.jpg,1,0.6341431140899658,0.4474954903125763,0.021470658481121063,0.02560931071639061,0.0032840052153915167
000825_jpg.rf.dd850d3ac847bd61179c2191ebc02b37.jpg,5,0.4334923028945923,0.4690844714641571,0.01799381710588932,0.03720712661743164,0.0032543237321078777
000825_jpg.rf.dd850d3ac847bd61179c2191ebc02b37.jpg,0,0.9512830972671509,0.05421498417854309,0.03996225818991661,0.07552209496498108,0.0031851530075073242
000825_jpg.rf.dd850d3ac847bd61179c2191ebc02b37.jpg,1,0.4475223124027252,0.47036293148994446,0.014115444384515285,0.040048748254776,0.0030178276356309652
000825_jpg.rf.dd850d3ac847bd61179c2191ebc02b37.jpg,1,0.30971941351890564,0.26355597376823425,0.015822723507881165,0.04793860390782356,0.0029555130749940872
000825_jpg.rf.dd850d3ac847bd61179c2191ebc02b37.jpg,1,0.611253023147583,0.273174524307251,0.02675984613597393,0.07150918245315552,0.0027880510315299034
000825_jpg.rf.dd850d3ac847bd61179c2191ebc02b37.jpg,1,0.630418062210083,0.24828602373600006,0.023447036743164062,0.0308428555727005,0.0026619858108460903
000825_jpg.rf.dd850d3ac847bd61179c2191ebc02b37.jpg,1,0.9901978969573975,0.06442959606647491,0.019002621993422508,0.10043343901634216,0.0022273105569183826
000825_jpg.rf.dd850d3ac847bd61179c2191ebc02b37.jpg,1,0.494313508272171,0.39507919549942017,0.017731446772813797,0.00982145220041275,0.001876454334706068
000825_jpg.rf.dd850d3ac847bd61179c2191ebc02b37.jpg,1,0.833847165107727,0.519318699836731,0.06081772223114967,0.03581681847572327,0.0018664455274119973
000825_jpg.rf.dd850d3ac847bd61179c2191ebc02b37.jpg,1,0.6457203030586243,0.24012671411037445,0.021442340686917305,0.016873324289917946,0.0017455193446949124
000825_jpg.rf.dd850d3ac847bd61179c2191ebc02b37.jpg,1,0.43386563658714294,0.4691987633705139,0.017254022881388664,0.0368616059422493,0.0017015176126733422
000825_jpg.rf.dd850d3ac847bd61179c2191ebc02b37.jpg,1,0.3143083155155182,0.2629300653934479,0.01782837323844433,0.050320956856012344,0.0016406343784183264
000825_jpg.rf.dd850d3ac847bd61179c2191ebc02b37.jpg,0,0.9899850487709045,0.028906825929880142,0.019380716606974602,0.05492416396737099,0.001624438795261085
000825_jpg.rf.dd850d3ac847bd61179c2191ebc02b37.jpg,1,0.6897241473197937,0.46599432826042175,0.029020678251981735,0.03156941011548042,0.00146648776717484
000825_jpg.rf.dd850d3ac847bd61179c2191ebc02b37.jpg,1,0.6438388824462891,0.24563609063625336,0.0186639204621315,0.027744073420763016,0.0014509866014122963
000825_jpg.rf.dd850d3ac847bd61179c2191ebc02b37.jpg,1,0.6369010210037231,0.45083722472190857,0.024598635733127594,0.03490404039621353,0.001203174702823162
000825_jpg.rf.dd850d3ac847bd61179c2191ebc02b37.jpg,1,0.6933451890945435,0.47459590435028076,0.027698004618287086,0.047177501022815704,0.0011412770254537463
000825_jpg.rf.dd850d3ac847bd61179c2191ebc02b37.jpg,1,0.1570982187986374,0.37449851632118225,0.015378383919596672,0.030574800446629524,0.0010405589127913117
000825_jpg.rf.dd850d3ac847bd61179c2191ebc02b37.jpg,1,0.622790515422821,0.2545693516731262,0.020161593332886696,0.04361893609166145,0.0010233393404632807
000831_jpg.rf.09392428bf69f0de8c937caec3590319.jpg,7,0.5067494511604309,0.3846031129360199,0.09594682604074478,0.1742386668920517,0.9007891416549683
000831_jpg.rf.09392428bf69f0de8c937caec3590319.jpg,10,0.507279098033905,0.38595500588417053,0.09276536852121353,0.18110652267932892,0.11178968101739883
000831_jpg.rf.09392428bf69f0de8c937caec3590319.jpg,9,0.5076852440834045,0.16530533134937286,0.0941510945558548,0.1640172004699707,0.03466441109776497
000831_jpg.rf.09392428bf69f0de8c937caec3590319.jpg,1,0.43710532784461975,0.5676601529121399,0.0170296523720026,0.04228958860039711,0.025309303775429726
000831_jpg.rf.09392428bf69f0de8c937caec3590319.jpg,13,0.5080155730247498,0.38451632857322693,0.09329745173454285,0.1801794022321701,0.01873023621737957
000831_jpg.rf.09392428bf69f0de8c937caec3590319.jpg,5,0.5062583684921265,0.1659141182899475,0.09144959598779678,0.16954664885997772,0.003926355857402086
000831_jpg.rf.09392428bf69f0de8c937caec3590319.jpg,14,0.3290022909641266,0.2726314067840576,0.5082610845565796,0.5452628135681152,0.0036144950427114964
000831_jpg.rf.09392428bf69f0de8c937caec3590319.jpg,3,0.6527063846588135,0.01640239916741848,0.014021800830960274,0.013130604289472103,0.0035263460595160723
000831_jpg.rf.09392428bf69f0de8c937caec3590319.jpg,3,0.6600561141967773,0.012319907546043396,0.03173241391777992,0.023339830338954926,0.0027994357515126467
000831_jpg.rf.09392428bf69f0de8c937caec3590319.jpg,14,0.6350283622741699,0.45372071862220764,0.7269226312637329,0.8840479850769043,0.002529012504965067
000831_jpg.rf.09392428bf69f0de8c937caec3590319.jpg,13,0.6480804085731506,0.013502229005098343,0.08545446395874023,0.026952872052788734,0.0023865667171776295
000831_jpg.rf.09392428bf69f0de8c937caec3590319.jpg,3,0.6581336259841919,0.011686733923852444,0.06712459027767181,0.023373467847704887,0.001809318782761693
000831_jpg.rf.09392428bf69f0de8c937caec3590319.jpg,11,0.6569909453392029,0.013389186933636665,0.06528957188129425,0.025322455912828445,0.0017023261170834303
000831_jpg.rf.09392428bf69f0de8c937caec3590319.jpg,0,0.9826661348342896,0.7788897752761841,0.01754775457084179,0.014345683157444,0.0015603809151798487
000831_jpg.rf.09392428bf69f0de8c937caec3590319.jpg,1,0.43899232149124146,0.5730436444282532,0.02165992558002472,0.04374680295586586,0.0014775122981518507
000831_jpg.rf.09392428bf69f0de8c937caec3590319.jpg,3,0.6463910937309265,0.013932580128312111,0.0914459228515625,0.027865160256624222,0.0014409120194613934
000831_jpg.rf.09392428bf69f0de8c937caec3590319.jpg,1,0.6500995755195618,0.017705358564853668,0.01654815673828125,0.011447075754404068,0.0014374528545886278
000831_jpg.rf.09392428bf69f0de8c937caec3590319.jpg,8,0.5054924488067627,0.16473662853240967,0.09073459357023239,0.17190265655517578,0.0013919471530243754
000831_jpg.rf.09392428bf69f0de8c937caec3590319.jpg,12,0.6495722532272339,0.013427249155938625,0.08067017793655396,0.026737190783023834,0.0013678018003702164
000831_jpg.rf.09392428bf69f0de8c937caec3590319.jpg,10,0.5051226615905762,0.16662168502807617,0.09110843390226364,0.17114639282226562,0.0012999981408938766
000831_jpg.rf.09392428bf69f0de8c937caec3590319.jpg,14,0.3828470706939697,0.338890939950943,0.5130568146705627,0.677781879901886,0.0012722028186544776
000831_jpg.rf.09392428bf69f0de8c937caec3590319.jpg,1,0.6513679623603821,0.020243246108293533,0.015050961636006832,0.011502687819302082,0.0012486219638958573
000833_jpg.rf.a774fb7c4620c050e43d66a0062137af.jpg,11,0.7385108470916748,0.4460035562515259,0.08442189544439316,0.15652605891227722,0.8843701481819153
000833_jpg.rf.a774fb7c4620c050e43d66a0062137af.jpg,7,0.5,0.638844907283783,1.0,0.7223103642463684,0.024461476132273674
000833_jpg.rf.a774fb7c4620c050e43d66a0062137af.jpg,6,0.5010321736335754,0.6450650095939636,0.9979357719421387,0.7098699808120728,0.02419765666127205
000833_jpg.rf.a774fb7c4620c050e43d66a0062137af.jpg,10,0.7379630208015442,0.4473615884780884,0.08661703020334244,0.16364102065563202,0.018483128398656845
000833_jpg.rf.a774fb7c4620c050e43d66a0062137af.jpg,4,0.7389780282974243,0.4498238265514374,0.08358031511306763,0.15940801799297333,0.011357043869793415
000833_jpg.rf.a774fb7c4620c050e43d66a0062137af.jpg,5,0.5006651282310486,0.6405187845230103,0.9986698031425476,0.7189624905586243,0.0030807279981672764
000833_jpg.rf.a774fb7c4620c050e43d66a0062137af.jpg,11,0.795418381690979,0.4643048346042633,0.40916335582733154,0.9286096692085266,0.0021151064429432154
000836_jpg.rf.c262dc2f875c2d27c5358091bec7f23c.jpg,13,0.8797253370285034,0.1340130865573883,0.15562351047992706,0.26502522826194763,0.9389618039131165
000836_jpg.rf.c262dc2f875c2d27c5358091bec7f23c.jpg,12,0.42105281352996826,0.7717112302780151,0.040964752435684204,0.06901425868272781,0.5222616791725159
000836_jpg.rf.c262dc2f875c2d27c5358091bec7f23c.jpg,9,0.4226779341697693,0.77022385597229,0.04503760114312172,0.06990168988704681,0.24934226274490356
000836_jpg.rf.c262dc2f875c2d27c5358091bec7f23c.jpg,5,0.42278534173965454,0.7704294919967651,0.044386424124240875,0.06936770677566528,0.20499204099178314
000836_jpg.rf.c262dc2f875c2d27c5358091bec7f23c.jpg,13,0.4214228391647339,0.7721819281578064,0.04168815165758133,0.06896276026964188,0.16000156104564667
000836_jpg.rf.c262dc2f875c2d27c5358091bec7f23c.jpg,1,0.5105761289596558,0.0896906852722168,0.02461198717355728,0.06032600626349449,0.10169098526239395
000836_jpg.rf.c262dc2f875c2d27c5358091bec7f23c.jpg,1,0.23616352677345276,0.18984957039356232,0.012263812124729156,0.0411033108830452,0.059779092669487
000836_jpg.rf.c262dc2f875c2d27c5358091bec7f23c.jpg,1,0.565151035785675,0.077142633497715,0.013674809597432613,0.06574118137359619,0.049293529242277145
000836_jpg.rf.c262dc2f875c2d27c5358091bec7f23c.jpg,1,0.486813485622406,0.08837083727121353,0.01261399406939745,0.06019943580031395,0.03884321078658104
000836_jpg.rf.c262dc2f875c2d27c5358091bec7f23c.jpg,1,0.36609622836112976,0.17966876924037933,0.008646892383694649,0.015722697600722313,0.03435127064585686
000836_jpg.rf.c262dc2f875c2d27c5358091bec7f23c.jpg,1,0.4433337152004242,0.04205296188592911,0.009357159025967121,0.017149165272712708,0.03241496533155441
000836_jpg.rf.c262dc2f875c2d27c5358091bec7f23c.jpg,1,0.12089723348617554,0.089994415640831,0.08525285869836807,0.0709526315331459,0.027048438787460327
000836_jpg.rf.c262dc2f875c2d27c5358091bec7f23c.jpg,1,0.5477263331413269,0.0875692367553711,0.011960580013692379,0.05137663707137108,0.02509329840540886
000836_jpg.rf.c262dc2f875c2d27c5358091bec7f23c.jpg,1,0.15547440946102142,0.19403700530529022,0.01327477116137743,0.04857479780912399,0.01935746520757675
000836_jpg.rf.c262dc2f875c2d27c5358091bec7f23c.jpg,1,0.033137399703264236,0.07718677073717117,0.03630920127034187,0.08804744482040405,0.019118526950478554
000836_jpg.rf.c262dc2f875c2d27c5358091bec7f23c.jpg,1,0.5693336725234985,0.08055166155099869,0.011338051408529282,0.05628370866179466,0.015925556421279907
000836_jpg.rf.c262dc2f875c2d27c5358091bec7f23c.jpg,1,0.5553987622261047,0.08218937367200851,0.017913049086928368,0.05041097477078438,0.015488902106881142
000836_jpg.rf.c262dc2f875c2d27c5358091bec7f23c.jpg,1,0.10148987919092178,0.08905068784952164,0.03315693885087967,0.062429558485746384,0.014258887618780136
000836_jpg.rf.c262dc2f875c2d27c5358091bec7f23c.jpg,0,0.5693891644477844,0.5763446092605591,0.8587660789489746,0.8473109006881714,0.013157014735043049
000836_jpg.rf.c262dc2f875c2d27c5358091bec7f23c.jpg,1,0.3668595850467682,0.17894287407398224,0.011741161346435547,0.018372995778918266,0.00824708491563797
000836_jpg.rf.c262dc2f875c2d27c5358091bec7f23c.jpg,1,0.2364196926355362,0.19836778938770294,0.013375245966017246,0.05899383872747421,0.008174305781722069
000836_jpg.rf.c262dc2f875c2d27c5358091bec7f23c.jpg,1,0.4866330623626709,0.0759439691901207,0.010454177856445312,0.05795342102646828,0.006193488836288452
000836_jpg.rf.c262dc2f875c2d27c5358091bec7f23c.jpg,1,0.07116033881902695,0.08858893811702728,0.02831060253083706,0.05838671326637268,0.005954499822109938
000836_jpg.rf.c262dc2f875c2d27c5358091bec7f23c.jpg,1,0.08588162064552307,0.21606913208961487,0.01434288639575243,0.04665638878941536,0.005560282617807388
000836_jpg.rf.c262dc2f875c2d27c5358091bec7f23c.jpg,1,0.15687128901481628,0.205943301320076,0.013033601455390453,0.07252001762390137,0.005492568016052246
000836_jpg.rf.c262dc2f875c2d27c5358091bec7f23c.jpg,1,0.12774677574634552,0.0899808332324028,0.035338714718818665,0.06566239893436432,0.005480911582708359
000836_jpg.rf.c262dc2f875c2d27c5358091bec7f23c.jpg,1,0.5102937817573547,0.09054583311080933,0.031790733337402344,0.06955832242965698,0.0052435449324548244
000836_jpg.rf.c262dc2f875c2d27c5358091bec7f23c.jpg,1,0.5498093962669373,0.08637077361345291,0.011202775873243809,0.05113516002893448,0.004842582158744335
000836_jpg.rf.c262dc2f875c2d27c5358091bec7f23c.jpg,1,0.5072327256202698,0.20365352928638458,0.016429681330919266,0.014544249512255192,0.004793126601725817
000836_jpg.rf.c262dc2f875c2d27c5358091bec7f23c.jpg,1,0.13214810192584991,0.08421909064054489,0.10204357653856277,0.08460160344839096,0.0045281159691512585
000836_jpg.rf.c262dc2f875c2d27c5358091bec7f23c.jpg,3,0.4219263195991516,0.211875781416893,0.024143073707818985,0.032641761004924774,0.0045141722075641155
000836_jpg.rf.c262dc2f875c2d27c5358091bec7f23c.jpg,1,0.49961841106414795,0.21593905985355377,0.020372575148940086,0.04353373125195503,0.004404127132147551
000836_jpg.rf.c262dc2f875c2d27c5358091bec7f23c.jpg,1,0.5468471646308899,0.08204497396945953,0.014932889491319656,0.043307114392519,0.004389128182083368
000836_jpg.rf.c262dc2f875c2d27c5358091bec7f23c.jpg,1,0.29174095392227173,0.2269349843263626,0.025717662647366524,0.06471823155879974,0.004343326203525066
000836_jpg.rf.c262dc2f875c2d27c5358091bec7f23c.jpg,12,0.4540157914161682,0.7546117305755615,0.3689447045326233,0.49077659845352173,0.003574759466573596
000836_jpg.rf.c262dc2f875c2d27c5358091bec7f23c.jpg,1,0.443218469619751,0.045007023960351944,0.010143720544874668,0.023477161303162575,0.003498745383694768
000836_jpg.rf.c262dc2f875c2d27c5358091bec7f23c.jpg,8,0.18299758434295654,0.22561205923557281,0.03313211351633072,0.06180299445986748,0.0032159597612917423
000836_jpg.rf.c262dc2f875c2d27c5358091bec7f23c.jpg,1,0.5697903037071228,0.0660020262002945,0.010488510131835938,0.031505975872278214,0.0030778003856539726
000836_jpg.rf.c262dc2f875c2d27c5358091bec7f23c.jpg,1,0.5111701488494873,0.08459249138832092,0.020646022632718086,0.04765922576189041,0.002975629409775138
000836_jpg.rf.c262dc2f875c2d27c5358091bec7f23c.jpg,12,0.5452809929847717,0.7404999732971191,0.5351599454879761,0.5190001726150513,0.002921717008575797
000836_jpg.rf.c262dc2f875c2d27c5358091bec7f23c.jpg,1,0.16012261807918549,0.07732397317886353,0.030929530039429665,0.09003005176782608,0.0026254733093082905
000836_jpg.rf.c262dc2f875c2d27c5358091bec7f23c.jpg,0,0.4757751524448395,0.7488346099853516,0.3999801278114319,0.5023307204246521,0.002615406410768628
000836_jpg.rf.c262dc2f875c2d27c5358091bec7f23c.jpg,1,0.5362841486930847,0.08788555860519409,0.00730771292001009,0.05133909732103348,0.0025654009077697992
000836_jpg.rf.c262dc2f875c2d27c5358091bec7f23c.jpg,1,0.5351163744926453,0.0850207656621933,0.01547355018556118,0.05045910179615021,0.002443435601890087
000836_jpg.rf.c262dc2f875c2d27c5358091bec7f23c.jpg,1,0.3156311810016632,0.04385770112276077,0.011286442168056965,0.02045803889632225,0.0024111184757202864
000836_jpg.rf.c262dc2f875c2d27c5358091bec7f23c.jpg,1,0.5063761472702026,0.20421026647090912,0.019138153642416,0.018975479528307915,0.0023486765567213297
000836_jpg.rf.c262dc2f875c2d27c5358091bec7f23c.jpg,1,0.5666698217391968,0.06533417850732803,0.011251303367316723,0.046494677662849426,0.0022048328537493944
000836_jpg.rf.c262dc2f875c2d27c5358091bec7f23c.jpg,1,0.07293593138456345,0.08508961647748947,0.06187092140316963,0.08488363027572632,0.0021290662698447704
000836_jpg.rf.c262dc2f875c2d27c5358091bec7f23c.jpg,1,0.16975437104701996,0.055358950048685074,0.010731092654168606,0.040668148547410965,0.0020774216391146183
000836_jpg.rf.c262dc2f875c2d27c5358091bec7f23c.jpg,1,0.4867331385612488,0.06610073149204254,0.011992454528808594,0.03991737961769104,0.0020011933520436287
000836_jpg.rf.c262dc2f875c2d27c5358091bec7f23c.jpg,1,0.5230855941772461,0.09199128299951553,0.031952161341905594,0.06746307760477066,0.0019962803926318884
000836_jpg.rf.c262dc2f875c2d27c5358091bec7f23c.jpg,1,0.3461071252822876,0.19420522451400757,0.009591176174581051,0.026388995349407196,0.0019762932788580656
000836_jpg.rf.c262dc2f875c2d27c5358091bec7f23c.jpg,1,0.3320123255252838,0.06142816320061684,0.009301369078457355,0.024668144062161446,0.0019194622291252017
000836_jpg.rf.c262dc2f875c2d27c5358091bec7f23c.jpg,1,0.5352931022644043,0.08032657951116562,0.009695383720099926,0.03943852335214615,0.0019077030010521412
000836_jpg.rf.c262dc2f875c2d27c5358091bec7f23c.jpg,1,0.5657848715782166,0.08827902376651764,0.01212820690125227,0.05472112074494362,0.0017582220025360584
000836_jpg.rf.c262dc2f875c2d27c5358091bec7f23c.jpg,1,0.46488338708877563,0.08849445730447769,0.02300299145281315,0.059792522341012955,0.0015632683644071221
000836_jpg.rf.c262dc2f875c2d27c5358091bec7f23c.jpg,1,0.487140953540802,0.06031610071659088,0.010182124562561512,0.02864072099328041,0.0014954765792936087
000836_jpg.rf.c262dc2f875c2d27c5358091bec7f23c.jpg,1,0.036093562841415405,0.8645850419998169,0.07218712568283081,0.2694163918495178,0.0013058586046099663
000836_jpg.rf.c262dc2f875c2d27c5358091bec7f23c.jpg,1,0.16875718533992767,0.07694307714700699,0.016962913796305656,0.0875062420964241,0.0012907793279737234
000836_jpg.rf.c262dc2f875c2d27c5358091bec7f23c.jpg,1,0.17021675407886505,0.06607022881507874,0.011125363409519196,0.06306769698858261,0.001221392536535859
000836_jpg.rf.c262dc2f875c2d27c5358091bec7f23c.jpg,1,0.4834516644477844,0.0880119651556015,0.011610984802246094,0.06407441943883896,0.0011833361349999905
000836_jpg.rf.c262dc2f875c2d27c5358091bec7f23c.jpg,1,0.5455811023712158,0.0929487869143486,0.03264196217060089,0.0677768811583519,0.0010861833579838276
000836_jpg.rf.c262dc2f875c2d27c5358091bec7f23c.jpg,4,0.510705292224884,0.08271472901105881,0.021866872906684875,0.04555433988571167,0.0010699587874114513
000836_jpg.rf.c262dc2f875c2d27c5358091bec7f23c.jpg,1,0.15416060388088226,0.20883890986442566,0.016989892348647118,0.079986572265625,0.0010561770759522915
000836_jpg.rf.c262dc2f875c2d27c5358091bec7f23c.jpg,1,0.03430343419313431,0.06580650806427002,0.0374038890004158,0.0648149698972702,0.0010153449838981032
000841_jpg.rf.82ac37a263cc3771094f878f75519d3c.jpg,7,0.7129538655281067,0.6122733950614929,0.30300813913345337,0.4503297507762909,0.9445472359657288
000841_jpg.rf.82ac37a263cc3771094f878f75519d3c.jpg,1,0.48067671060562134,0.5034967660903931,0.015909269452095032,0.037321899086236954,0.016950830817222595
000841_jpg.rf.82ac37a263cc3771094f878f75519d3c.jpg,7,0.5,0.5,1.0,1.0,0.0022611001040786505
000841_jpg.rf.82ac37a263cc3771094f878f75519d3c.jpg,11,0.577206015586853,0.7118208408355713,0.8455880284309387,0.576358437538147,0.0018849668558686972
000841_jpg.rf.82ac37a263cc3771094f878f75519d3c.jpg,1,0.4824630618095398,0.5078370571136475,0.011285671964287758,0.029359010979533195,0.001629020320251584
000841_jpg.rf.82ac37a263cc3771094f878f75519d3c.jpg,11,0.5,0.7450016736984253,1.0,0.5099967122077942,0.0010497771436348557
000854_JPG_jpg.rf.c2dbb2abedf6e49d74effc7a8945ed99.jpg,0,0.03959353268146515,0.4191577732563019,0.0791870653629303,0.049039144068956375,0.8866574764251709
000854_JPG_jpg.rf.c2dbb2abedf6e49d74effc7a8945ed99.jpg,0,0.8391188383102417,0.30491575598716736,0.08173473179340363,0.04333030432462692,0.806137204170227
000854_JPG_jpg.rf.c2dbb2abedf6e49d74effc7a8945ed99.jpg,0,0.5504003167152405,0.5687665343284607,0.016757231205701828,0.022652186453342438,0.27762195467948914
000854_JPG_jpg.rf.c2dbb2abedf6e49d74effc7a8945ed99.jpg,0,0.5487871170043945,0.5689082145690918,0.021708672866225243,0.01952996663749218,0.17656883597373962
000854_JPG_jpg.rf.c2dbb2abedf6e49d74effc7a8945ed99.jpg,0,0.5554593205451965,0.567877471446991,0.025473779067397118,0.021657943725585938,0.13508442044258118
000854_JPG_jpg.rf.c2dbb2abedf6e49d74effc7a8945ed99.jpg,0,0.6012400984764099,0.3028821051120758,0.02904789336025715,0.13093732297420502,0.1151978000998497
000854_JPG_jpg.rf.c2dbb2abedf6e49d74effc7a8945ed99.jpg,0,0.5536894798278809,0.5707570910453796,0.022538259625434875,0.022952521219849586,0.0968521311879158
000854_JPG_jpg.rf.c2dbb2abedf6e49d74effc7a8945ed99.jpg,0,0.05793081223964691,0.4205893278121948,0.048121705651283264,0.04232469201087952,0.08113883435726166
000854_JPG_jpg.rf.c2dbb2abedf6e49d74effc7a8945ed99.jpg,0,0.5574491024017334,0.5715778470039368,0.03201572969555855,0.02443709783256054,0.05569442734122276
000854_JPG_jpg.rf.c2dbb2abedf6e49d74effc7a8945ed99.jpg,0,0.5507601499557495,0.5539075136184692,0.01734110154211521,0.052320849150419235,0.04307086765766144
000854_JPG_jpg.rf.c2dbb2abedf6e49d74effc7a8945ed99.jpg,0,0.34407493472099304,0.5870689749717712,0.023848718032240868,0.0206298828125,0.03745115548372269
000854_JPG_jpg.rf.c2dbb2abedf6e49d74effc7a8945ed99.jpg,8,0.8939536213874817,0.30733782052993774,0.058662049472332,0.08521410822868347,0.037199392914772034
000854_JPG_jpg.rf.c2dbb2abedf6e49d74effc7a8945ed99.jpg,0,0.5534924864768982,0.5702908635139465,0.03331364318728447,0.02848130092024803,0.032383788377046585
000854_JPG_jpg.rf.c2dbb2abedf6e49d74effc7a8945ed99.jpg,0,0.5446897149085999,0.5699641108512878,0.024396713823080063,0.02056961879134178,0.028353314846754074
000854_JPG_jpg.rf.c2dbb2abedf6e49d74effc7a8945ed99.jpg,1,0.895645022392273,0.31155821681022644,0.042034078389406204,0.08275478333234787,0.028022540733218193
000854_JPG_jpg.rf.c2dbb2abedf6e49d74effc7a8945ed99.jpg,1,0.9452897906303406,0.3084343373775482,0.05811236798763275,0.09088955074548721,0.02629178762435913
000854_JPG_jpg.rf.c2dbb2abedf6e49d74effc7a8945ed99.jpg,0,0.052256468683481216,0.45537474751472473,0.04497062414884567,0.11433396488428116,0.021772922948002815
000854_JPG_jpg.rf.c2dbb2abedf6e49d74effc7a8945ed99.jpg,0,0.6002306938171387,0.2887938618659973,0.026524875313043594,0.09705428034067154,0.01804296299815178
000854_JPG_jpg.rf.c2dbb2abedf6e49d74effc7a8945ed99.jpg,0,0.22821834683418274,0.6263540983200073,0.03265395760536194,0.024285905063152313,0.011407766491174698
000854_JPG_jpg.rf.c2dbb2abedf6e49d74effc7a8945ed99.jpg,4,0.8931792378425598,0.3089694678783417,0.06119339540600777,0.09349462389945984,0.00793587975203991
000854_JPG_jpg.rf.c2dbb2abedf6e49d74effc7a8945ed99.jpg,0,0.5522937774658203,0.5667300224304199,0.028883494436740875,0.027356736361980438,0.004676475189626217
000854_JPG_jpg.rf.c2dbb2abedf6e49d74effc7a8945ed99.jpg,0,0.18296636641025543,0.5874771475791931,0.1395629346370697,0.32172685861587524,0.003998848143965006
000854_JPG_jpg.rf.c2dbb2abedf6e49d74effc7a8945ed99.jpg,4,0.8898977637290955,0.30969521403312683,0.04515009745955467,0.08634308725595474,0.003816282609477639
000854_JPG_jpg.rf.c2dbb2abedf6e49d74effc7a8945ed99.jpg,0,0.3366178572177887,0.5852354764938354,0.04375072941184044,0.020670708268880844,0.0036488319747149944
000854_JPG_jpg.rf.c2dbb2abedf6e49d74effc7a8945ed99.jpg,0,0.5581609606742859,0.5754833221435547,0.02856294997036457,0.03187546506524086,0.003508469555526972
000854_JPG_jpg.rf.c2dbb2abedf6e49d74effc7a8945ed99.jpg,1,0.9961864948272705,0.2887178957462311,0.007296415977180004,0.05902288854122162,0.003360633971169591
000854_JPG_jpg.rf.c2dbb2abedf6e49d74effc7a8945ed99.jpg,0,0.19369837641716003,0.40344634652137756,0.08446226269006729,0.26217085123062134,0.003189722541719675
000854_JPG_jpg.rf.c2dbb2abedf6e49d74effc7a8945ed99.jpg,0,0.9965421557426453,0.41973745822906494,0.006915752775967121,0.04477482661604881,0.0028474375139921904
000854_JPG_jpg.rf.c2dbb2abedf6e49d74effc7a8945ed99.jpg,8,0.06115226820111275,0.36315277218818665,0.0609302893280983,0.10899998992681503,0.002691577421501279
000854_JPG_jpg.rf.c2dbb2abedf6e49d74effc7a8945ed99.jpg,0,0.9957563281059265,0.03203747048974037,0.008220305666327477,0.06279396265745163,0.002511801430955529
000854_JPG_jpg.rf.c2dbb2abedf6e49d74effc7a8945ed99.jpg,0,0.09952794015407562,0.38177451491355896,0.09822717308998108,0.2920498847961426,0.0023082175757735968
000854_JPG_jpg.rf.c2dbb2abedf6e49d74effc7a8945ed99.jpg,0,0.05922441929578781,0.44486287236213684,0.05566355958580971,0.09314786642789841,0.002253061393275857
000854_JPG_jpg.rf.c2dbb2abedf6e49d74effc7a8945ed99.jpg,1,0.9950331449508667,0.2623632848262787,0.009439541958272457,0.1691410094499588,0.002137767616659403
000854_JPG_jpg.rf.c2dbb2abedf6e49d74effc7a8945ed99.jpg,0,0.6000426411628723,0.2642343044281006,0.02056719735264778,0.04540322721004486,0.0020353824365884066
000854_JPG_jpg.rf.c2dbb2abedf6e49d74effc7a8945ed99.jpg,1,0.995270311832428,0.06179635226726532,0.009407777339220047,0.12359270453453064,0.0017767567187547684
000854_JPG_jpg.rf.c2dbb2abedf6e49d74effc7a8945ed99.jpg,1,0.5999701619148254,0.3052384853363037,0.0306777972728014,0.12596459686756134,0.0017343054059892893
000854_JPG_jpg.rf.c2dbb2abedf6e49d74effc7a8945ed99.jpg,0,0.5657383799552917,0.5721974968910217,0.043082937598228455,0.031037405133247375,0.0017126812599599361
000854_JPG_jpg.rf.c2dbb2abedf6e49d74effc7a8945ed99.jpg,1,0.9306699633598328,0.7667216658592224,0.011982845142483711,0.008997844532132149,0.0015554041601717472
000854_JPG_jpg.rf.c2dbb2abedf6e49d74effc7a8945ed99.jpg,0,0.9915260076522827,0.0538039393723011,0.016648586839437485,0.1076078787446022,0.0014152303338050842
000854_JPG_jpg.rf.c2dbb2abedf6e49d74effc7a8945ed99.jpg,0,0.34157365560531616,0.5872982144355774,0.03067357838153839,0.02374674752354622,0.0013818633742630482
000854_JPG_jpg.rf.c2dbb2abedf6e49d74effc7a8945ed99.jpg,0,0.11912471055984497,0.3688180148601532,0.061151131987571716,0.28129592537879944,0.0013519710628315806
000854_JPG_jpg.rf.c2dbb2abedf6e49d74effc7a8945ed99.jpg,0,0.9958747625350952,0.016928283497691154,0.007947408594191074,0.03201252967119217,0.0011848920257762074
000854_JPG_jpg.rf.c2dbb2abedf6e49d74effc7a8945ed99.jpg,1,0.9274818897247314,0.866496205329895,0.017701735720038414,0.012783491052687168,0.0011834950419142842
000854_JPG_jpg.rf.c2dbb2abedf6e49d74effc7a8945ed99.jpg,1,0.9908120632171631,0.08413822203874588,0.018376057967543602,0.16827644407749176,0.0011652628891170025
000854_JPG_jpg.rf.c2dbb2abedf6e49d74effc7a8945ed99.jpg,1,0.9911373257637024,0.06680402159690857,0.01761326566338539,0.13360804319381714,0.0011626735795289278
000854_JPG_jpg.rf.c2dbb2abedf6e49d74effc7a8945ed99.jpg,1,0.9957878589630127,0.04570935666561127,0.008321101777255535,0.09075775742530823,0.0010232554050162435
000854_JPG_jpg.rf.c2dbb2abedf6e49d74effc7a8945ed99.jpg,0,0.5531495809555054,0.5735856294631958,0.03698715940117836,0.03737831115722656,0.001021691015921533
000854_JPG_jpg.rf.c2dbb2abedf6e49d74effc7a8945ed99.jpg,0,0.06920541822910309,0.29464253783226013,0.12513044476509094,0.3747061491012573,0.001016929280012846
000860_jpg.rf.96ab0958df78e7af07071f6d1dd7b6e6.jpg,1,0.29237648844718933,0.22238224744796753,0.016197461634874344,0.059257473796606064,0.7559025883674622
000860_jpg.rf.96ab0958df78e7af07071f6d1dd7b6e6.jpg,1,0.7203516364097595,0.20987030863761902,0.0166011955589056,0.059142500162124634,0.720365583896637
000860_jpg.rf.96ab0958df78e7af07071f6d1dd7b6e6.jpg,1,0.2585466504096985,0.22220203280448914,0.01523023471236229,0.05859925597906113,0.7097956538200378
000860_jpg.rf.96ab0958df78e7af07071f6d1dd7b6e6.jpg,1,0.68741375207901,0.20955926179885864,0.014142696745693684,0.05542958900332451,0.6248762607574463
000860_jpg.rf.96ab0958df78e7af07071f6d1dd7b6e6.jpg,0,0.8864436745643616,0.1589793711900711,0.011826075613498688,0.0353366881608963,0.11147099733352661
000860_jpg.rf.96ab0958df78e7af07071f6d1dd7b6e6.jpg,0,0.014022870920598507,0.19592761993408203,0.027427490800619125,0.049205709248781204,0.02861119993031025
000860_jpg.rf.96ab0958df78e7af07071f6d1dd7b6e6.jpg,1,0.2864771783351898,0.2215326428413391,0.019965870305895805,0.06001636013388634,0.022405283525586128
000860_jpg.rf.96ab0958df78e7af07071f6d1dd7b6e6.jpg,1,0.2925984859466553,0.21404363214969635,0.014118708670139313,0.04387848451733589,0.01861027628183365
000860_jpg.rf.96ab0958df78e7af07071f6d1dd7b6e6.jpg,0,0.0036172496620565653,0.19382303953170776,0.0067842756398022175,0.048361338675022125,0.017518870532512665
000860_jpg.rf.96ab0958df78e7af07071f6d1dd7b6e6.jpg,0,0.8874383568763733,0.1520652025938034,0.013553913682699203,0.048912424594163895,0.013668831437826157
000860_jpg.rf.96ab0958df78e7af07071f6d1dd7b6e6.jpg,9,0.5713155269622803,0.6135468482971191,0.033825069665908813,0.06529426574707031,0.011956004425883293
000860_jpg.rf.96ab0958df78e7af07071f6d1dd7b6e6.jpg,1,0.08418752998113632,0.3542453348636627,0.010357334278523922,0.027184156700968742,0.011731153354048729
000860_jpg.rf.96ab0958df78e7af07071f6d1dd7b6e6.jpg,1,0.08465156704187393,0.345856249332428,0.011782288551330566,0.0437152236700058,0.010125554166734219
000860_jpg.rf.96ab0958df78e7af07071f6d1dd7b6e6.jpg,0,0.9947437047958374,0.27870234847068787,0.010033461265265942,0.028251007199287415,0.009691918268799782
000860_jpg.rf.96ab0958df78e7af07071f6d1dd7b6e6.jpg,0,0.8818703889846802,0.16071489453315735,0.012434300035238266,0.032171569764614105,0.008137834258377552
000860_jpg.rf.96ab0958df78e7af07071f6d1dd7b6e6.jpg,0,0.08462575823068619,0.3456423580646515,0.013030593283474445,0.0465577207505703,0.006509121041744947
000860_jpg.rf.96ab0958df78e7af07071f6d1dd7b6e6.jpg,0,0.9550700783729553,0.4776040017604828,0.08910025656223297,0.07357509434223175,0.005182708613574505
000860_jpg.rf.96ab0958df78e7af07071f6d1dd7b6e6.jpg,5,0.9867980480194092,0.36279571056365967,0.02591206505894661,0.09563428163528442,0.0032443052623420954
000860_jpg.rf.96ab0958df78e7af07071f6d1dd7b6e6.jpg,5,0.9807554483413696,0.36804038286209106,0.03844349458813667,0.11174565553665161,0.002874910831451416
000860_jpg.rf.96ab0958df78e7af07071f6d1dd7b6e6.jpg,0,0.31569743156433105,0.22308188676834106,0.009234355762600899,0.010159804485738277,0.002349449787288904
000860_jpg.rf.96ab0958df78e7af07071f6d1dd7b6e6.jpg,8,0.9790583848953247,0.2788811922073364,0.012500469572842121,0.026386024430394173,0.0020047009456902742
000860_jpg.rf.96ab0958df78e7af07071f6d1dd7b6e6.jpg,9,0.8914136290550232,0.28731292486190796,0.01881636120378971,0.042802758514881134,0.001805241103284061
000860_jpg.rf.96ab0958df78e7af07071f6d1dd7b6e6.jpg,8,0.9921547174453735,0.2791977822780609,0.012460855767130852,0.028420008718967438,0.0017379103228449821
000860_jpg.rf.96ab0958df78e7af07071f6d1dd7b6e6.jpg,1,0.26612821221351624,0.223885178565979,0.021770093590021133,0.05706145241856575,0.0015596859157085419
000860_jpg.rf.96ab0958df78e7af07071f6d1dd7b6e6.jpg,0,0.012960778549313545,0.20412515103816986,0.02592155709862709,0.056773096323013306,0.0015307976864278316
000860_jpg.rf.96ab0958df78e7af07071f6d1dd7b6e6.jpg,5,0.9816266298294067,0.351347416639328,0.03659013658761978,0.07564640045166016,0.0013236866798251867
000860_jpg.rf.96ab0958df78e7af07071f6d1dd7b6e6.jpg,1,0.7229143381118774,0.21333123743534088,0.0150618189945817,0.051332566887140274,0.001043542055413127
000866_JPG_jpg.rf.585d575b53d2e6e316c8abb2d07e4c17.jpg,0,0.36897513270378113,0.28598326444625854,0.10761529207229614,0.051964063197374344,0.7763838171958923
000866_JPG_jpg.rf.585d575b53d2e6e316c8abb2d07e4c17.jpg,0,0.40950503945350647,0.28908348083496094,0.0716935321688652,0.05772337689995766,0.006248198449611664
000866_JPG_jpg.rf.585d575b53d2e6e316c8abb2d07e4c17.jpg,0,0.9811839461326599,0.5626105666160583,0.023961141705513,0.020227542147040367,0.0017013757023960352
000866_JPG_jpg.rf.585d575b53d2e6e316c8abb2d07e4c17.jpg,1,0.6486774682998657,0.35263368487358093,0.012374291196465492,0.047941721975803375,0.0015806901501491666
000866_JPG_jpg.rf.585d575b53d2e6e316c8abb2d07e4c17.jpg,0,0.5189871788024902,0.0053984541445970535,0.0237912405282259,0.010794246569275856,0.0012495124246925116
000866_JPG_jpg.rf.585d575b53d2e6e316c8abb2d07e4c17.jpg,0,0.8378145098686218,0.4827154278755188,0.016986554488539696,0.06187674030661583,0.0012408072361722589
000866_JPG_jpg.rf.585d575b53d2e6e316c8abb2d07e4c17.jpg,0,0.5172488689422607,0.005197587888687849,0.034684110432863235,0.010395175777375698,0.0011861579259857535
000866_JPG_jpg.rf.585d575b53d2e6e316c8abb2d07e4c17.jpg,0,0.9859235286712646,0.5634199380874634,0.02538798563182354,0.019345467910170555,0.0011758209438994527
000866_JPG_jpg.rf.585d575b53d2e6e316c8abb2d07e4c17.jpg,1,0.5998041033744812,0.010683728381991386,0.21802788972854614,0.021367456763982773,0.0011615233961492777
000866_JPG_jpg.rf.585d575b53d2e6e316c8abb2d07e4c17.jpg,1,0.6426666378974915,0.29848513007164,0.034933459013700485,0.09735114872455597,0.0010319616412743926
000867_JPG_jpg.rf.0961b153fd2cdd7f71455ca70b9226fc.jpg,0,0.3738560378551483,0.11782116442918777,0.14889532327651978,0.0697011798620224,0.7987657785415649
000867_JPG_jpg.rf.0961b153fd2cdd7f71455ca70b9226fc.jpg,0,0.41481906175613403,0.07670412212610245,0.11157391965389252,0.15201321244239807,0.05086161941289902
000867_JPG_jpg.rf.0961b153fd2cdd7f71455ca70b9226fc.jpg,0,0.3770699203014374,0.09967216849327087,0.15509502589702606,0.10600315779447556,0.0389011949300766
000867_JPG_jpg.rf.0961b153fd2cdd7f71455ca70b9226fc.jpg,0,0.4342025816440582,0.11586464196443558,0.09492789953947067,0.07202865928411484,0.008820392191410065
000867_JPG_jpg.rf.0961b153fd2cdd7f71455ca70b9226fc.jpg,8,0.4036085903644562,0.06331709027290344,0.044734735041856766,0.0618259571492672,0.008708399720489979
000867_JPG_jpg.rf.0961b153fd2cdd7f71455ca70b9226fc.jpg,12,0.8651453256607056,0.4201034605503082,0.061983622610569,0.06113694608211517,0.005304083228111267
000867_JPG_jpg.rf.0961b153fd2cdd7f71455ca70b9226fc.jpg,8,0.4361450970172882,0.11410480737686157,0.10479047149419785,0.0791327953338623,0.005053067579865456
000867_JPG_jpg.rf.0961b153fd2cdd7f71455ca70b9226fc.jpg,7,0.4067646265029907,0.0635758638381958,0.05258472263813019,0.06251676380634308,0.004126904997974634
000867_JPG_jpg.rf.0961b153fd2cdd7f71455ca70b9226fc.jpg,1,0.05360059440135956,0.3512987792491913,0.10706008225679398,0.6497135162353516,0.003979662898927927
000867_JPG_jpg.rf.0961b153fd2cdd7f71455ca70b9226fc.jpg,0,0.4326910078525543,0.09888070076704025,0.09941530227661133,0.10516437888145447,0.0036716368049383163
000867_JPG_jpg.rf.0961b153fd2cdd7f71455ca70b9226fc.jpg,1,0.06422221660614014,0.4678976833820343,0.12844443321228027,0.8807442784309387,0.0031167056877166033
000867_JPG_jpg.rf.0961b153fd2cdd7f71455ca70b9226fc.jpg,4,0.22471073269844055,0.4413241147994995,0.05623296648263931,0.12939181923866272,0.0025443376507610083
000867_JPG_jpg.rf.0961b153fd2cdd7f71455ca70b9226fc.jpg,1,0.04711700230836868,0.2593025863170624,0.09417164325714111,0.489390105009079,0.0014531610067933798
000867_JPG_jpg.rf.0961b153fd2cdd7f71455ca70b9226fc.jpg,8,0.4068513512611389,0.062430240213871,0.05669902265071869,0.07220548391342163,0.0012367723975330591
000872_JPG_jpg.rf.618811525dae8c1799c5093046e551c5.jpg,0,0.5241171717643738,0.21107707917690277,0.09512662887573242,0.05867395177483559,0.8654769062995911
000872_JPG_jpg.rf.618811525dae8c1799c5093046e551c5.jpg,0,0.4155919849872589,0.38067805767059326,0.03583640605211258,0.019618218764662743,0.6849861145019531
000872_JPG_jpg.rf.618811525dae8c1799c5093046e551c5.jpg,0,0.20281226933002472,0.40659791231155396,0.03207036107778549,0.022052912041544914,0.4419775903224945
000872_JPG_jpg.rf.618811525dae8c1799c5093046e551c5.jpg,0,0.20384858548641205,0.40560731291770935,0.03702004253864288,0.02747858501970768,0.3920687735080719
000872_JPG_jpg.rf.618811525dae8c1799c5093046e551c5.jpg,0,0.41497716307640076,0.37940672039985657,0.04282804951071739,0.024220651015639305,0.3260306119918823
000872_JPG_jpg.rf.618811525dae8c1799c5093046e551c5.jpg,0,0.5600475668907166,0.17725610733032227,0.06006193533539772,0.11672995984554291,0.06387025862932205
000872_JPG_jpg.rf.618811525dae8c1799c5093046e551c5.jpg,0,0.20322661101818085,0.4003080427646637,0.03529470041394234,0.038764405995607376,0.04213791340589523
000872_JPG_jpg.rf.618811525dae8c1799c5093046e551c5.jpg,0,0.564688503742218,0.18111386895179749,0.08304823935031891,0.1206178367137909,0.021320877596735954
000872_JPG_jpg.rf.618811525dae8c1799c5093046e551c5.jpg,0,0.20273973047733307,0.4126797020435333,0.04037505015730858,0.04394979029893875,0.017086664214730263
000872_JPG_jpg.rf.618811525dae8c1799c5093046e551c5.jpg,0,0.2094212770462036,0.3667932152748108,0.1033928245306015,0.2580275237560272,0.015158046036958694
000872_JPG_jpg.rf.618811525dae8c1799c5093046e551c5.jpg,0,0.22982069849967957,0.36757591366767883,0.16055716574192047,0.2578398585319519,0.010470883920788765
000872_JPG_jpg.rf.618811525dae8c1799c5093046e551c5.jpg,0,0.20774266123771667,0.40951991081237793,0.026015814393758774,0.026816295459866524,0.006779601331800222
000872_JPG_jpg.rf.618811525dae8c1799c5093046e551c5.jpg,1,0.746591329574585,0.5983163118362427,0.033573370426893234,0.05090075358748436,0.005723361391574144
000872_JPG_jpg.rf.618811525dae8c1799c5093046e551c5.jpg,0,0.4135877192020416,0.38503673672676086,0.0491633415222168,0.03400472551584244,0.00453899847343564
000872_JPG_jpg.rf.618811525dae8c1799c5093046e551c5.jpg,1,0.8116336464881897,0.012569265440106392,0.017864741384983063,0.025138530880212784,0.0044409651309251785
000872_JPG_jpg.rf.618811525dae8c1799c5093046e551c5.jpg,0,0.5358368754386902,0.6549279093742371,0.054539646953344345,0.03328132629394531,0.004376111552119255
000872_JPG_jpg.rf.618811525dae8c1799c5093046e551c5.jpg,0,0.19441497325897217,0.412293404340744,0.041489601135253906,0.04608682543039322,0.004006207920610905
000872_JPG_jpg.rf.618811525dae8c1799c5093046e551c5.jpg,0,0.19139419496059418,0.3699409067630768,0.0638756975531578,0.24614669382572174,0.0032919670920819044
000872_JPG_jpg.rf.618811525dae8c1799c5093046e551c5.jpg,0,0.18300761282444,0.4063684940338135,0.03092202916741371,0.04451388865709305,0.0024268135894089937
000872_JPG_jpg.rf.618811525dae8c1799c5093046e551c5.jpg,0,0.20981258153915405,0.4069286584854126,0.027209080755710602,0.02141926996409893,0.002282630419358611
000872_JPG_jpg.rf.618811525dae8c1799c5093046e551c5.jpg,0,0.18929867446422577,0.39594578742980957,0.04914379119873047,0.06348239630460739,0.0022729826159775257
000872_JPG_jpg.rf.618811525dae8c1799c5093046e551c5.jpg,0,0.5847331881523132,0.12884068489074707,0.13245315849781036,0.25768136978149414,0.002226733136922121
000872_JPG_jpg.rf.618811525dae8c1799c5093046e551c5.jpg,0,0.570499837398529,0.15040794014930725,0.08979222178459167,0.1754302680492401,0.0022041816264390945
000872_JPG_jpg.rf.618811525dae8c1799c5093046e551c5.jpg,1,0.7508596777915955,0.5944754481315613,0.040632616728544235,0.04316917061805725,0.0020650424994528294
000872_JPG_jpg.rf.618811525dae8c1799c5093046e551c5.jpg,0,0.5489580631256104,0.17026793956756592,0.07004815340042114,0.14130929112434387,0.0017919751117005944
000872_JPG_jpg.rf.618811525dae8c1799c5093046e551c5.jpg,1,0.7433984279632568,0.6047634482383728,0.042114920914173126,0.0631508082151413,0.0017420015064999461
000872_JPG_jpg.rf.618811525dae8c1799c5093046e551c5.jpg,0,0.18934939801692963,0.40203791856765747,0.06655152142047882,0.1558677703142166,0.00116068497300148
000883_JPG_jpg.rf.bcfbe7999ec1b4e660a155e0e145e234.jpg,0,0.30327603220939636,0.2217748761177063,0.08739541471004486,0.05122137442231178,0.893438458442688
000883_JPG_jpg.rf.bcfbe7999ec1b4e660a155e0e145e234.jpg,8,0.3795338273048401,0.2196081429719925,0.04033976420760155,0.05435324087738991,0.010570020414888859
000883_JPG_jpg.rf.bcfbe7999ec1b4e660a155e0e145e234.jpg,0,0.2770577371120453,0.30277952551841736,0.06858062744140625,0.17902572453022003,0.007339167408645153
000883_JPG_jpg.rf.bcfbe7999ec1b4e660a155e0e145e234.jpg,0,0.27680110931396484,0.3217833638191223,0.07010109722614288,0.26048997044563293,0.0040091355331242085
000883_JPG_jpg.rf.bcfbe7999ec1b4e660a155e0e145e234.jpg,1,0.3794173300266266,0.2580031752586365,0.04812820255756378,0.1482134461402893,0.0034508330281823874
000883_JPG_jpg.rf.bcfbe7999ec1b4e660a155e0e145e234.jpg,0,0.9963695406913757,0.3318723738193512,0.006629357114434242,0.03193330764770508,0.002555969636887312
000883_JPG_jpg.rf.bcfbe7999ec1b4e660a155e0e145e234.jpg,8,0.3794986307621002,0.2437601387500763,0.042233504354953766,0.10704392939805984,0.002315694699063897
000883_JPG_jpg.rf.bcfbe7999ec1b4e660a155e0e145e234.jpg,1,0.9968863725662231,0.27152109146118164,0.005910433363169432,0.03577867150306702,0.0020306091755628586
000883_JPG_jpg.rf.bcfbe7999ec1b4e660a155e0e145e234.jpg,1,0.997008740901947,0.265413761138916,0.0058406684547662735,0.04014978185296059,0.001876727445051074
000883_JPG_jpg.rf.bcfbe7999ec1b4e660a155e0e145e234.jpg,3,0.993174135684967,0.02156367152929306,0.01308309193700552,0.042410124093294144,0.0018587923841550946
000883_JPG_jpg.rf.bcfbe7999ec1b4e660a155e0e145e234.jpg,14,0.4042274057865143,0.1715547889471054,0.07496360689401627,0.05820757895708084,0.0012558216694742441
000883_JPG_jpg.rf.bcfbe7999ec1b4e660a155e0e145e234.jpg,0,0.33097973465919495,0.5897116661071777,0.02994357794523239,0.02879054844379425,0.001205848646350205
000887_jpg.rf.307baae87436b41df5a8a47635940201.jpg,1,0.5121680498123169,0.22118090093135834,0.016531871631741524,0.05840228497982025,0.8599151372909546
000887_jpg.rf.307baae87436b41df5a8a47635940201.jpg,1,0.3310454487800598,0.24550166726112366,0.016029614955186844,0.05669553577899933,0.8003990054130554
000887_jpg.rf.307baae87436b41df5a8a47635940201.jpg,8,0.6362698078155518,0.9768497943878174,0.01992820017039776,0.041235484182834625,0.022331999614834785
000887_jpg.rf.307baae87436b41df5a8a47635940201.jpg,0,0.9965780973434448,0.011250906623899937,0.006539931986480951,0.020436342805624008,0.007296084426343441
000887_jpg.rf.307baae87436b41df5a8a47635940201.jpg,0,0.6436619758605957,0.9761318564414978,0.04083428159356117,0.046169281005859375,0.007073933258652687
000887_jpg.rf.307baae87436b41df5a8a47635940201.jpg,7,0.636696457862854,0.9766290187835693,0.023947276175022125,0.043785903602838516,0.006743228994309902
000887_jpg.rf.307baae87436b41df5a8a47635940201.jpg,1,0.001940338988788426,0.038822323083877563,0.003880677977576852,0.061204660683870316,0.006433513946831226
000887_jpg.rf.307baae87436b41df5a8a47635940201.jpg,0,0.587218701839447,0.4385867714881897,0.012974263168871403,0.023418648168444633,0.006109126843512058
000887_jpg.rf.307baae87436b41df5a8a47635940201.jpg,0,0.6364942789077759,0.9767692685127258,0.02226279489696026,0.04285408928990364,0.00498954625800252
000887_jpg.rf.307baae87436b41df5a8a47635940201.jpg,0,0.5854253768920898,0.4383719265460968,0.014574822038412094,0.026779908686876297,0.004358649719506502
000887_jpg.rf.307baae87436b41df5a8a47635940201.jpg,0,0.0031454269774258137,0.37147852778434753,0.006063534412533045,0.06013837456703186,0.003922711592167616
000887_jpg.rf.307baae87436b41df5a8a47635940201.jpg,1,0.7891377806663513,0.2985400855541229,0.010622538626194,0.025188850238919258,0.0038069149013608694
000887_jpg.rf.307baae87436b41df5a8a47635940201.jpg,1,0.7068206071853638,0.6776736378669739,0.025448434054851532,0.05708247050642967,0.0033083176240324974
000887_jpg.rf.307baae87436b41df5a8a47635940201.jpg,8,0.6383383870124817,0.9756967425346375,0.02723422460258007,0.04404347017407417,0.00296831619925797
000887_jpg.rf.307baae87436b41df5a8a47635940201.jpg,0,0.587088406085968,0.44068682193756104,0.023622367531061172,0.02180315926671028,0.0029013431631028652
000887_jpg.rf.307baae87436b41df5a8a47635940201.jpg,0,0.9964315295219421,0.008127757348120213,0.006928224116563797,0.015001260675489902,0.0028205036651343107
000887_jpg.rf.307baae87436b41df5a8a47635940201.jpg,0,0.5892799496650696,0.43960097432136536,0.017474249005317688,0.0243405569344759,0.0023472600150853395
000887_jpg.rf.307baae87436b41df5a8a47635940201.jpg,1,0.7769792079925537,0.03717513754963875,0.01619947887957096,0.046686477959156036,0.002197488211095333
000887_jpg.rf.307baae87436b41df5a8a47635940201.jpg,0,0.7575857043266296,0.00403236597776413,0.013357309624552727,0.007779496721923351,0.001818778458982706
000887_jpg.rf.307baae87436b41df5a8a47635940201.jpg,8,0.6676943898200989,0.717430830001831,0.028243359178304672,0.0522926039993763,0.00180605158675462
000887_jpg.rf.307baae87436b41df5a8a47635940201.jpg,1,0.46515953540802,0.4466181695461273,0.008038153871893883,0.01820887066423893,0.0017918242374435067
000887_jpg.rf.307baae87436b41df5a8a47635940201.jpg,1,0.32480502128601074,0.6878016591072083,0.05062573030591011,0.09597918391227722,0.001619198708795011
000887_jpg.rf.307baae87436b41df5a8a47635940201.jpg,0,0.12142092734575272,0.8305167555809021,0.008722745813429356,0.006180836819112301,0.0015755421482026577
000887_jpg.rf.307baae87436b41df5a8a47635940201.jpg,0,0.7603361010551453,0.003437026869505644,0.015198487788438797,0.0067330095916986465,0.001521000755019486
000887_jpg.rf.307baae87436b41df5a8a47635940201.jpg,0,0.0035000310745090246,0.375723272562027,0.006770252715796232,0.07697101682424545,0.0013617733493447304
000887_jpg.rf.307baae87436b41df5a8a47635940201.jpg,9,0.6666049957275391,0.7177724242210388,0.02632640115916729,0.05356509983539581,0.0013505109818652272
000887_jpg.rf.307baae87436b41df5a8a47635940201.jpg,0,0.0034417251590639353,0.3573486804962158,0.006531317252665758,0.08223853260278702,0.0012780834222212434
000887_jpg.rf.307baae87436b41df5a8a47635940201.jpg,0,0.25229549407958984,0.18166260421276093,0.020787790417671204,0.012704464606940746,0.0011839494109153748
000887_jpg.rf.307baae87436b41df5a8a47635940201.jpg,1,0.006852895952761173,0.0850587785243988,0.013705791905522346,0.1701175570487976,0.001147338654845953
000887_jpg.rf.307baae87436b41df5a8a47635940201.jpg,0,0.5841991305351257,0.44065043330192566,0.033505879342556,0.023665759712457657,0.0011373101733624935
000887_jpg.rf.307baae87436b41df5a8a47635940201.jpg,0,0.5884917378425598,0.4375669062137604,0.019788596779108047,0.032023392617702484,0.001115952618420124
000887_jpg.rf.307baae87436b41df5a8a47635940201.jpg,5,0.007271770387887955,0.09480657428503036,0.01454354077577591,0.18961314857006073,0.0010848840465769172
000887_jpg.rf.307baae87436b41df5a8a47635940201.jpg,0,0.9192732572555542,0.0056587704457342625,0.020836390554904938,0.011317540891468525,0.0010327788768336177
000887_jpg.rf.307baae87436b41df5a8a47635940201.jpg,0,0.9889203310012817,0.0077253347262740135,0.020914077758789062,0.01522768847644329,0.00102908699773252
000887_jpg.rf.307baae87436b41df5a8a47635940201.jpg,0,0.6569835543632507,0.9744057655334473,0.03618020564317703,0.046820055693387985,0.0010267572943121195
000897_JPG_jpg.rf.d8616645e7ae5a674caf3f2e17dab345.jpg,0,0.501442015171051,0.1566757708787918,0.15251152217388153,0.07485992461442947,0.847957968711853
000897_JPG_jpg.rf.d8616645e7ae5a674caf3f2e17dab345.jpg,1,0.5920307040214539,0.5945959091186523,0.026978934183716774,0.02023300901055336,0.01753680408000946
000897_JPG_jpg.rf.d8616645e7ae5a674caf3f2e17dab345.jpg,1,0.39737173914909363,0.07821360975503922,0.0595104917883873,0.15620963275432587,0.009893008507788181
000897_JPG_jpg.rf.d8616645e7ae5a674caf3f2e17dab345.jpg,9,0.1569976508617401,0.013253448531031609,0.016110043972730637,0.02502388320863247,0.0074038514867424965
000897_JPG_jpg.rf.d8616645e7ae5a674caf3f2e17dab345.jpg,3,0.9914853572845459,0.5407657027244568,0.01628340221941471,0.06433476507663727,0.003106629941612482
000897_JPG_jpg.rf.d8616645e7ae5a674caf3f2e17dab345.jpg,1,0.14024589955806732,0.020871365442872047,0.012590665370225906,0.0407862588763237,0.0028796005062758923
000897_JPG_jpg.rf.d8616645e7ae5a674caf3f2e17dab345.jpg,1,0.59315025806427,0.5947233438491821,0.033575206995010376,0.023650353774428368,0.002872847719117999
000897_JPG_jpg.rf.d8616645e7ae5a674caf3f2e17dab345.jpg,10,0.15699155628681183,0.013259343802928925,0.016392359510064125,0.02458084002137184,0.00274248537607491
000897_JPG_jpg.rf.d8616645e7ae5a674caf3f2e17dab345.jpg,1,0.13620606064796448,0.02136380784213543,0.014127952046692371,0.04158870503306389,0.002326088724657893
000897_JPG_jpg.rf.d8616645e7ae5a674caf3f2e17dab345.jpg,1,0.0040413676761090755,0.6801948547363281,0.007942392490804195,0.014232122339308262,0.0017959370743483305
000897_JPG_jpg.rf.d8616645e7ae5a674caf3f2e17dab345.jpg,1,0.6799439787864685,0.5138354897499084,0.015658965334296227,0.03173021227121353,0.0010351440869271755
000898_JPG_jpg.rf.89de33253d01e0308735dc746aa4977f.jpg,0,0.48114317655563354,0.27577757835388184,0.07469415664672852,0.03673775494098663,0.9193413257598877
000898_JPG_jpg.rf.89de33253d01e0308735dc746aa4977f.jpg,1,0.6614570617675781,0.2526494562625885,0.012567226774990559,0.031495094299316406,0.05714049190282822
000898_JPG_jpg.rf.89de33253d01e0308735dc746aa4977f.jpg,1,0.21992115676403046,0.030343668535351753,0.013973860070109367,0.012795045040547848,0.011880149133503437
000898_JPG_jpg.rf.89de33253d01e0308735dc746aa4977f.jpg,0,0.9321500658988953,0.16872747242450714,0.017762551084160805,0.044301263988018036,0.007344498764723539
000898_JPG_jpg.rf.89de33253d01e0308735dc746aa4977f.jpg,0,0.7488598823547363,0.6610434651374817,0.01902220956981182,0.022887524217367172,0.006176389288157225
000898_JPG_jpg.rf.89de33253d01e0308735dc746aa4977f.jpg,0,0.9859662652015686,0.18598420917987823,0.026233967393636703,0.0986267477273941,0.0027982485480606556
000898_JPG_jpg.rf.89de33253d01e0308735dc746aa4977f.jpg,1,0.35278621315956116,0.11122623085975647,0.11832938343286514,0.0580977238714695,0.0026253685355186462
000898_JPG_jpg.rf.89de33253d01e0308735dc746aa4977f.jpg,1,0.6664842963218689,0.9015012383460999,0.00945260003209114,0.008353454060852528,0.0025022453628480434
000898_JPG_jpg.rf.89de33253d01e0308735dc746aa4977f.jpg,1,0.8378281593322754,0.09259779751300812,0.02378302440047264,0.06309562176465988,0.002301048021763563
000898_JPG_jpg.rf.89de33253d01e0308735dc746aa4977f.jpg,0,0.9823837876319885,0.2142421305179596,0.021451730281114578,0.034744080156087875,0.0022819119039922953
000898_JPG_jpg.rf.89de33253d01e0308735dc746aa4977f.jpg,0,0.7518997192382812,0.66339510679245,0.02192937582731247,0.022957362234592438,0.002132952678948641
000898_JPG_jpg.rf.89de33253d01e0308735dc746aa4977f.jpg,0,0.9848088622093201,0.19788849353790283,0.024608099833130836,0.07101046293973923,0.0016921244096010923
000898_JPG_jpg.rf.89de33253d01e0308735dc746aa4977f.jpg,0,0.22030578553676605,0.03071078471839428,0.0161166749894619,0.015275669284164906,0.001380670233629644
000898_JPG_jpg.rf.89de33253d01e0308735dc746aa4977f.jpg,1,0.22118157148361206,0.02901257574558258,0.015086688101291656,0.012842229567468166,0.0012234802125021815
000898_JPG_jpg.rf.89de33253d01e0308735dc746aa4977f.jpg,0,0.9873577356338501,0.18616914749145508,0.0227231252938509,0.12608680129051208,0.00115928053855896
000898_JPG_jpg.rf.89de33253d01e0308735dc746aa4977f.jpg,0,0.9848412275314331,0.21495209634304047,0.0251998919993639,0.04604937508702278,0.0011300810147076845
000898_JPG_jpg.rf.89de33253d01e0308735dc746aa4977f.jpg,0,0.9926373958587646,0.18085426092147827,0.013888799585402012,0.08548374474048615,0.0010890907142311335
000898_JPG_jpg.rf.89de33253d01e0308735dc746aa4977f.jpg,0,0.9961766600608826,0.19796636700630188,0.007646707817912102,0.0668778046965599,0.0010810833191499114
000899_JPG_jpg.rf.44b9967b6405c6ad4f9ad7dfa2ad610d.jpg,0,0.6511320471763611,0.31415265798568726,0.10530538111925125,0.05068841576576233,0.855522096157074
000899_JPG_jpg.rf.44b9967b6405c6ad4f9ad7dfa2ad610d.jpg,1,0.31259214878082275,0.1386028379201889,0.0102077079936862,0.011651589535176754,0.009914460591971874
000899_JPG_jpg.rf.44b9967b6405c6ad4f9ad7dfa2ad610d.jpg,0,0.22569620609283447,0.5494468808174133,0.017703404650092125,0.021667225286364555,0.00812152773141861
000899_JPG_jpg.rf.44b9967b6405c6ad4f9ad7dfa2ad610d.jpg,0,0.22123323380947113,0.5520221590995789,0.02389223873615265,0.01727243699133396,0.006878276821225882
000899_JPG_jpg.rf.44b9967b6405c6ad4f9ad7dfa2ad610d.jpg,0,0.222828209400177,0.5500062108039856,0.022423909977078438,0.02588782086968422,0.004117200151085854
000899_JPG_jpg.rf.44b9967b6405c6ad4f9ad7dfa2ad610d.jpg,11,0.3604210913181305,0.3387742042541504,0.720842182636261,0.6770132184028625,0.002506799530237913
000899_JPG_jpg.rf.44b9967b6405c6ad4f9ad7dfa2ad610d.jpg,9,0.9093773365020752,0.8703474998474121,0.05177997052669525,0.11135585606098175,0.0015710418811067939
000902_jpg.rf.f1be11af53a854bf0f07539ef71bfab7.jpg,1,0.5384213924407959,0.2163579761981964,0.015957025811076164,0.04993372783064842,0.7244783043861389
000902_jpg.rf.f1be11af53a854bf0f07539ef71bfab7.jpg,1,0.5231618881225586,0.21687352657318115,0.011943561024963856,0.04609343037009239,0.6314809322357178
000902_jpg.rf.f1be11af53a854bf0f07539ef71bfab7.jpg,0,0.3658501207828522,0.23694469034671783,0.027888299897313118,0.055057305842638016,0.09943920373916626
000902_jpg.rf.f1be11af53a854bf0f07539ef71bfab7.jpg,1,0.5237857103347778,0.22495563328266144,0.010407008230686188,0.030905522406101227,0.05657780170440674
000902_jpg.rf.f1be11af53a854bf0f07539ef71bfab7.jpg,0,0.9385292530059814,0.0074389842338860035,0.016081223264336586,0.014625313691794872,0.011764857918024063
000902_jpg.rf.f1be11af53a854bf0f07539ef71bfab7.jpg,1,0.36563441157341003,0.23759204149246216,0.027659930288791656,0.05636705085635185,0.009808112867176533
000902_jpg.rf.f1be11af53a854bf0f07539ef71bfab7.jpg,1,0.5268827676773071,0.21789100766181946,0.008290364407002926,0.04738312587141991,0.008075562305748463
000902_jpg.rf.f1be11af53a854bf0f07539ef71bfab7.jpg,5,0.8873703479766846,0.41658350825309753,0.22525927424430847,0.819874107837677,0.006798475049436092
000902_jpg.rf.f1be11af53a854bf0f07539ef71bfab7.jpg,1,0.5637882351875305,0.10862749069929123,0.022024301812052727,0.0444929338991642,0.005277151707559824
000902_jpg.rf.f1be11af53a854bf0f07539ef71bfab7.jpg,11,0.8562063574790955,0.41721880435943604,0.28758740425109863,0.824648380279541,0.005124139599502087
000902_jpg.rf.f1be11af53a854bf0f07539ef71bfab7.jpg,0,0.682148814201355,0.06668655574321747,0.0306882131844759,0.08215533941984177,0.0029513174667954445
000902_jpg.rf.f1be11af53a854bf0f07539ef71bfab7.jpg,0,0.9364084005355835,0.008388175629079342,0.02337162382900715,0.01642361655831337,0.0026324898935854435
000902_jpg.rf.f1be11af53a854bf0f07539ef71bfab7.jpg,10,0.6057029962539673,0.32982102036476135,0.012280134484171867,0.014681376516819,0.0026162846479564905
000902_jpg.rf.f1be11af53a854bf0f07539ef71bfab7.jpg,10,0.6069451570510864,0.33590182662010193,0.012872549705207348,0.01873287931084633,0.0021789248567074537
000902_jpg.rf.f1be11af53a854bf0f07539ef71bfab7.jpg,1,0.7217352390289307,0.0031394490506500006,0.021601751446723938,0.006278898101300001,0.002009149407967925
000902_jpg.rf.f1be11af53a854bf0f07539ef71bfab7.jpg,0,0.9865003228187561,0.854580819606781,0.02491246908903122,0.02172609604895115,0.0018872360233217478
000902_jpg.rf.f1be11af53a854bf0f07539ef71bfab7.jpg,0,0.36466798186302185,0.23510533571243286,0.023657433688640594,0.04506397247314453,0.0017428526189178228
000902_jpg.rf.f1be11af53a854bf0f07539ef71bfab7.jpg,11,0.9106508493423462,0.4239887595176697,0.17869833111763,0.8298995494842529,0.0017289648531004786
000902_jpg.rf.f1be11af53a854bf0f07539ef71bfab7.jpg,0,0.9289194345474243,0.006519439164549112,0.03697344288229942,0.013038878329098225,0.00158784631639719
000902_jpg.rf.f1be11af53a854bf0f07539ef71bfab7.jpg,0,0.9924531579017639,0.8544608354568481,0.01429616566747427,0.024610666558146477,0.001500660553574562
000902_jpg.rf.f1be11af53a854bf0f07539ef71bfab7.jpg,1,0.563885509967804,0.10672464966773987,0.016195151954889297,0.036051053553819656,0.001383246504701674
000902_jpg.rf.f1be11af53a854bf0f07539ef71bfab7.jpg,1,0.7458493709564209,0.01244814321398735,0.015470725484192371,0.01111624576151371,0.0013356590643525124
000902_jpg.rf.f1be11af53a854bf0f07539ef71bfab7.jpg,0,0.9910956621170044,0.8544407486915588,0.017027342692017555,0.016156857833266258,0.0011688520899042487
000902_jpg.rf.f1be11af53a854bf0f07539ef71bfab7.jpg,1,0.5062715411186218,0.5025163292884827,0.9874569177627563,0.9949674010276794,0.001128140720538795
000902_jpg.rf.f1be11af53a854bf0f07539ef71bfab7.jpg,1,0.5,0.6214334964752197,1.0,0.7571331262588501,0.001120754168368876
000902_jpg.rf.f1be11af53a854bf0f07539ef71bfab7.jpg,0,0.6906565427780151,0.07119950652122498,0.03231070563197136,0.07268089056015015,0.0011021338868886232
000902_jpg.rf.f1be11af53a854bf0f07539ef71bfab7.jpg,0,0.9297500252723694,0.008314313367009163,0.029776133596897125,0.016628626734018326,0.0010685494635254145
000902_jpg.rf.f1be11af53a854bf0f07539ef71bfab7.jpg,5,0.8038097023963928,0.4101918041706085,0.39238065481185913,0.8084917664527893,0.0010509262792766094
000902_jpg.rf.f1be11af53a854bf0f07539ef71bfab7.jpg,1,0.5292227864265442,0.21735511720180511,0.01041654497385025,0.04791614040732384,0.0010162992402911186
000902_jpg.rf.f1be11af53a854bf0f07539ef71bfab7.jpg,1,0.7350270748138428,0.004617875441908836,0.015270894393324852,0.007351426873356104,0.0010093849850818515
000908_JPG_jpg.rf.d4876c6a6657b36ba6b1c1626df8123d.jpg,0,0.19855569303035736,0.16058388352394104,0.10009349882602692,0.06842595338821411,0.7454548478126526
000908_JPG_jpg.rf.d4876c6a6657b36ba6b1c1626df8123d.jpg,1,0.008158254437148571,0.447029709815979,0.015715131536126137,0.04282441735267639,0.06060365214943886
000908_JPG_jpg.rf.d4876c6a6657b36ba6b1c1626df8123d.jpg,1,0.9878671169281006,0.029043100774288177,0.02358957566320896,0.05777081847190857,0.019868699833750725
000908_JPG_jpg.rf.d4876c6a6657b36ba6b1c1626df8123d.jpg,0,0.103769950568676,0.9785823225975037,0.12000546604394913,0.042835384607315063,0.017447488382458687
000908_JPG_jpg.rf.d4876c6a6657b36ba6b1c1626df8123d.jpg,0,0.01374965813010931,0.5906063318252563,0.02729842998087406,0.06031520664691925,0.016750751063227654
000908_JPG_jpg.rf.d4876c6a6657b36ba6b1c1626df8123d.jpg,0,0.3353014886379242,0.0968906432390213,0.05290178209543228,0.12403152883052826,0.006739806849509478
000908_JPG_jpg.rf.d4876c6a6657b36ba6b1c1626df8123d.jpg,1,0.9768592119216919,0.2961687445640564,0.045810259878635406,0.4064752161502838,0.004907673224806786
000908_JPG_jpg.rf.d4876c6a6657b36ba6b1c1626df8123d.jpg,11,0.24795711040496826,0.7298230528831482,0.019228458404541016,0.03504158928990364,0.0040034637786448
000908_JPG_jpg.rf.d4876c6a6657b36ba6b1c1626df8123d.jpg,1,0.9826525449752808,0.30065637826919556,0.03420206159353256,0.3763246536254883,0.0033691844437271357
000908_JPG_jpg.rf.d4876c6a6657b36ba6b1c1626df8123d.jpg,0,0.12347549945116043,0.9789239764213562,0.09973477572202682,0.04215218499302864,0.0027737750206142664
000908_JPG_jpg.rf.d4876c6a6657b36ba6b1c1626df8123d.jpg,0,0.9904077053070068,0.3785480558872223,0.018397917971014977,0.10975167155265808,0.002521532354876399
000908_JPG_jpg.rf.d4876c6a6657b36ba6b1c1626df8123d.jpg,0,0.01429740060120821,0.5572471618652344,0.02859480120241642,0.16428156197071075,0.0022425574716180563
000908_JPG_jpg.rf.d4876c6a6657b36ba6b1c1626df8123d.jpg,0,0.7443398833274841,0.6453977227210999,0.0852886363863945,0.057649027556180954,0.002230058889836073
000908_JPG_jpg.rf.d4876c6a6657b36ba6b1c1626df8123d.jpg,0,0.9855844378471375,0.3767814040184021,0.0288311168551445,0.18868480622768402,0.0022212236654013395
000908_JPG_jpg.rf.d4876c6a6657b36ba6b1c1626df8123d.jpg,0,0.9770971536636353,0.30739161372184753,0.04496163874864578,0.35851094126701355,0.002127286046743393
000908_JPG_jpg.rf.d4876c6a6657b36ba6b1c1626df8123d.jpg,0,0.9807032346725464,0.1976882964372635,0.038593512028455734,0.12626220285892487,0.0018787921871989965
000908_JPG_jpg.rf.d4876c6a6657b36ba6b1c1626df8123d.jpg,0,0.01517832837998867,0.5457170605659485,0.029834426939487457,0.07311084121465683,0.0018678379710763693
000908_JPG_jpg.rf.d4876c6a6657b36ba6b1c1626df8123d.jpg,1,0.9830009937286377,0.028274614363908768,0.026609200984239578,0.05588962510228157,0.0018070344813168049
000908_JPG_jpg.rf.d4876c6a6657b36ba6b1c1626df8123d.jpg,0,0.011667254380881786,0.5673279166221619,0.023334508761763573,0.10582341253757477,0.001770485076121986
000908_JPG_jpg.rf.d4876c6a6657b36ba6b1c1626df8123d.jpg,1,0.7457692623138428,0.44738689064979553,0.023447111248970032,0.07286061346530914,0.00149834668263793
000908_JPG_jpg.rf.d4876c6a6657b36ba6b1c1626df8123d.jpg,7,0.24865370988845825,0.7284343838691711,0.015041663311421871,0.030895160511136055,0.001436120830476284
000908_JPG_jpg.rf.d4876c6a6657b36ba6b1c1626df8123d.jpg,0,0.9892358183860779,0.38200780749320984,0.020883047953248024,0.1450701504945755,0.0012720986269414425
000908_JPG_jpg.rf.d4876c6a6657b36ba6b1c1626df8123d.jpg,5,0.1174122616648674,0.1595698744058609,0.0668998435139656,0.06398721784353256,0.001077194232493639
000922_JPG_jpg.rf.143f5b1a97d934ec4a71114055fa5a0b.jpg,0,0.5315481424331665,0.15682291984558105,0.26816850900650024,0.10678809136152267,0.8235532641410828
000922_JPG_jpg.rf.143f5b1a97d934ec4a71114055fa5a0b.jpg,0,0.5925068259239197,0.7033222913742065,0.03915863856673241,0.021360252052545547,0.07019910961389542
000922_JPG_jpg.rf.143f5b1a97d934ec4a71114055fa5a0b.jpg,1,0.6032713651657104,0.7421858906745911,0.03146930783987045,0.03053283877670765,0.055486589670181274
000922_JPG_jpg.rf.143f5b1a97d934ec4a71114055fa5a0b.jpg,0,0.6244973540306091,0.7326459288597107,0.048425786197185516,0.030734650790691376,0.0505998432636261
000922_JPG_jpg.rf.143f5b1a97d934ec4a71114055fa5a0b.jpg,0,0.6068615317344666,0.7380809783935547,0.038536734879016876,0.03441289812326431,0.03637397661805153
000922_JPG_jpg.rf.143f5b1a97d934ec4a71114055fa5a0b.jpg,0,0.5888131856918335,0.7019948959350586,0.028899120166897774,0.024207042530179024,0.034750424325466156
000922_JPG_jpg.rf.143f5b1a97d934ec4a71114055fa5a0b.jpg,0,0.6006844639778137,0.693116307258606,0.039827860891819,0.037176646292209625,0.02834256924688816
000922_JPG_jpg.rf.143f5b1a97d934ec4a71114055fa5a0b.jpg,0,0.6331436634063721,0.7322892546653748,0.030240647494792938,0.02905772440135479,0.023948946967720985
000922_JPG_jpg.rf.143f5b1a97d934ec4a71114055fa5a0b.jpg,1,0.6277664303779602,0.7986189126968384,0.02012920379638672,0.02076464518904686,0.021820688620209694
000922_JPG_jpg.rf.143f5b1a97d934ec4a71114055fa5a0b.jpg,0,0.6085823178291321,0.6839098930358887,0.023863976821303368,0.02065761387348175,0.02068076655268669
000922_JPG_jpg.rf.143f5b1a97d934ec4a71114055fa5a0b.jpg,1,0.6258636713027954,0.7954553961753845,0.018901092931628227,0.021490463986992836,0.01735973171889782
000922_JPG_jpg.rf.143f5b1a97d934ec4a71114055fa5a0b.jpg,1,0.6272816061973572,0.8000553250312805,0.02415873482823372,0.026587633416056633,0.016488568857312202
000922_JPG_jpg.rf.143f5b1a97d934ec4a71114055fa5a0b.jpg,0,0.6113341450691223,0.7344969511032104,0.046813711524009705,0.031154854223132133,0.016289543360471725
000922_JPG_jpg.rf.143f5b1a97d934ec4a71114055fa5a0b.jpg,0,0.603577733039856,0.7414756417274475,0.0306902676820755,0.031347569078207016,0.014169054105877876
000922_JPG_jpg.rf.143f5b1a97d934ec4a71114055fa5a0b.jpg,0,0.6186491847038269,0.7360766530036926,0.06397691369056702,0.03256189078092575,0.01110194530338049
000922_JPG_jpg.rf.143f5b1a97d934ec4a71114055fa5a0b.jpg,0,0.6107118725776672,0.6839208006858826,0.027509434148669243,0.026206163689494133,0.009785867296159267
000922_JPG_jpg.rf.143f5b1a97d934ec4a71114055fa5a0b.jpg,1,0.8756536841392517,0.8583541512489319,0.03048713505268097,0.021935829892754555,0.009535113349556923
000922_JPG_jpg.rf.143f5b1a97d934ec4a71114055fa5a0b.jpg,1,0.5978326797485352,0.7432802319526672,0.03883974626660347,0.03600986301898956,0.008525482378900051
000922_JPG_jpg.rf.143f5b1a97d934ec4a71114055fa5a0b.jpg,0,0.5529050230979919,0.15278781950473785,0.22198013961315155,0.09005117416381836,0.007975519634783268
000922_JPG_jpg.rf.143f5b1a97d934ec4a71114055fa5a0b.jpg,0,0.6078171133995056,0.6876635551452637,0.026809949427843094,0.029072541743516922,0.00647723488509655
000922_JPG_jpg.rf.143f5b1a97d934ec4a71114055fa5a0b.jpg,0,0.5941451191902161,0.7084468007087708,0.04403826221823692,0.0403289794921875,0.005406951066106558
000922_JPG_jpg.rf.143f5b1a97d934ec4a71114055fa5a0b.jpg,0,0.608221709728241,0.6930663585662842,0.0322270393371582,0.03711773827672005,0.0054029137827456
000922_JPG_jpg.rf.143f5b1a97d934ec4a71114055fa5a0b.jpg,0,0.6046233773231506,0.7013726830482483,0.030011655762791634,0.023015975952148438,0.005380383692681789
000922_JPG_jpg.rf.143f5b1a97d934ec4a71114055fa5a0b.jpg,1,0.8724868893623352,0.8584566712379456,0.03720877692103386,0.02870207652449608,0.004961710423231125
000922_JPG_jpg.rf.143f5b1a97d934ec4a71114055fa5a0b.jpg,1,0.623307466506958,0.791976809501648,0.024836834520101547,0.022945918142795563,0.0048065511509776115
000922_JPG_jpg.rf.143f5b1a97d934ec4a71114055fa5a0b.jpg,1,0.7242389917373657,0.8287922143936157,0.036298900842666626,0.044394128024578094,0.004025130532681942
000922_JPG_jpg.rf.143f5b1a97d934ec4a71114055fa5a0b.jpg,0,0.6335026621818542,0.7351599931716919,0.039623409509658813,0.028904695063829422,0.003953925333917141
000922_JPG_jpg.rf.143f5b1a97d934ec4a71114055fa5a0b.jpg,0,0.6397811770439148,0.7355220317840576,0.045362621545791626,0.031078340485692024,0.003914434928447008
000922_JPG_jpg.rf.143f5b1a97d934ec4a71114055fa5a0b.jpg,0,0.6048796772956848,0.6867672204971313,0.0326060876250267,0.016307830810546875,0.003418383654206991
000922_JPG_jpg.rf.143f5b1a97d934ec4a71114055fa5a0b.jpg,0,0.6329984068870544,0.7394121885299683,0.03921329230070114,0.04131632670760155,0.003122966969385743
000922_JPG_jpg.rf.143f5b1a97d934ec4a71114055fa5a0b.jpg,0,0.6015514731407166,0.701482355594635,0.03629725053906441,0.02919021062552929,0.0030947972554713488
000922_JPG_jpg.rf.143f5b1a97d934ec4a71114055fa5a0b.jpg,1,0.8300296068191528,0.7282049059867859,0.037090010941028595,0.06855319440364838,0.002958576427772641
000922_JPG_jpg.rf.143f5b1a97d934ec4a71114055fa5a0b.jpg,0,0.5874937772750854,0.7074328660964966,0.032877225428819656,0.03823060542345047,0.002524646231904626
000922_JPG_jpg.rf.143f5b1a97d934ec4a71114055fa5a0b.jpg,1,0.5639998912811279,0.8080770373344421,0.017469773069024086,0.034414440393447876,0.002236416097730398
000922_JPG_jpg.rf.143f5b1a97d934ec4a71114055fa5a0b.jpg,0,0.5903169512748718,0.6915225982666016,0.036081720143556595,0.0215048436075449,0.002046738751232624
000922_JPG_jpg.rf.143f5b1a97d934ec4a71114055fa5a0b.jpg,1,0.6237186789512634,0.7824346423149109,0.019666781648993492,0.020542291924357414,0.0018695811741054058
000922_JPG_jpg.rf.143f5b1a97d934ec4a71114055fa5a0b.jpg,1,0.6216353178024292,0.7981183528900146,0.029643243178725243,0.029435012489557266,0.0018336802022531629
000922_JPG_jpg.rf.143f5b1a97d934ec4a71114055fa5a0b.jpg,0,0.6141712069511414,0.7430173754692078,0.048850759863853455,0.04404985159635544,0.001634484389796853
000922_JPG_jpg.rf.143f5b1a97d934ec4a71114055fa5a0b.jpg,1,0.5424056053161621,0.8045675158500671,0.06274161487817764,0.043159119784832,0.0015882061561569571
000922_JPG_jpg.rf.143f5b1a97d934ec4a71114055fa5a0b.jpg,1,0.6039403676986694,0.7424894571304321,0.03575567156076431,0.03847437724471092,0.0014889854937791824
000922_JPG_jpg.rf.143f5b1a97d934ec4a71114055fa5a0b.jpg,1,0.6198039650917053,0.7918210625648499,0.030704902485013008,0.029409555718302727,0.0014401726657524705
000922_JPG_jpg.rf.143f5b1a97d934ec4a71114055fa5a0b.jpg,0,0.9818956255912781,0.27531877160072327,0.03602812811732292,0.09432906657457352,0.0014205084880813956
000922_JPG_jpg.rf.143f5b1a97d934ec4a71114055fa5a0b.jpg,6,0.46977317333221436,0.6038773655891418,0.012461992911994457,0.023395759984850883,0.0010288202902302146
000922_JPG_jpg.rf.143f5b1a97d934ec4a71114055fa5a0b.jpg,1,0.5603691339492798,0.8077005743980408,0.023510493338108063,0.04070847108960152,0.0010213470086455345
000922_JPG_jpg.rf.143f5b1a97d934ec4a71114055fa5a0b.jpg,0,0.9854960441589355,0.2828429043292999,0.028397634625434875,0.0638730525970459,0.0010086419060826302
000923_JPG_jpg.rf.f4e893778e08329a2b43abaef002f29e.jpg,0,0.3095935881137848,0.251382052898407,0.08157528936862946,0.0521744042634964,0.8485860228538513
000923_JPG_jpg.rf.f4e893778e08329a2b43abaef002f29e.jpg,1,0.2462390810251236,0.24048857390880585,0.053601156920194626,0.08586762845516205,0.046639714390039444
000923_JPG_jpg.rf.f4e893778e08329a2b43abaef002f29e.jpg,1,0.49195483326911926,0.6437860727310181,0.024358384311199188,0.03149846941232681,0.02987717092037201
000923_JPG_jpg.rf.f4e893778e08329a2b43abaef002f29e.jpg,7,0.24644874036312103,0.24052299559116364,0.051550883799791336,0.0842648297548294,0.023941734805703163
000923_JPG_jpg.rf.f4e893778e08329a2b43abaef002f29e.jpg,1,0.43283551931381226,0.6369444131851196,0.021488741040229797,0.020959122106432915,0.012197923846542835
000923_JPG_jpg.rf.f4e893778e08329a2b43abaef002f29e.jpg,1,0.4320082366466522,0.6434210538864136,0.02157185785472393,0.036649852991104126,0.009510915726423264
000923_JPG_jpg.rf.f4e893778e08329a2b43abaef002f29e.jpg,9,0.2465173751115799,0.24066652357578278,0.05277984216809273,0.08442992717027664,0.008071942254900932
000923_JPG_jpg.rf.f4e893778e08329a2b43abaef002f29e.jpg,1,0.42955878376960754,0.6324367523193359,0.020366962999105453,0.03182653337717056,0.007090249098837376
000923_JPG_jpg.rf.f4e893778e08329a2b43abaef002f29e.jpg,1,0.4330184757709503,0.6371825337409973,0.02434660866856575,0.027106359601020813,0.006750199012458324
000923_JPG_jpg.rf.f4e893778e08329a2b43abaef002f29e.jpg,1,0.43173813819885254,0.6487343907356262,0.024996574968099594,0.0490264892578125,0.00485170679166913
000923_JPG_jpg.rf.f4e893778e08329a2b43abaef002f29e.jpg,7,0.06064024940133095,0.4190576672554016,0.1212804988026619,0.8381153345108032,0.00459018861874938
000923_JPG_jpg.rf.f4e893778e08329a2b43abaef002f29e.jpg,1,0.4247117340564728,0.6139397025108337,0.015452679246664047,0.015958163887262344,0.004533092491328716
000923_JPG_jpg.rf.f4e893778e08329a2b43abaef002f29e.jpg,1,0.6680375933647156,0.44708409905433655,0.008264688774943352,0.0056095123291015625,0.004501607269048691
000923_JPG_jpg.rf.f4e893778e08329a2b43abaef002f29e.jpg,1,0.6514611840248108,0.35888510942459106,0.015717873349785805,0.042537763714790344,0.003801952349022031
000923_JPG_jpg.rf.f4e893778e08329a2b43abaef002f29e.jpg,7,0.09491442888975143,0.4118560552597046,0.18954235315322876,0.8229435682296753,0.003266679123044014
000923_JPG_jpg.rf.f4e893778e08329a2b43abaef002f29e.jpg,1,0.4912056028842926,0.6501673460006714,0.030424192547798157,0.048752639442682266,0.003092538332566619
000923_JPG_jpg.rf.f4e893778e08329a2b43abaef002f29e.jpg,7,0.05556512624025345,0.26736629009246826,0.11088317632675171,0.5347325801849365,0.0016396293649449944
000923_JPG_jpg.rf.f4e893778e08329a2b43abaef002f29e.jpg,13,0.5153735876083374,0.4755917489528656,0.00624843779951334,0.009869392029941082,0.0013392803957685828
000923_JPG_jpg.rf.f4e893778e08329a2b43abaef002f29e.jpg,1,0.04654891416430473,0.22434833645820618,0.09237657487392426,0.44869667291641235,0.0012235897593200207
000923_JPG_jpg.rf.f4e893778e08329a2b43abaef002f29e.jpg,7,0.053386855870485306,0.15970578789710999,0.10590095072984695,0.31941157579421997,0.0011584796011447906
000934_JPG_jpg.rf.81031f117e2b4ac8b19c0cbe3bdd1d99.jpg,0,0.6236398816108704,0.4841928780078888,0.04166313633322716,0.024883931502699852,0.8688734173774719
000934_JPG_jpg.rf.81031f117e2b4ac8b19c0cbe3bdd1d99.jpg,0,0.3895680904388428,0.16061154007911682,0.12503397464752197,0.06836356967687607,0.8393896222114563
000934_JPG_jpg.rf.81031f117e2b4ac8b19c0cbe3bdd1d99.jpg,0,0.006526248529553413,0.596869170665741,0.0124153858050704,0.03161162883043289,0.14549803733825684
000934_JPG_jpg.rf.81031f117e2b4ac8b19c0cbe3bdd1d99.jpg,0,0.00859113596379757,0.5989759564399719,0.016829494386911392,0.033830899745225906,0.006084346678107977
000934_JPG_jpg.rf.81031f117e2b4ac8b19c0cbe3bdd1d99.jpg,1,0.8389159440994263,0.7357933521270752,0.026922592893242836,0.02743273600935936,0.005178037099540234
000934_JPG_jpg.rf.81031f117e2b4ac8b19c0cbe3bdd1d99.jpg,0,0.6239795684814453,0.4818509817123413,0.046265676617622375,0.033934593200683594,0.0045662978664040565
000934_JPG_jpg.rf.81031f117e2b4ac8b19c0cbe3bdd1d99.jpg,1,0.7682108879089355,0.7363916039466858,0.03781186789274216,0.034290608018636703,0.0039033193606883287
000934_JPG_jpg.rf.81031f117e2b4ac8b19c0cbe3bdd1d99.jpg,1,0.6524133086204529,0.637965977191925,0.017106642946600914,0.013098644092679024,0.003869206877425313
000934_JPG_jpg.rf.81031f117e2b4ac8b19c0cbe3bdd1d99.jpg,1,0.8357865810394287,0.7360467314720154,0.03594515845179558,0.031925056129693985,0.0038628075271844864
000934_JPG_jpg.rf.81031f117e2b4ac8b19c0cbe3bdd1d99.jpg,1,0.6540592312812805,0.6372978091239929,0.021395243704319,0.017945069819688797,0.0034084287472069263
000934_JPG_jpg.rf.81031f117e2b4ac8b19c0cbe3bdd1d99.jpg,1,0.9973838925361633,0.06275645643472672,0.005232370924204588,0.017598822712898254,0.0033319739159196615
000934_JPG_jpg.rf.81031f117e2b4ac8b19c0cbe3bdd1d99.jpg,0,0.012676987797021866,0.6002451777458191,0.02313738502562046,0.029686231166124344,0.0027547888457775116
000934_JPG_jpg.rf.81031f117e2b4ac8b19c0cbe3bdd1d99.jpg,0,0.6369746327400208,0.49826785922050476,0.020543832331895828,0.059426199644804,0.0026016428600996733
000934_JPG_jpg.rf.81031f117e2b4ac8b19c0cbe3bdd1d99.jpg,0,0.6548375487327576,0.4528488218784332,0.025106210261583328,0.08190474659204483,0.0025767916813492775
000934_JPG_jpg.rf.81031f117e2b4ac8b19c0cbe3bdd1d99.jpg,1,0.685490071773529,0.6428309679031372,0.02692677453160286,0.023417839780449867,0.002120743039995432
000934_JPG_jpg.rf.81031f117e2b4ac8b19c0cbe3bdd1d99.jpg,0,0.007725369650870562,0.5939081311225891,0.015450739301741123,0.04159087687730789,0.001969953067600727
000934_JPG_jpg.rf.81031f117e2b4ac8b19c0cbe3bdd1d99.jpg,0,0.0042772432789206505,0.5932092070579529,0.008554486557841301,0.04335212707519531,0.0017087659798562527
000934_JPG_jpg.rf.81031f117e2b4ac8b19c0cbe3bdd1d99.jpg,0,0.003629854880273342,0.6027891039848328,0.007259709760546684,0.03936463221907616,0.001622742973268032
000934_JPG_jpg.rf.81031f117e2b4ac8b19c0cbe3bdd1d99.jpg,1,0.1032814010977745,0.17890767753124237,0.09566739946603775,0.130209818482399,0.0015940569574013352
000934_JPG_jpg.rf.81031f117e2b4ac8b19c0cbe3bdd1d99.jpg,1,0.7631686329841614,0.7359634041786194,0.02591419406235218,0.034091509878635406,0.0014551619533449411
000934_JPG_jpg.rf.81031f117e2b4ac8b19c0cbe3bdd1d99.jpg,0,0.007509545888751745,0.6219478249549866,0.01467059925198555,0.08964322507381439,0.0013967633713036776
000934_JPG_jpg.rf.81031f117e2b4ac8b19c0cbe3bdd1d99.jpg,1,0.9858301877975464,0.5545280575752258,0.013977271504700184,0.012042229063808918,0.0011374587193131447
000934_JPG_jpg.rf.81031f117e2b4ac8b19c0cbe3bdd1d99.jpg,1,0.6533466577529907,0.6380645632743835,0.026103241369128227,0.022637588903307915,0.0010148566216230392
000935_jpg.rf.a73778e8e15369b4706431ac25671fb4.jpg,0,0.5305412411689758,0.3059511184692383,0.01287574041634798,0.04650624096393585,0.6152158379554749
000935_jpg.rf.a73778e8e15369b4706431ac25671fb4.jpg,0,0.5060756802558899,0.3132795989513397,0.014356614090502262,0.040370117872953415,0.4677187204360962
000935_jpg.rf.a73778e8e15369b4706431ac25671fb4.jpg,0,0.5306158065795898,0.3047363758087158,0.017201021313667297,0.05485518276691437,0.3210201859474182
000935_jpg.rf.a73778e8e15369b4706431ac25671fb4.jpg,0,0.530540406703949,0.3130106031894684,0.016986224800348282,0.03714614734053612,0.2860613167285919
000935_jpg.rf.a73778e8e15369b4706431ac25671fb4.jpg,0,0.5300700068473816,0.31801849603652954,0.018782103434205055,0.027263715863227844,0.26481837034225464
000935_jpg.rf.a73778e8e15369b4706431ac25671fb4.jpg,0,0.5066776275634766,0.307155042886734,0.016934027895331383,0.0535007081925869,0.19436392188072205
000935_jpg.rf.a73778e8e15369b4706431ac25671fb4.jpg,0,0.5056911110877991,0.3168887197971344,0.012077845633029938,0.030097393319010735,0.15522822737693787
000935_jpg.rf.a73778e8e15369b4706431ac25671fb4.jpg,0,0.5063658356666565,0.2829875349998474,0.021251533180475235,0.10170678049325943,0.06824337691068649
000935_jpg.rf.a73778e8e15369b4706431ac25671fb4.jpg,0,0.30272525548934937,0.01556425727903843,0.01304067112505436,0.03050091490149498,0.03781214356422424
000935_jpg.rf.a73778e8e15369b4706431ac25671fb4.jpg,0,0.5002386569976807,0.28237178921699524,0.033121366053819656,0.10565772652626038,0.03487318381667137
000935_jpg.rf.a73778e8e15369b4706431ac25671fb4.jpg,1,0.5524250864982605,0.0683317556977272,0.023027420043945312,0.04407263547182083,0.03212222456932068
000935_jpg.rf.a73778e8e15369b4706431ac25671fb4.jpg,0,0.48760855197906494,0.2822316884994507,0.07102622091770172,0.10398076474666595,0.02828972227871418
000935_jpg.rf.a73778e8e15369b4706431ac25671fb4.jpg,0,0.5512143969535828,0.06943455338478088,0.018281424418091774,0.04336484149098396,0.025029651820659637
000935_jpg.rf.a73778e8e15369b4706431ac25671fb4.jpg,0,0.5028348565101624,0.28337857127189636,0.04690207168459892,0.10255113244056702,0.022384541109204292
000935_jpg.rf.a73778e8e15369b4706431ac25671fb4.jpg,0,0.5105858445167542,0.28877705335617065,0.022686371579766273,0.09546525776386261,0.021892497316002846
000935_jpg.rf.a73778e8e15369b4706431ac25671fb4.jpg,0,0.5276117324829102,0.32632818818092346,0.02652249112725258,0.04372914135456085,0.020062441006302834
000935_jpg.rf.a73778e8e15369b4706431ac25671fb4.jpg,8,0.5511642694473267,0.06952330470085144,0.01893208734691143,0.041915226727724075,0.016155624762177467
000935_jpg.rf.a73778e8e15369b4706431ac25671fb4.jpg,0,0.48080042004585266,0.2840421497821808,0.12266940623521805,0.18019887804985046,0.015685521066188812
000935_jpg.rf.a73778e8e15369b4706431ac25671fb4.jpg,0,0.5734655261039734,0.2955378592014313,0.13206318020820618,0.30548548698425293,0.011752501130104065
000935_jpg.rf.a73778e8e15369b4706431ac25671fb4.jpg,0,0.4820253252983093,0.3074471056461334,0.08825547993183136,0.1601586639881134,0.010083344765007496
000935_jpg.rf.a73778e8e15369b4706431ac25671fb4.jpg,0,0.5315077304840088,0.3163022994995117,0.01618323102593422,0.05689634010195732,0.007955892011523247
000935_jpg.rf.a73778e8e15369b4706431ac25671fb4.jpg,0,0.30653807520866394,0.016113881021738052,0.01741013303399086,0.029049750417470932,0.0071091665886342525
000935_jpg.rf.a73778e8e15369b4706431ac25671fb4.jpg,0,0.5495228171348572,0.2537657618522644,0.08428522199392319,0.19297927618026733,0.006642402149736881
000935_jpg.rf.a73778e8e15369b4706431ac25671fb4.jpg,0,0.5056290626525879,0.3301989734172821,0.017893975600600243,0.046867262572050095,0.005452847108244896
000935_jpg.rf.a73778e8e15369b4706431ac25671fb4.jpg,0,0.5317601561546326,0.32973361015319824,0.01567176729440689,0.0442175529897213,0.004988658707588911
000935_jpg.rf.a73778e8e15369b4706431ac25671fb4.jpg,0,0.5633527040481567,0.27235227823257446,0.10680390149354935,0.24838660657405853,0.004182263743132353
000935_jpg.rf.a73778e8e15369b4706431ac25671fb4.jpg,0,0.09307008236646652,0.5984584093093872,0.009960523806512356,0.02979506179690361,0.0033643830101937056
000935_jpg.rf.a73778e8e15369b4706431ac25671fb4.jpg,0,0.5058348178863525,0.28188011050224304,0.11533264070749283,0.1639082133769989,0.0029256646521389484
000935_jpg.rf.a73778e8e15369b4706431ac25671fb4.jpg,0,0.4875795245170593,0.32399287819862366,0.1636461466550827,0.24486377835273743,0.0028080185875296593
000935_jpg.rf.a73778e8e15369b4706431ac25671fb4.jpg,0,0.5080848336219788,0.3289162814617157,0.017599327489733696,0.04267733171582222,0.002616950310766697
000935_jpg.rf.a73778e8e15369b4706431ac25671fb4.jpg,0,0.019021587446331978,0.457614928483963,0.038043174892663956,0.20186704397201538,0.002462084172293544
000935_jpg.rf.a73778e8e15369b4706431ac25671fb4.jpg,0,0.5949844121932983,0.3035986125469208,0.1903633028268814,0.32518672943115234,0.002128886990249157
000935_jpg.rf.a73778e8e15369b4706431ac25671fb4.jpg,0,0.5665045976638794,0.41153842210769653,0.014496730640530586,0.032534416764974594,0.002108028158545494
000935_jpg.rf.a73778e8e15369b4706431ac25671fb4.jpg,0,0.5252290964126587,0.2998903691768646,0.01745249703526497,0.06904895603656769,0.0021058465354144573
000935_jpg.rf.a73778e8e15369b4706431ac25671fb4.jpg,0,0.019899263978004456,0.4732649624347687,0.03979852795600891,0.14657974243164062,0.001729563344269991
000935_jpg.rf.a73778e8e15369b4706431ac25671fb4.jpg,0,0.0029169167391955853,0.2583484351634979,0.0056487987749278545,0.045832838863134384,0.0012685740366578102
000935_jpg.rf.a73778e8e15369b4706431ac25671fb4.jpg,0,0.022774016484618187,0.48220115900039673,0.0454961322247982,0.1839221864938736,0.0012414756929501891
000935_jpg.rf.a73778e8e15369b4706431ac25671fb4.jpg,0,0.003192362142726779,0.42034855484962463,0.00616104993969202,0.05688399821519852,0.0011533821234479547
000935_jpg.rf.a73778e8e15369b4706431ac25671fb4.jpg,0,0.520816445350647,0.30315378308296204,0.01897202990949154,0.057631734758615494,0.0010979321086779237
000935_jpg.rf.a73778e8e15369b4706431ac25671fb4.jpg,0,0.47020867466926575,0.33060532808303833,0.1229945719242096,0.2171175628900528,0.0010710203787311912
000935_jpg.rf.a73778e8e15369b4706431ac25671fb4.jpg,0,0.5695565938949585,0.41021376848220825,0.013926946558058262,0.03292909264564514,0.001057494548149407
000935_jpg.rf.a73778e8e15369b4706431ac25671fb4.jpg,0,0.5237935185432434,0.3404635190963745,0.022261327132582664,0.01983286812901497,0.0010044522350654006
000936_jpg.rf.66c50dea6603f9ecc83f8b79c88a2f54.jpg,1,0.6330510973930359,0.9562336206436157,0.020732073113322258,0.07353724539279938,0.7590138912200928
000936_jpg.rf.66c50dea6603f9ecc83f8b79c88a2f54.jpg,1,0.5938600301742554,0.9594894051551819,0.020074699074029922,0.07411231100559235,0.7554534673690796
000936_jpg.rf.66c50dea6603f9ecc83f8b79c88a2f54.jpg,8,0.6126570701599121,0.9526379108428955,0.01928197406232357,0.05132220685482025,0.18795207142829895
000936_jpg.rf.66c50dea6603f9ecc83f8b79c88a2f54.jpg,8,0.6583343744277954,0.9464616179466248,0.026068322360515594,0.048559851944446564,0.09908246248960495
000936_jpg.rf.66c50dea6603f9ecc83f8b79c88a2f54.jpg,1,0.6328407526016235,0.9463143944740295,0.018774179741740227,0.05469967797398567,0.026497341692447662
000936_jpg.rf.66c50dea6603f9ecc83f8b79c88a2f54.jpg,0,0.6584796905517578,0.9468718767166138,0.024989789351820946,0.047656722366809845,0.016817012801766396
000936_jpg.rf.66c50dea6603f9ecc83f8b79c88a2f54.jpg,0,0.7017213702201843,0.9240214824676514,0.052770983427762985,0.07303619384765625,0.013806807808578014
000936_jpg.rf.66c50dea6603f9ecc83f8b79c88a2f54.jpg,8,0.6152439117431641,0.9505719542503357,0.018921155482530594,0.060123518109321594,0.010164773091673851
000936_jpg.rf.66c50dea6603f9ecc83f8b79c88a2f54.jpg,0,0.6961477994918823,0.9424853324890137,0.0703485980629921,0.11502940952777863,0.007276301272213459
000936_jpg.rf.66c50dea6603f9ecc83f8b79c88a2f54.jpg,0,0.2674940526485443,0.8724138140678406,0.01961185410618782,0.014252736233174801,0.0014219974400475621
000936_jpg.rf.66c50dea6603f9ecc83f8b79c88a2f54.jpg,1,0.6353786587715149,0.9499387145042419,0.02319035306572914,0.06348837912082672,0.0010408388916403055
000938_JPG_jpg.rf.bf51e9c0b4a1d133c3e73bf56c2d2062.jpg,0,0.3604665994644165,0.1945921927690506,0.12460008263587952,0.07274086773395538,0.8225057125091553
000938_JPG_jpg.rf.bf51e9c0b4a1d133c3e73bf56c2d2062.jpg,1,0.5343763828277588,0.5289044380187988,0.014253470115363598,0.018462181091308594,0.004066254012286663
000938_JPG_jpg.rf.bf51e9c0b4a1d133c3e73bf56c2d2062.jpg,0,0.08659103512763977,0.9857745170593262,0.17318207025527954,0.028451040387153625,0.0029559473041445017
000938_JPG_jpg.rf.bf51e9c0b4a1d133c3e73bf56c2d2062.jpg,0,0.06916867941617966,0.9864712953567505,0.10304104536771774,0.027057502418756485,0.001530112698674202
000938_JPG_jpg.rf.bf51e9c0b4a1d133c3e73bf56c2d2062.jpg,1,0.9431591629981995,0.44616037607192993,0.11368180066347122,0.8088247776031494,0.00145913555752486
000938_JPG_jpg.rf.bf51e9c0b4a1d133c3e73bf56c2d2062.jpg,0,0.10106755793094635,0.9805578589439392,0.2021351158618927,0.03888431191444397,0.0013740190770477057
000941_JPG_jpg.rf.9afc696caf8c7db27bf2134dd5660a27.jpg,0,0.19551672041416168,0.31784650683403015,0.07491046190261841,0.041043996810913086,0.8442862629890442
000941_JPG_jpg.rf.9afc696caf8c7db27bf2134dd5660a27.jpg,0,0.3674253225326538,0.18376487493515015,0.10912220925092697,0.05860637128353119,0.7981646060943604
000941_JPG_jpg.rf.9afc696caf8c7db27bf2134dd5660a27.jpg,1,0.21720130741596222,0.01640365645289421,0.043376319110393524,0.032647646963596344,0.009991075843572617
000941_JPG_jpg.rf.9afc696caf8c7db27bf2134dd5660a27.jpg,0,0.9453505277633667,0.026904379948973656,0.05120328813791275,0.043656375259160995,0.0071554239839315414
000941_JPG_jpg.rf.9afc696caf8c7db27bf2134dd5660a27.jpg,1,0.21047614514827728,0.018193844705820084,0.052655644714832306,0.0361119881272316,0.00697200745344162
000941_JPG_jpg.rf.9afc696caf8c7db27bf2134dd5660a27.jpg,3,0.02177581936120987,0.1332593560218811,0.03342088311910629,0.059661902487277985,0.004000038839876652
000941_JPG_jpg.rf.9afc696caf8c7db27bf2134dd5660a27.jpg,0,0.6236324310302734,0.9918345212936401,0.15279825031757355,0.016331085935235023,0.003002709476277232
000941_JPG_jpg.rf.9afc696caf8c7db27bf2134dd5660a27.jpg,0,0.21422794461250305,0.3323129713535309,0.04132751375436783,0.07397002726793289,0.002574276877567172
000941_JPG_jpg.rf.9afc696caf8c7db27bf2134dd5660a27.jpg,1,0.8889747262001038,0.5882045030593872,0.011857327073812485,0.046644579619169235,0.0022732422221451998
000941_JPG_jpg.rf.9afc696caf8c7db27bf2134dd5660a27.jpg,1,0.5300046801567078,0.568110466003418,0.07286512106657028,0.05665474757552147,0.0022715122904628515
000941_JPG_jpg.rf.9afc696caf8c7db27bf2134dd5660a27.jpg,8,0.5460323095321655,0.034051667898893356,0.05592148378491402,0.06810333579778671,0.0021299943327903748
000941_JPG_jpg.rf.9afc696caf8c7db27bf2134dd5660a27.jpg,0,0.002350193215534091,0.09819626808166504,0.004682965576648712,0.03783842548727989,0.0021240159403532743
000941_JPG_jpg.rf.9afc696caf8c7db27bf2134dd5660a27.jpg,0,0.6239413022994995,0.9890152215957642,0.19461236894130707,0.021969575434923172,0.001628125668503344
000941_JPG_jpg.rf.9afc696caf8c7db27bf2134dd5660a27.jpg,13,0.022205417975783348,0.1327931433916092,0.03296121209859848,0.057574063539505005,0.0014615997206419706
000941_JPG_jpg.rf.9afc696caf8c7db27bf2134dd5660a27.jpg,0,0.946563184261322,0.005929657258093357,0.05702613294124603,0.011859314516186714,0.0012185379164293408
000941_JPG_jpg.rf.9afc696caf8c7db27bf2134dd5660a27.jpg,1,0.44526731967926025,0.7049827575683594,0.023413915187120438,0.02168222703039646,0.001069496152922511
000944_JPG_jpg.rf.a0b81118199b4d11ccb859c15d0cb1f6.jpg,0,0.44908156991004944,0.38219842314720154,0.07973238080739975,0.03943061828613281,0.8738430142402649
000944_JPG_jpg.rf.a0b81118199b4d11ccb859c15d0cb1f6.jpg,0,0.29442667961120605,0.10258139669895172,0.16211867332458496,0.07662332057952881,0.8491877913475037
000944_JPG_jpg.rf.a0b81118199b4d11ccb859c15d0cb1f6.jpg,0,0.643326997756958,0.5239307284355164,0.04332249239087105,0.022011207416653633,0.5118154883384705
000944_JPG_jpg.rf.a0b81118199b4d11ccb859c15d0cb1f6.jpg,0,0.6381223797798157,0.5227159261703491,0.056315094232559204,0.02327306568622589,0.48967936635017395
000944_JPG_jpg.rf.a0b81118199b4d11ccb859c15d0cb1f6.jpg,0,0.6499666571617126,0.5242560505867004,0.028661875054240227,0.01982259750366211,0.42876213788986206
000944_JPG_jpg.rf.a0b81118199b4d11ccb859c15d0cb1f6.jpg,0,0.48431017994880676,0.44388309121131897,0.09220494329929352,0.03499838337302208,0.26064300537109375
000944_JPG_jpg.rf.a0b81118199b4d11ccb859c15d0cb1f6.jpg,1,0.3997853100299835,0.680405855178833,0.03453804925084114,0.03185169771313667,0.08857928216457367
000944_JPG_jpg.rf.a0b81118199b4d11ccb859c15d0cb1f6.jpg,1,0.11413031816482544,0.8431000709533691,0.0645325630903244,0.041629571467638016,0.03388600051403046
000944_JPG_jpg.rf.a0b81118199b4d11ccb859c15d0cb1f6.jpg,0,0.5173511505126953,0.556593656539917,0.015784448012709618,0.05704410374164581,0.02738117426633835
000944_JPG_jpg.rf.a0b81118199b4d11ccb859c15d0cb1f6.jpg,1,0.10605517029762268,0.8404746651649475,0.0473441444337368,0.03573278337717056,0.025840921327471733
000944_JPG_jpg.rf.a0b81118199b4d11ccb859c15d0cb1f6.jpg,0,0.6336755156517029,0.5254676938056946,0.053694434463977814,0.021647674962878227,0.023561066016554832
000944_JPG_jpg.rf.a0b81118199b4d11ccb859c15d0cb1f6.jpg,1,0.40150144696235657,0.679954469203949,0.04402090981602669,0.038433369249105453,0.02152164839208126
000944_JPG_jpg.rf.a0b81118199b4d11ccb859c15d0cb1f6.jpg,1,0.39575836062431335,0.6821640133857727,0.025204548612236977,0.027479393407702446,0.009428327903151512
000944_JPG_jpg.rf.a0b81118199b4d11ccb859c15d0cb1f6.jpg,1,0.2336861938238144,0.8414161801338196,0.060846276581287384,0.0431445948779583,0.008681084960699081
000944_JPG_jpg.rf.a0b81118199b4d11ccb859c15d0cb1f6.jpg,0,0.6346051096916199,0.5264214873313904,0.0616752952337265,0.02935362048447132,0.00711991498246789
000944_JPG_jpg.rf.a0b81118199b4d11ccb859c15d0cb1f6.jpg,1,0.39525142312049866,0.6819711327552795,0.032709818333387375,0.03615805134177208,0.006133453920483589
000944_JPG_jpg.rf.a0b81118199b4d11ccb859c15d0cb1f6.jpg,0,0.7172690629959106,0.5878303647041321,0.014940849505364895,0.009689955040812492,0.005908545106649399
000944_JPG_jpg.rf.a0b81118199b4d11ccb859c15d0cb1f6.jpg,1,0.12175020575523376,0.8443784117698669,0.07187717407941818,0.04878183826804161,0.005601939745247364
000944_JPG_jpg.rf.a0b81118199b4d11ccb859c15d0cb1f6.jpg,9,0.4169909656047821,0.5300818681716919,0.03580376133322716,0.03849315643310547,0.00550487358123064
000944_JPG_jpg.rf.a0b81118199b4d11ccb859c15d0cb1f6.jpg,0,0.5147684216499329,0.5542407035827637,0.010520202107727528,0.05370815098285675,0.003791680559515953
000944_JPG_jpg.rf.a0b81118199b4d11ccb859c15d0cb1f6.jpg,1,0.4022335112094879,0.6836763620376587,0.029533864930272102,0.025234736502170563,0.0035098434891551733
000944_JPG_jpg.rf.a0b81118199b4d11ccb859c15d0cb1f6.jpg,1,0.6269378662109375,0.5245241522789001,0.03512367978692055,0.018579337745904922,0.003410788020119071
000944_JPG_jpg.rf.a0b81118199b4d11ccb859c15d0cb1f6.jpg,0,0.6191072463989258,0.5270885229110718,0.021985862404108047,0.016861403360962868,0.002553510246798396
000944_JPG_jpg.rf.a0b81118199b4d11ccb859c15d0cb1f6.jpg,1,0.22488154470920563,0.8443690538406372,0.08249842375516891,0.045881859958171844,0.0020646732300519943
000944_JPG_jpg.rf.a0b81118199b4d11ccb859c15d0cb1f6.jpg,7,0.41599252820014954,0.529818594455719,0.035857971757650375,0.038044050335884094,0.0016885969089344144
000944_JPG_jpg.rf.a0b81118199b4d11ccb859c15d0cb1f6.jpg,0,0.6183550953865051,0.5275922417640686,0.09694088995456696,0.0469721294939518,0.001534758717752993
000944_JPG_jpg.rf.a0b81118199b4d11ccb859c15d0cb1f6.jpg,0,0.6238545179367065,0.5256388187408447,0.03336514160037041,0.017804769799113274,0.0014140381244942546
000944_JPG_jpg.rf.a0b81118199b4d11ccb859c15d0cb1f6.jpg,0,0.6356198191642761,0.5174118280410767,0.06109696254134178,0.04016454517841339,0.001353867701254785
000944_JPG_jpg.rf.a0b81118199b4d11ccb859c15d0cb1f6.jpg,1,0.4288937747478485,0.727186918258667,0.019339893013238907,0.02134425938129425,0.0013191087637096643
000944_JPG_jpg.rf.a0b81118199b4d11ccb859c15d0cb1f6.jpg,8,0.4167144298553467,0.5309062600135803,0.03715324401855469,0.03986622765660286,0.0011921301484107971
000944_JPG_jpg.rf.a0b81118199b4d11ccb859c15d0cb1f6.jpg,0,0.7432279586791992,0.5932376980781555,0.026548240333795547,0.015400189906358719,0.00119169638492167
000944_JPG_jpg.rf.a0b81118199b4d11ccb859c15d0cb1f6.jpg,0,0.5105589628219604,0.44306379556655884,0.04038073495030403,0.027947060763835907,0.0011783577501773834
000944_JPG_jpg.rf.a0b81118199b4d11ccb859c15d0cb1f6.jpg,0,0.4988534152507782,0.4432514011859894,0.06506586074829102,0.02917322888970375,0.0010863736970350146
000944_JPG_jpg.rf.a0b81118199b4d11ccb859c15d0cb1f6.jpg,0,0.6782348155975342,0.46220099925994873,0.09889485687017441,0.14918111264705658,0.0010215401416644454
000945_JPG_jpg.rf.ad79e318355923e68a10f1678fe9b6bf.jpg,0,0.2277754843235016,0.13295313715934753,0.3062404990196228,0.13815879821777344,0.8708992600440979
000945_JPG_jpg.rf.ad79e318355923e68a10f1678fe9b6bf.jpg,0,0.5277711749076843,0.6072589159011841,0.15215492248535156,0.06658022105693817,0.8354331851005554
000945_JPG_jpg.rf.ad79e318355923e68a10f1678fe9b6bf.jpg,0,0.8970341682434082,0.8516436815261841,0.11151108890771866,0.040625061839818954,0.6832005381584167
000945_JPG_jpg.rf.ad79e318355923e68a10f1678fe9b6bf.jpg,0,0.9304534196853638,0.8502071499824524,0.04492363706231117,0.03009818308055401,0.34775468707084656
000945_JPG_jpg.rf.ad79e318355923e68a10f1678fe9b6bf.jpg,0,0.924042820930481,0.8501579761505127,0.06234521418809891,0.03449418023228645,0.19283485412597656
000945_JPG_jpg.rf.ad79e318355923e68a10f1678fe9b6bf.jpg,0,0.906386137008667,0.8508214354515076,0.08921462297439575,0.03141806647181511,0.016114935278892517
000945_JPG_jpg.rf.ad79e318355923e68a10f1678fe9b6bf.jpg,0,0.5962015390396118,0.7129368782043457,0.13066035509109497,0.049917735159397125,0.016027282923460007
000945_JPG_jpg.rf.ad79e318355923e68a10f1678fe9b6bf.jpg,0,0.8877204060554504,0.8520621061325073,0.07518335431814194,0.029305459931492805,0.008644336834549904
000945_JPG_jpg.rf.ad79e318355923e68a10f1678fe9b6bf.jpg,0,0.6000837087631226,0.707836925983429,0.19122160971164703,0.06648878008127213,0.007268308196216822
000945_JPG_jpg.rf.ad79e318355923e68a10f1678fe9b6bf.jpg,0,0.5633865594863892,0.7143861651420593,0.1126650720834732,0.05312120169401169,0.007148360833525658
000945_JPG_jpg.rf.ad79e318355923e68a10f1678fe9b6bf.jpg,0,0.8961650133132935,0.8586873412132263,0.12273642420768738,0.053068824112415314,0.006142384372651577
000945_JPG_jpg.rf.ad79e318355923e68a10f1678fe9b6bf.jpg,0,0.9503771066665649,0.8623884916305542,0.012379206717014313,0.04917056858539581,0.005001814570277929
000945_JPG_jpg.rf.ad79e318355923e68a10f1678fe9b6bf.jpg,0,0.8908289074897766,0.8731681704521179,0.1381072998046875,0.08545303344726562,0.003972905687987804
000945_JPG_jpg.rf.ad79e318355923e68a10f1678fe9b6bf.jpg,0,0.6602953672409058,0.9120980501174927,0.023059625178575516,0.09795262664556503,0.0029368363320827484
000945_JPG_jpg.rf.ad79e318355923e68a10f1678fe9b6bf.jpg,1,0.2252928763628006,0.1300794631242752,0.3100043833255768,0.13923434913158417,0.0028543451335281134
000945_JPG_jpg.rf.ad79e318355923e68a10f1678fe9b6bf.jpg,0,0.991726279258728,0.9583048224449158,0.01608269102871418,0.038997430354356766,0.0026542823761701584
000945_JPG_jpg.rf.ad79e318355923e68a10f1678fe9b6bf.jpg,8,0.6879560351371765,0.8943110704421997,0.036489855498075485,0.043583944439888,0.002164588775485754
000945_JPG_jpg.rf.ad79e318355923e68a10f1678fe9b6bf.jpg,0,0.9309465289115906,0.8583866357803345,0.05253065750002861,0.050154320895671844,0.002035020384937525
000945_JPG_jpg.rf.ad79e318355923e68a10f1678fe9b6bf.jpg,0,0.6600224375724792,0.9080042243003845,0.018858764320611954,0.07763884961605072,0.0016121078515425324
000945_JPG_jpg.rf.ad79e318355923e68a10f1678fe9b6bf.jpg,12,0.5812007784843445,0.9871946573257446,0.021643565967679024,0.023544900119304657,0.0014637287240475416
000945_JPG_jpg.rf.ad79e318355923e68a10f1678fe9b6bf.jpg,9,0.5818246006965637,0.9870562553405762,0.0229672659188509,0.02444957010447979,0.0014353053411468863
000945_JPG_jpg.rf.ad79e318355923e68a10f1678fe9b6bf.jpg,1,0.6166152954101562,0.6215841770172119,0.027133796364068985,0.018896212801337242,0.0013708677142858505
000946_JPG_jpg.rf.d747fd05b21ff8ac85c05629986ae344.jpg,9,0.06211889162659645,0.18354395031929016,0.07013414800167084,0.07545217126607895,0.9381588101387024
000946_JPG_jpg.rf.d747fd05b21ff8ac85c05629986ae344.jpg,0,0.40032175183296204,0.22347405552864075,0.11197549104690552,0.05710378289222717,0.8084702491760254
000946_JPG_jpg.rf.d747fd05b21ff8ac85c05629986ae344.jpg,12,0.06287829577922821,0.18380525708198547,0.0710960105061531,0.07861407846212387,0.11081697046756744
000946_JPG_jpg.rf.d747fd05b21ff8ac85c05629986ae344.jpg,7,0.057021528482437134,0.17258447408676147,0.09137012809515,0.10221321880817413,0.08553672581911087
000946_JPG_jpg.rf.d747fd05b21ff8ac85c05629986ae344.jpg,0,0.8783409595489502,0.5313585996627808,0.024444580078125,0.05892658606171608,0.020148925483226776
000946_JPG_jpg.rf.d747fd05b21ff8ac85c05629986ae344.jpg,1,0.3847362995147705,0.3528977930545807,0.011503550224006176,0.007456082850694656,0.012033376842737198
000946_JPG_jpg.rf.d747fd05b21ff8ac85c05629986ae344.jpg,1,0.5308594703674316,0.6624955534934998,0.02071457728743553,0.03855676203966141,0.010904265567660332
000946_JPG_jpg.rf.d747fd05b21ff8ac85c05629986ae344.jpg,1,0.4702223837375641,0.6612839698791504,0.024393009021878242,0.031289175152778625,0.007879304699599743
000946_JPG_jpg.rf.d747fd05b21ff8ac85c05629986ae344.jpg,1,0.3205106556415558,0.6819103360176086,0.023236019536852837,0.03748563677072525,0.00784391164779663
000946_JPG_jpg.rf.d747fd05b21ff8ac85c05629986ae344.jpg,1,0.5331951975822449,0.6573479175567627,0.017595695331692696,0.030989062041044235,0.00783289410173893
000946_JPG_jpg.rf.d747fd05b21ff8ac85c05629986ae344.jpg,13,0.5971140265464783,0.5844538807868958,0.024105072021484375,0.02654009684920311,0.006663461681455374
000946_JPG_jpg.rf.d747fd05b21ff8ac85c05629986ae344.jpg,3,0.5974407196044922,0.5847412943840027,0.022839363664388657,0.024993641301989555,0.006654438562691212
000946_JPG_jpg.rf.d747fd05b21ff8ac85c05629986ae344.jpg,13,0.598946750164032,0.5849789977073669,0.016974376514554024,0.01950480416417122,0.005130057688802481
000946_JPG_jpg.rf.d747fd05b21ff8ac85c05629986ae344.jpg,0,0.303162157535553,0.35353177785873413,0.009649515151977539,0.006804796401411295,0.003442198969423771
000946_JPG_jpg.rf.d747fd05b21ff8ac85c05629986ae344.jpg,1,0.5263243913650513,0.6641120910644531,0.0307232066988945,0.04390188679099083,0.0034039693418890238
000946_JPG_jpg.rf.d747fd05b21ff8ac85c05629986ae344.jpg,1,0.40661242604255676,0.6874060034751892,0.016929958015680313,0.032601211220026016,0.0028719420079141855
000946_JPG_jpg.rf.d747fd05b21ff8ac85c05629986ae344.jpg,1,0.5293031334877014,0.6634660363197327,0.027270391583442688,0.05434403195977211,0.002589518204331398
000946_JPG_jpg.rf.d747fd05b21ff8ac85c05629986ae344.jpg,1,0.3648325204849243,0.6441789269447327,0.029675375670194626,0.023692645132541656,0.002358082914724946
000946_JPG_jpg.rf.d747fd05b21ff8ac85c05629986ae344.jpg,0,0.41979578137397766,0.4514976143836975,0.008166460320353508,0.005973156075924635,0.0023517669178545475
000946_JPG_jpg.rf.d747fd05b21ff8ac85c05629986ae344.jpg,1,0.4709140658378601,0.4896203875541687,0.006343071348965168,0.005344647914171219,0.001877290429547429
000946_JPG_jpg.rf.d747fd05b21ff8ac85c05629986ae344.jpg,1,0.4736608862876892,0.661488950252533,0.029989244416356087,0.037227850407361984,0.0014850716106593609
000946_JPG_jpg.rf.d747fd05b21ff8ac85c05629986ae344.jpg,1,0.362994909286499,0.6445528864860535,0.023236863315105438,0.019582603126764297,0.0014211228117346764
000946_JPG_jpg.rf.d747fd05b21ff8ac85c05629986ae344.jpg,12,0.06250002235174179,0.12554892897605896,0.11335965991020203,0.21302752196788788,0.0013855650322511792
000946_JPG_jpg.rf.d747fd05b21ff8ac85c05629986ae344.jpg,1,0.46797701716423035,0.665776789188385,0.013994400389492512,0.0341339111328125,0.0013671648921445012
000946_JPG_jpg.rf.d747fd05b21ff8ac85c05629986ae344.jpg,1,0.8225350379943848,0.9056532382965088,0.025988725945353508,0.021372869610786438,0.0013599420199170709
000946_JPG_jpg.rf.d747fd05b21ff8ac85c05629986ae344.jpg,1,0.5280768275260925,0.6534246802330017,0.01971828006207943,0.03284388408064842,0.0013363556936383247
000946_JPG_jpg.rf.d747fd05b21ff8ac85c05629986ae344.jpg,14,0.598468005657196,0.5845698118209839,0.01563211716711521,0.019200142472982407,0.0012568513629958034
000946_JPG_jpg.rf.d747fd05b21ff8ac85c05629986ae344.jpg,1,0.9231082201004028,0.876244068145752,0.05707080662250519,0.15773238241672516,0.0010835891589522362
000946_jpg.rf.18bf1b977f56cc49545942b86ac7c739.jpg,0,0.5226389765739441,0.8462780117988586,0.03676543012261391,0.10759112238883972,0.898780107498169
000946_jpg.rf.18bf1b977f56cc49545942b86ac7c739.jpg,0,0.07354257255792618,0.877119243144989,0.025822782889008522,0.09939040243625641,0.8526545166969299
000946_jpg.rf.18bf1b977f56cc49545942b86ac7c739.jpg,0,0.5006855130195618,0.9872228503227234,0.013764308765530586,0.024442819878458977,0.6017789244651794
000946_jpg.rf.18bf1b977f56cc49545942b86ac7c739.jpg,8,0.5767697691917419,0.8449273109436035,0.038645416498184204,0.07217378169298172,0.2921134829521179
000946_jpg.rf.18bf1b977f56cc49545942b86ac7c739.jpg,0,0.9655035734176636,0.2513047456741333,0.020201537758111954,0.06775426864624023,0.07623936235904694
000946_jpg.rf.18bf1b977f56cc49545942b86ac7c739.jpg,0,0.990718424320221,0.5730271935462952,0.017317699268460274,0.01346954982727766,0.07142014801502228
000946_jpg.rf.18bf1b977f56cc49545942b86ac7c739.jpg,0,0.551164984703064,0.8221059441566467,0.01883033663034439,0.05423809960484505,0.04302771016955376
000946_jpg.rf.18bf1b977f56cc49545942b86ac7c739.jpg,0,0.03983137384057045,0.866608738899231,0.021759822964668274,0.052572254091501236,0.03208552300930023
000946_jpg.rf.18bf1b977f56cc49545942b86ac7c739.jpg,0,0.9657202959060669,0.26910701394081116,0.01832353137433529,0.03001042641699314,0.02176118642091751
000946_jpg.rf.18bf1b977f56cc49545942b86ac7c739.jpg,9,0.500479519367218,0.9866259098052979,0.015361199155449867,0.024959564208984375,0.02137868106365204
000946_jpg.rf.18bf1b977f56cc49545942b86ac7c739.jpg,0,0.04170575737953186,0.888089120388031,0.026888055726885796,0.09731777012348175,0.020934324711561203
000946_jpg.rf.18bf1b977f56cc49545942b86ac7c739.jpg,0,0.9644046425819397,0.24216338992118835,0.023440582677721977,0.08511356264352798,0.01474972628057003
000946_jpg.rf.18bf1b977f56cc49545942b86ac7c739.jpg,0,0.5514008402824402,0.8353883028030396,0.020420074462890625,0.08359439671039581,0.009397462010383606
000946_jpg.rf.18bf1b977f56cc49545942b86ac7c739.jpg,1,0.575792133808136,0.8440681099891663,0.0358942486345768,0.07881700247526169,0.009293345734477043
000946_jpg.rf.18bf1b977f56cc49545942b86ac7c739.jpg,1,0.042305268347263336,0.8893001675605774,0.029994498938322067,0.10115865617990494,0.00849763210862875
000946_jpg.rf.18bf1b977f56cc49545942b86ac7c739.jpg,0,0.5051630139350891,0.9868826866149902,0.020763983950018883,0.025383876636624336,0.00647863419726491
000946_jpg.rf.18bf1b977f56cc49545942b86ac7c739.jpg,9,0.8213049173355103,0.3760884404182434,0.014171747490763664,0.032326407730579376,0.004921331070363522
000946_jpg.rf.18bf1b977f56cc49545942b86ac7c739.jpg,0,0.9932236671447754,0.5774128437042236,0.013166941702365875,0.024739963933825493,0.004579884000122547
000946_jpg.rf.18bf1b977f56cc49545942b86ac7c739.jpg,1,0.8516717553138733,0.5566285252571106,0.011183666065335274,0.028731126338243484,0.004174779634922743
000946_jpg.rf.18bf1b977f56cc49545942b86ac7c739.jpg,8,0.49226242303848267,0.827587902545929,0.038562994450330734,0.07166136801242828,0.003602747106924653
000946_jpg.rf.18bf1b977f56cc49545942b86ac7c739.jpg,0,0.9665588140487671,0.2631050646305084,0.019242728129029274,0.04271841049194336,0.0032309317030012608
000946_jpg.rf.18bf1b977f56cc49545942b86ac7c739.jpg,0,0.07199432700872421,0.9214594960212708,0.037446409463882446,0.09981486201286316,0.0028573600575327873
000946_jpg.rf.18bf1b977f56cc49545942b86ac7c739.jpg,0,0.5070022344589233,0.9927499294281006,0.01947549730539322,0.014159643091261387,0.0024818931706249714
000946_jpg.rf.18bf1b977f56cc49545942b86ac7c739.jpg,0,0.7516315579414368,0.38344964385032654,0.011901489458978176,0.03869948163628578,0.0020652743987739086
000946_jpg.rf.18bf1b977f56cc49545942b86ac7c739.jpg,0,0.5120458006858826,0.9507165551185608,0.09507550299167633,0.09827540814876556,0.0017307723173871636
000946_jpg.rf.18bf1b977f56cc49545942b86ac7c739.jpg,8,0.5532830953598022,0.8476979732513428,0.022860087454319,0.105046346783638,0.0016768266214057803
000946_jpg.rf.18bf1b977f56cc49545942b86ac7c739.jpg,0,0.5084103941917419,0.9859014749526978,0.016390103846788406,0.026623286306858063,0.0016305643366649747
000946_jpg.rf.18bf1b977f56cc49545942b86ac7c739.jpg,1,0.8427936434745789,0.4349658191204071,0.01066193263977766,0.03271656855940819,0.001445889938622713
000946_jpg.rf.18bf1b977f56cc49545942b86ac7c739.jpg,0,0.9958922863006592,0.2052433043718338,0.008080409839749336,0.011193000711500645,0.001332108280621469
000946_jpg.rf.18bf1b977f56cc49545942b86ac7c739.jpg,8,0.09800199419260025,0.8582724332809448,0.01724119484424591,0.05496018007397652,0.0011045829160138965
000946_jpg.rf.18bf1b977f56cc49545942b86ac7c739.jpg,1,0.8344036340713501,0.3132038712501526,0.012327341362833977,0.03239842504262924,0.001074611791409552
000949_JPG_jpg.rf.dffe53a303ce089bd4001a13de0cc7bd.jpg,0,0.28447267413139343,0.13212135434150696,0.345379501581192,0.1677996963262558,0.9001754522323608
000949_JPG_jpg.rf.dffe53a303ce089bd4001a13de0cc7bd.jpg,11,0.22424867749214172,0.6600522398948669,0.0296994186937809,0.031660743057727814,0.17393454909324646
000949_JPG_jpg.rf.dffe53a303ce089bd4001a13de0cc7bd.jpg,1,0.28345122933387756,0.1306513100862503,0.34203606843948364,0.17613916099071503,0.059006981551647186
000949_JPG_jpg.rf.dffe53a303ce089bd4001a13de0cc7bd.jpg,0,0.37273159623146057,0.9763782024383545,0.014168409630656242,0.009790567681193352,0.05834400653839111
000949_JPG_jpg.rf.dffe53a303ce089bd4001a13de0cc7bd.jpg,4,0.22475022077560425,0.6599931120872498,0.028638657182455063,0.0315454937517643,0.04951908811926842
000949_JPG_jpg.rf.dffe53a303ce089bd4001a13de0cc7bd.jpg,1,0.7828114032745361,0.9126719236373901,0.028293389827013016,0.02539774216711521,0.04944949224591255
000949_JPG_jpg.rf.dffe53a303ce089bd4001a13de0cc7bd.jpg,0,0.3775285482406616,0.9759121537208557,0.022202419117093086,0.010549912229180336,0.01969308592379093
000949_JPG_jpg.rf.dffe53a303ce089bd4001a13de0cc7bd.jpg,1,0.7831905484199524,0.9119169116020203,0.033336859196424484,0.03527047112584114,0.01926092989742756
000949_JPG_jpg.rf.dffe53a303ce089bd4001a13de0cc7bd.jpg,0,0.3829376995563507,0.9754471778869629,0.017090724781155586,0.011621842160820961,0.01662474311888218
000949_JPG_jpg.rf.dffe53a303ce089bd4001a13de0cc7bd.jpg,0,0.37474048137664795,0.9492068290710449,0.015304602682590485,0.009327228181064129,0.014651719480752945
000949_JPG_jpg.rf.dffe53a303ce089bd4001a13de0cc7bd.jpg,0,0.38401973247528076,0.9756075143814087,0.013459903188049793,0.010128388181328773,0.01049755234271288
000949_JPG_jpg.rf.dffe53a303ce089bd4001a13de0cc7bd.jpg,0,0.380523145198822,0.11499547213315964,0.15227356553077698,0.19165430963039398,0.0029396105092018843
000949_JPG_jpg.rf.dffe53a303ce089bd4001a13de0cc7bd.jpg,10,0.9017443060874939,0.5,0.1965114176273346,1.0,0.0029333948623389006
000949_JPG_jpg.rf.dffe53a303ce089bd4001a13de0cc7bd.jpg,7,0.22394335269927979,0.6573864817619324,0.029752420261502266,0.03453364968299866,0.0020415782928466797
000949_JPG_jpg.rf.dffe53a303ce089bd4001a13de0cc7bd.jpg,0,0.37894248962402344,0.9487055540084839,0.02081797830760479,0.011421424336731434,0.0019367776112630963
000949_JPG_jpg.rf.dffe53a303ce089bd4001a13de0cc7bd.jpg,0,0.37333953380584717,0.948458194732666,0.013234836049377918,0.007699599955230951,0.0019111178116872907
000949_JPG_jpg.rf.dffe53a303ce089bd4001a13de0cc7bd.jpg,0,0.37641000747680664,0.9493905305862427,0.019553551450371742,0.010652982629835606,0.001422806759364903
000949_JPG_jpg.rf.dffe53a303ce089bd4001a13de0cc7bd.jpg,10,0.933009684085846,0.5,0.1338268518447876,1.0,0.0013937285402789712
000949_JPG_jpg.rf.dffe53a303ce089bd4001a13de0cc7bd.jpg,1,0.8604660630226135,0.5,0.27906808257102966,1.0,0.0013844510540366173
000954_JPG_jpg.rf.2633035aaeb19e6f2005bf2f8f5d3ebd.jpg,0,0.47739675641059875,0.24941357970237732,0.1315830647945404,0.06894254684448242,0.8547589778900146
000954_JPG_jpg.rf.2633035aaeb19e6f2005bf2f8f5d3ebd.jpg,0,0.4047342836856842,0.5900977253913879,0.0288262739777565,0.022701997309923172,0.20767363905906677
000954_JPG_jpg.rf.2633035aaeb19e6f2005bf2f8f5d3ebd.jpg,0,0.4055436849594116,0.5879824161529541,0.0385894775390625,0.028115971013903618,0.1371154636144638
000954_JPG_jpg.rf.2633035aaeb19e6f2005bf2f8f5d3ebd.jpg,0,0.39254891872406006,0.5871148109436035,0.06502004712820053,0.032081715762615204,0.054363809525966644
000954_JPG_jpg.rf.2633035aaeb19e6f2005bf2f8f5d3ebd.jpg,1,0.15325801074504852,0.16721093654632568,0.015772022306919098,0.01305774599313736,0.037689920514822006
000954_JPG_jpg.rf.2633035aaeb19e6f2005bf2f8f5d3ebd.jpg,0,0.7417938113212585,0.5959213376045227,0.07661071419715881,0.050332989543676376,0.021338125690817833
000954_JPG_jpg.rf.2633035aaeb19e6f2005bf2f8f5d3ebd.jpg,0,0.4095824956893921,0.5909391045570374,0.03500894457101822,0.02482326328754425,0.02090579643845558
000954_JPG_jpg.rf.2633035aaeb19e6f2005bf2f8f5d3ebd.jpg,1,0.5639891624450684,0.22041285037994385,0.05920105800032616,0.09035145491361618,0.015362410806119442
000954_JPG_jpg.rf.2633035aaeb19e6f2005bf2f8f5d3ebd.jpg,0,0.7787302732467651,0.5942506194114685,0.07628551125526428,0.046119946986436844,0.014303907752037048
000954_JPG_jpg.rf.2633035aaeb19e6f2005bf2f8f5d3ebd.jpg,0,0.6632830500602722,0.22925610840320587,0.1555299460887909,0.11801393330097198,0.013858596794307232
000954_JPG_jpg.rf.2633035aaeb19e6f2005bf2f8f5d3ebd.jpg,0,0.4009805917739868,0.5932349562644958,0.04923497885465622,0.040904998779296875,0.012807111255824566
000954_JPG_jpg.rf.2633035aaeb19e6f2005bf2f8f5d3ebd.jpg,0,0.39013659954071045,0.593235194683075,0.07053746283054352,0.045252323150634766,0.009482407942414284
000954_JPG_jpg.rf.2633035aaeb19e6f2005bf2f8f5d3ebd.jpg,1,0.3791886866092682,0.5855911374092102,0.043868616223335266,0.029549892991781235,0.008666266687214375
000954_JPG_jpg.rf.2633035aaeb19e6f2005bf2f8f5d3ebd.jpg,0,0.5637539029121399,0.22040444612503052,0.0592498816549778,0.09125588834285736,0.0038027234841138124
000954_JPG_jpg.rf.2633035aaeb19e6f2005bf2f8f5d3ebd.jpg,3,0.56339430809021,0.21980176866054535,0.06009901687502861,0.09081345796585083,0.0037040349561721087
000954_JPG_jpg.rf.2633035aaeb19e6f2005bf2f8f5d3ebd.jpg,7,0.5647241473197937,0.22183360159397125,0.05855600908398628,0.09108391404151917,0.002415547613054514
000954_JPG_jpg.rf.2633035aaeb19e6f2005bf2f8f5d3ebd.jpg,0,0.9965278506278992,0.395590215921402,0.006944363005459309,0.03732872009277344,0.0018393583595752716
000954_JPG_jpg.rf.2633035aaeb19e6f2005bf2f8f5d3ebd.jpg,10,0.9379826784133911,0.27181464433670044,0.003401242895051837,0.007249575573951006,0.0017834980972111225
000954_JPG_jpg.rf.2633035aaeb19e6f2005bf2f8f5d3ebd.jpg,1,0.9423003196716309,0.2357708215713501,0.010567738674581051,0.012097670696675777,0.0017657105345278978
000954_JPG_jpg.rf.2633035aaeb19e6f2005bf2f8f5d3ebd.jpg,0,0.4197930693626404,0.5933716297149658,0.04153864458203316,0.03049318678677082,0.0015897522680461407
000954_JPG_jpg.rf.2633035aaeb19e6f2005bf2f8f5d3ebd.jpg,1,0.9409748315811157,0.2354360669851303,0.011111919768154621,0.014696341939270496,0.0014501633122563362
000954_JPG_jpg.rf.2633035aaeb19e6f2005bf2f8f5d3ebd.jpg,8,0.5638430118560791,0.2217811495065689,0.05848565697669983,0.08990348875522614,0.0013822417240589857
000954_JPG_jpg.rf.2633035aaeb19e6f2005bf2f8f5d3ebd.jpg,0,0.9954277276992798,0.4109574258327484,0.006844740826636553,0.017732510343194008,0.0013764840550720692
000954_JPG_jpg.rf.2633035aaeb19e6f2005bf2f8f5d3ebd.jpg,1,0.9404460191726685,0.23384007811546326,0.012647189199924469,0.019060043618083,0.0013487584656104445
000954_JPG_jpg.rf.2633035aaeb19e6f2005bf2f8f5d3ebd.jpg,7,0.9967080950737,0.40540698170661926,0.006583874113857746,0.021394217386841774,0.0012943317415192723
000954_JPG_jpg.rf.2633035aaeb19e6f2005bf2f8f5d3ebd.jpg,1,0.37068992853164673,0.585290789604187,0.02499103546142578,0.027279304340481758,0.0012444183230400085
000954_JPG_jpg.rf.2633035aaeb19e6f2005bf2f8f5d3ebd.jpg,0,0.1205822080373764,0.7190487384796143,0.027837498113512993,0.026287226006388664,0.0012203988153487444
000954_JPG_jpg.rf.2633035aaeb19e6f2005bf2f8f5d3ebd.jpg,1,0.9931385517120361,0.3787391483783722,0.01298787072300911,0.015471202321350574,0.001151357777416706
000954_JPG_jpg.rf.2633035aaeb19e6f2005bf2f8f5d3ebd.jpg,1,0.615814745426178,0.24447771906852722,0.055747512727975845,0.09086482971906662,0.0011211737291887403
000954_JPG_jpg.rf.2633035aaeb19e6f2005bf2f8f5d3ebd.jpg,1,0.9944940805435181,0.38240426778793335,0.0103759765625,0.015090392902493477,0.001102865906432271
000954_JPG_jpg.rf.2633035aaeb19e6f2005bf2f8f5d3ebd.jpg,0,0.4278712868690491,0.5965752005577087,0.027810391038656235,0.02958323433995247,0.001049801125191152
000959_jpg.rf.5bf1b1614cead2ae3ed908c0373143c1.jpg,0,0.3869074583053589,0.298054963350296,0.014802603051066399,0.052232615649700165,0.8143944144248962
000959_jpg.rf.5bf1b1614cead2ae3ed908c0373143c1.jpg,0,0.519252598285675,0.28847962617874146,0.014702210202813148,0.046762026846408844,0.7431026697158813
000959_jpg.rf.5bf1b1614cead2ae3ed908c0373143c1.jpg,1,0.5600394606590271,0.3284626007080078,0.01909586228430271,0.051310304552316666,0.05280670151114464
000959_jpg.rf.5bf1b1614cead2ae3ed908c0373143c1.jpg,1,0.5637733340263367,0.4761488139629364,0.029955938458442688,0.05172913148999214,0.02322235144674778
000959_jpg.rf.5bf1b1614cead2ae3ed908c0373143c1.jpg,8,0.07653668522834778,0.2824111878871918,0.02264750562608242,0.04908345639705658,0.016295703127980232
000959_jpg.rf.5bf1b1614cead2ae3ed908c0373143c1.jpg,0,0.99563068151474,0.29700741171836853,0.008626791648566723,0.03518421947956085,0.011211728677153587
000959_jpg.rf.5bf1b1614cead2ae3ed908c0373143c1.jpg,0,0.47635313868522644,0.38439223170280457,0.011737053282558918,0.020339855924248695,0.00807149987667799
000959_jpg.rf.5bf1b1614cead2ae3ed908c0373143c1.jpg,9,0.07445227354764938,0.2820945978164673,0.025364363566040993,0.04800175130367279,0.005739618558436632
000959_jpg.rf.5bf1b1614cead2ae3ed908c0373143c1.jpg,0,0.004346475936472416,0.10936478525400162,0.008272302336990833,0.0672268271446228,0.005153262987732887
000959_jpg.rf.5bf1b1614cead2ae3ed908c0373143c1.jpg,0,0.3770873248577118,0.8520896434783936,0.014973714016377926,0.010181720368564129,0.004034013953059912
000959_jpg.rf.5bf1b1614cead2ae3ed908c0373143c1.jpg,0,0.9952536821365356,0.3049617409706116,0.009230026975274086,0.05041375756263733,0.0037800667341798544
000959_jpg.rf.5bf1b1614cead2ae3ed908c0373143c1.jpg,0,0.530933678150177,0.04343114048242569,0.017148349434137344,0.019360432401299477,0.0033538772258907557
000959_jpg.rf.5bf1b1614cead2ae3ed908c0373143c1.jpg,9,0.9824979901313782,0.5825263261795044,0.03500410541892052,0.09647879749536514,0.003007452469319105
000959_jpg.rf.5bf1b1614cead2ae3ed908c0373143c1.jpg,0,0.34491774439811707,0.009853290393948555,0.04181212931871414,0.01970658078789711,0.002855624072253704
000959_jpg.rf.5bf1b1614cead2ae3ed908c0373143c1.jpg,0,0.5601784586906433,0.3284488916397095,0.019012451171875,0.050867099314928055,0.002788391662761569
000959_jpg.rf.5bf1b1614cead2ae3ed908c0373143c1.jpg,0,0.0038570023607462645,0.09495139122009277,0.007602722849696875,0.06096493452787399,0.0026701625902205706
000959_jpg.rf.5bf1b1614cead2ae3ed908c0373143c1.jpg,8,0.014782460406422615,0.07704758644104004,0.020965056493878365,0.14765240252017975,0.002337320940569043
000959_jpg.rf.5bf1b1614cead2ae3ed908c0373143c1.jpg,8,0.9830285906791687,0.5790109038352966,0.03354952856898308,0.09636890143156052,0.0021839775145053864
000959_jpg.rf.5bf1b1614cead2ae3ed908c0373143c1.jpg,0,0.3748847544193268,0.8525229692459106,0.01453781221061945,0.009599246084690094,0.0021347517613321543
000959_jpg.rf.5bf1b1614cead2ae3ed908c0373143c1.jpg,0,0.00490784365683794,0.11968071758747101,0.00908803753554821,0.09914930164813995,0.002018754370510578
000959_jpg.rf.5bf1b1614cead2ae3ed908c0373143c1.jpg,3,0.008610124699771404,0.10540000349283218,0.01722024939954281,0.21080000698566437,0.0019119696225970984
000959_jpg.rf.5bf1b1614cead2ae3ed908c0373143c1.jpg,0,0.007670850958675146,0.10393033921718597,0.015341701917350292,0.15899422764778137,0.001672552665695548
000959_jpg.rf.5bf1b1614cead2ae3ed908c0373143c1.jpg,1,0.9817284941673279,0.5799647569656372,0.036299120634794235,0.09397166222333908,0.0016473800642415881
000959_jpg.rf.5bf1b1614cead2ae3ed908c0373143c1.jpg,0,0.004202545620501041,0.08169098943471909,0.00820845179259777,0.044828590005636215,0.001355150481685996
000959_jpg.rf.5bf1b1614cead2ae3ed908c0373143c1.jpg,1,0.5961636900901794,0.45431604981422424,0.023861702531576157,0.05077648535370827,0.001344294985756278
000959_jpg.rf.5bf1b1614cead2ae3ed908c0373143c1.jpg,0,0.008439784869551659,0.09772530198097229,0.016879569739103317,0.11945214867591858,0.0012111242394894361
000959_jpg.rf.5bf1b1614cead2ae3ed908c0373143c1.jpg,0,0.009063339792191982,0.12196259200572968,0.018126679584383965,0.1960572600364685,0.0012008808553218842
000959_jpg.rf.5bf1b1614cead2ae3ed908c0373143c1.jpg,0,0.886520266532898,0.9941868782043457,0.11796929687261581,0.011626390740275383,0.001152852550148964
000959_jpg.rf.5bf1b1614cead2ae3ed908c0373143c1.jpg,1,0.3480476438999176,0.011408126913011074,0.05651983991265297,0.022452618926763535,0.0011328381951898336
000959_jpg.rf.5bf1b1614cead2ae3ed908c0373143c1.jpg,0,0.0024487990885972977,0.09898382425308228,0.004897598177194595,0.09326054155826569,0.0010976942721754313
000959_jpg.rf.5bf1b1614cead2ae3ed908c0373143c1.jpg,1,0.3551969528198242,0.007932876236736774,0.06547737121582031,0.01586575247347355,0.0010765832848846912
000959_jpg.rf.5bf1b1614cead2ae3ed908c0373143c1.jpg,1,0.33850574493408203,0.006196513772010803,0.05098167061805725,0.012393027544021606,0.0010240580886602402
000961_jpg.rf.805df5d6f453caa3c1fa8a87893ec991.jpg,0,0.4355623424053192,0.2661167085170746,0.0175528172403574,0.05690954625606537,0.8100623488426208
000961_jpg.rf.805df5d6f453caa3c1fa8a87893ec991.jpg,0,0.5301088094711304,0.2616484761238098,0.015445636585354805,0.0541667602956295,0.779563307762146
000961_jpg.rf.805df5d6f453caa3c1fa8a87893ec991.jpg,1,0.46412497758865356,0.43664830923080444,0.015191702172160149,0.02416137605905533,0.031887032091617584
000961_jpg.rf.805df5d6f453caa3c1fa8a87893ec991.jpg,9,0.3943142592906952,0.32118600606918335,0.017920898273587227,0.05386517941951752,0.014876306988298893
000961_jpg.rf.805df5d6f453caa3c1fa8a87893ec991.jpg,1,0.2921721339225769,0.4316277801990509,0.011357381008565426,0.03171546757221222,0.007317313924431801
000961_jpg.rf.805df5d6f453caa3c1fa8a87893ec991.jpg,8,0.41422170400619507,0.2647712528705597,0.016570091247558594,0.03243983909487724,0.006396531127393246
000961_jpg.rf.805df5d6f453caa3c1fa8a87893ec991.jpg,0,0.803879976272583,0.3191774785518646,0.010455352254211903,0.024373238906264305,0.0059327054768800735
000961_jpg.rf.805df5d6f453caa3c1fa8a87893ec991.jpg,0,0.8040512204170227,0.3127933442592621,0.012282812036573887,0.03341133892536163,0.0032797250896692276
000961_jpg.rf.805df5d6f453caa3c1fa8a87893ec991.jpg,1,0.3973850905895233,0.48713165521621704,0.019045133143663406,0.01747857592999935,0.0025866576470434666
000961_jpg.rf.805df5d6f453caa3c1fa8a87893ec991.jpg,1,0.23330065608024597,0.48685958981513977,0.0139198312535882,0.028061427175998688,0.0025121874641627073
000961_jpg.rf.805df5d6f453caa3c1fa8a87893ec991.jpg,0,0.37996235489845276,0.003211857983842492,0.013679541647434235,0.006073950324207544,0.002349796472117305
000961_jpg.rf.805df5d6f453caa3c1fa8a87893ec991.jpg,1,0.39484208822250366,0.48199883103370667,0.017835214734077454,0.023953402414917946,0.002088566543534398
000961_jpg.rf.805df5d6f453caa3c1fa8a87893ec991.jpg,1,0.6051931381225586,0.5766299962997437,0.05158960074186325,0.06948383152484894,0.002087958389893174
000961_jpg.rf.805df5d6f453caa3c1fa8a87893ec991.jpg,1,0.6041906476020813,0.591425359249115,0.06009956821799278,0.04887958988547325,0.0018451439682394266
000961_jpg.rf.805df5d6f453caa3c1fa8a87893ec991.jpg,0,0.21676941215991974,0.021207759156823158,0.016157902777194977,0.033956825733184814,0.0018337029032409191
000961_jpg.rf.805df5d6f453caa3c1fa8a87893ec991.jpg,1,0.6317998766899109,0.002970349509268999,0.013432576321065426,0.005648659076541662,0.0017770427512004972
000961_jpg.rf.805df5d6f453caa3c1fa8a87893ec991.jpg,1,0.39544057846069336,0.4857763946056366,0.019191741943359375,0.020677311345934868,0.0017578161787241697
000961_jpg.rf.805df5d6f453caa3c1fa8a87893ec991.jpg,1,0.8786429166793823,0.8307280540466309,0.018911289051175117,0.014795157127082348,0.001756640849635005
000961_jpg.rf.805df5d6f453caa3c1fa8a87893ec991.jpg,8,0.41615691781044006,0.2552034854888916,0.017312893643975258,0.041577067226171494,0.001599335577338934
000961_jpg.rf.805df5d6f453caa3c1fa8a87893ec991.jpg,0,0.10879339277744293,0.23261386156082153,0.022248342633247375,0.025319889187812805,0.00143001030664891
000961_jpg.rf.805df5d6f453caa3c1fa8a87893ec991.jpg,0,0.2171369045972824,0.00396187836304307,0.017830556258559227,0.007257489953190088,0.0013402284821495414
000961_jpg.rf.805df5d6f453caa3c1fa8a87893ec991.jpg,0,0.6403006315231323,0.004085748456418514,0.029400018975138664,0.008171496912837029,0.0012003770098090172
000961_jpg.rf.805df5d6f453caa3c1fa8a87893ec991.jpg,0,0.21345902979373932,0.003922769334167242,0.019479844719171524,0.007384523283690214,0.001154016237705946
000961_jpg.rf.805df5d6f453caa3c1fa8a87893ec991.jpg,1,0.5222640037536621,0.009526466019451618,0.022544972598552704,0.018998658284544945,0.0010405161883682013
000966_JPG_jpg.rf.87fa55fbebc4989000b890b88765c712.jpg,0,0.26620417833328247,0.12762220203876495,0.09519509226083755,0.05937553569674492,0.7194989323616028
000966_JPG_jpg.rf.87fa55fbebc4989000b890b88765c712.jpg,0,0.8412439227104187,0.538882851600647,0.038109999150037766,0.11780394613742828,0.030366847291588783
000966_JPG_jpg.rf.87fa55fbebc4989000b890b88765c712.jpg,1,0.2614330053329468,0.48755061626434326,0.019004639238119125,0.02119574323296547,0.027543628588318825
000966_JPG_jpg.rf.87fa55fbebc4989000b890b88765c712.jpg,0,0.288492888212204,0.09620403498411179,0.044377584010362625,0.11073261499404907,0.008149932138621807
000966_JPG_jpg.rf.87fa55fbebc4989000b890b88765c712.jpg,0,0.9819459319114685,0.07824797928333282,0.036108165979385376,0.15461187064647675,0.005748171824961901
000966_JPG_jpg.rf.87fa55fbebc4989000b890b88765c712.jpg,0,0.8481781482696533,0.5352965593338013,0.045787081122398376,0.12755611538887024,0.004378626588732004
000966_JPG_jpg.rf.87fa55fbebc4989000b890b88765c712.jpg,0,0.2921217083930969,0.15457122027873993,0.047763824462890625,0.10966161638498306,0.0035437627229839563
000966_JPG_jpg.rf.87fa55fbebc4989000b890b88765c712.jpg,0,0.2878594994544983,0.11784213036298752,0.04477550461888313,0.06897798925638199,0.0025765893515199423
000966_JPG_jpg.rf.87fa55fbebc4989000b890b88765c712.jpg,0,0.27991190552711487,0.09949398040771484,0.0625438541173935,0.10838340222835541,0.0022619275841861963
000966_JPG_jpg.rf.87fa55fbebc4989000b890b88765c712.jpg,0,0.2748824954032898,0.07935712486505508,0.0839156061410904,0.15721771121025085,0.001925018965266645
000966_JPG_jpg.rf.87fa55fbebc4989000b890b88765c712.jpg,1,0.7419117093086243,0.4507836401462555,0.04137926921248436,0.06041908636689186,0.0016646968433633447
000966_JPG_jpg.rf.87fa55fbebc4989000b890b88765c712.jpg,0,0.2794676721096039,0.12292990833520889,0.06203090399503708,0.058476220816373825,0.00154857465531677
000966_JPG_jpg.rf.87fa55fbebc4989000b890b88765c712.jpg,3,0.9946030974388123,0.4105101525783539,0.010054001584649086,0.11427340656518936,0.0014107385650277138
000966_JPG_jpg.rf.87fa55fbebc4989000b890b88765c712.jpg,0,0.29783186316490173,0.07867961376905441,0.07168170064687729,0.15735922753810883,0.0013431085972115397
000966_JPG_jpg.rf.87fa55fbebc4989000b890b88765c712.jpg,0,0.29157018661499023,0.13308675587177277,0.04470520839095116,0.06502603739500046,0.0012401893036440015
000966_JPG_jpg.rf.87fa55fbebc4989000b890b88765c712.jpg,1,0.7437686920166016,0.47487056255340576,0.043865866959095,0.09870841354131699,0.001050030579790473
000966_JPG_jpg.rf.87fa55fbebc4989000b890b88765c712.jpg,3,0.9908934235572815,0.4034636318683624,0.018213272094726562,0.24067358672618866,0.001024749013595283
000966_JPG_jpg.rf.87fa55fbebc4989000b890b88765c712.jpg,1,0.2637906074523926,0.48827460408210754,0.027462227270007133,0.023066595196723938,0.001014938810840249
000966_JPG_jpg.rf.87fa55fbebc4989000b890b88765c712.jpg,0,0.2670406997203827,0.09455564618110657,0.09554912894964218,0.12740053236484528,0.0010130598675459623
000967_jpg.rf.c03a4af67b2c09d534327ef7de40de4c.jpg,1,0.8082725405693054,0.09047722816467285,0.026423528790473938,0.10199464857578278,0.7832576036453247
000967_jpg.rf.c03a4af67b2c09d534327ef7de40de4c.jpg,1,0.6409401893615723,0.09742362052202225,0.028981942683458328,0.10104115307331085,0.7747092843055725
000967_jpg.rf.c03a4af67b2c09d534327ef7de40de4c.jpg,0,0.08664805442094803,0.08527795225381851,0.024764208123087883,0.08208300918340683,0.04733565077185631
000967_jpg.rf.c03a4af67b2c09d534327ef7de40de4c.jpg,0,0.850166380405426,0.19561104476451874,0.016516318544745445,0.03010038286447525,0.0433528833091259
000967_jpg.rf.c03a4af67b2c09d534327ef7de40de4c.jpg,1,0.2299834042787552,0.31664445996284485,0.01598026230931282,0.050353292375802994,0.020419413223862648
000967_jpg.rf.c03a4af67b2c09d534327ef7de40de4c.jpg,9,0.26299533247947693,0.7932164669036865,0.05962970107793808,0.07900986820459366,0.014168602414429188
000967_jpg.rf.c03a4af67b2c09d534327ef7de40de4c.jpg,0,0.5497411489486694,0.9918242692947388,0.01044607162475586,0.015382913872599602,0.008739863522350788
000967_jpg.rf.c03a4af67b2c09d534327ef7de40de4c.jpg,0,0.9187101721763611,0.05562390014529228,0.012281345203518867,0.0274969432502985,0.0078715356066823
000967_jpg.rf.c03a4af67b2c09d534327ef7de40de4c.jpg,0,0.9177096486091614,0.04502496495842934,0.013337869197130203,0.049942225217819214,0.007824364118278027
000967_jpg.rf.c03a4af67b2c09d534327ef7de40de4c.jpg,9,0.2610466778278351,0.681214451789856,0.03209363669157028,0.06130600348114967,0.007789924740791321
000967_jpg.rf.c03a4af67b2c09d534327ef7de40de4c.jpg,0,0.46485206484794617,0.04842992499470711,0.02015022188425064,0.07759304344654083,0.007406469900161028
000967_jpg.rf.c03a4af67b2c09d534327ef7de40de4c.jpg,1,0.17879508435726166,0.00944048073142767,0.039305560290813446,0.01888096146285534,0.005084856878966093
000967_jpg.rf.c03a4af67b2c09d534327ef7de40de4c.jpg,1,0.22710897028446198,0.31455737352371216,0.012104988098144531,0.04707692563533783,0.005005349405109882
000967_jpg.rf.c03a4af67b2c09d534327ef7de40de4c.jpg,1,0.9968540668487549,0.2771208882331848,0.006220891140401363,0.059359535574913025,0.004188343416899443
000967_jpg.rf.c03a4af67b2c09d534327ef7de40de4c.jpg,0,0.4639875888824463,0.08853818476200104,0.021411199122667313,0.05345465615391731,0.004146314691752195
000967_jpg.rf.c03a4af67b2c09d534327ef7de40de4c.jpg,0,0.9173133373260498,0.040781062096357346,0.01578228361904621,0.060481056571006775,0.0040977708995342255
000967_jpg.rf.c03a4af67b2c09d534327ef7de40de4c.jpg,8,0.75724196434021,0.7621058225631714,0.04005131497979164,0.07320690155029297,0.003964150790125132
000967_jpg.rf.c03a4af67b2c09d534327ef7de40de4c.jpg,8,0.26452314853668213,0.7922826409339905,0.0517384298145771,0.07691515982151031,0.0036261503119021654
000967_jpg.rf.c03a4af67b2c09d534327ef7de40de4c.jpg,0,0.34682443737983704,0.017931964248418808,0.009459422901272774,0.025654656812548637,0.0030159284360706806
000967_jpg.rf.c03a4af67b2c09d534327ef7de40de4c.jpg,1,0.9969704151153564,0.26624953746795654,0.006059280131012201,0.036258514970541,0.002523072762414813
000967_jpg.rf.c03a4af67b2c09d534327ef7de40de4c.jpg,1,0.22648125886917114,0.31853798031806946,0.020639512687921524,0.04907380789518356,0.0025151907466351986
000967_jpg.rf.c03a4af67b2c09d534327ef7de40de4c.jpg,1,0.2618943154811859,0.6868211627006531,0.025201046839356422,0.06533124297857285,0.0018409716431051493
000967_jpg.rf.c03a4af67b2c09d534327ef7de40de4c.jpg,1,0.22101740539073944,0.3215445578098297,0.016837524250149727,0.04092438519001007,0.0016934920568019152
000967_jpg.rf.c03a4af67b2c09d534327ef7de40de4c.jpg,9,0.509044349193573,0.6544871926307678,0.059194568544626236,0.08917093276977539,0.0015199561603367329
000967_jpg.rf.c03a4af67b2c09d534327ef7de40de4c.jpg,0,0.896087110042572,0.18057548999786377,0.06779076904058456,0.13401545584201813,0.0014766626991331577
000967_jpg.rf.c03a4af67b2c09d534327ef7de40de4c.jpg,0,0.27948102355003357,0.8303617835044861,0.12654899060726166,0.3392765522003174,0.001462467247620225
000967_jpg.rf.c03a4af67b2c09d534327ef7de40de4c.jpg,0,0.3471015989780426,0.007030721753835678,0.010304965078830719,0.011393276043236256,0.001382781658321619
000967_jpg.rf.c03a4af67b2c09d534327ef7de40de4c.jpg,0,0.2791721820831299,0.87320876121521,0.12724809348583221,0.24013879895210266,0.0013451377162709832
000967_jpg.rf.c03a4af67b2c09d534327ef7de40de4c.jpg,1,0.08665084838867188,0.08480412513017654,0.023785481229424477,0.08460582792758942,0.0012785224243998528
000967_jpg.rf.c03a4af67b2c09d534327ef7de40de4c.jpg,1,0.05004381388425827,0.0134988809004426,0.019570300355553627,0.026549173519015312,0.0010784560581669211
000967_jpg.rf.c03a4af67b2c09d534327ef7de40de4c.jpg,9,0.2615186274051666,0.6847719550132751,0.0414564423263073,0.06008683890104294,0.0010316165862604976
000983_JPG_jpg.rf.435a52389bec50fc37b8d83dc287f3ed.jpg,0,0.2545589506626129,0.42415833473205566,0.0885237380862236,0.03451266884803772,0.8792259693145752
000983_JPG_jpg.rf.435a52389bec50fc37b8d83dc287f3ed.jpg,0,0.5899919867515564,0.057171180844306946,0.2961398661136627,0.11252003908157349,0.8233869075775146
000983_JPG_jpg.rf.435a52389bec50fc37b8d83dc287f3ed.jpg,0,0.282785564661026,0.4461970925331116,0.03451696038246155,0.07903708517551422,0.026317240670323372
000983_JPG_jpg.rf.435a52389bec50fc37b8d83dc287f3ed.jpg,0,0.24751737713813782,0.42287662625312805,0.10454212874174118,0.04483480006456375,0.013932173140347004
000983_JPG_jpg.rf.435a52389bec50fc37b8d83dc287f3ed.jpg,0,0.5646809935569763,0.34730517864227295,0.01676277071237564,0.014874862506985664,0.008214104920625687
000983_JPG_jpg.rf.435a52389bec50fc37b8d83dc287f3ed.jpg,0,0.23260462284088135,0.37299469113349915,0.1524243950843811,0.14233215153217316,0.0075182062573730946
000983_JPG_jpg.rf.435a52389bec50fc37b8d83dc287f3ed.jpg,0,0.25327205657958984,0.42921626567840576,0.09365164488554001,0.051778025925159454,0.004771783482283354
000983_JPG_jpg.rf.435a52389bec50fc37b8d83dc287f3ed.jpg,0,0.2765613794326782,0.4366804361343384,0.04565068706870079,0.06464419513940811,0.003144558984786272
000983_JPG_jpg.rf.435a52389bec50fc37b8d83dc287f3ed.jpg,0,0.2707544267177582,0.42898106575012207,0.057533230632543564,0.04582034796476364,0.0029398829210549593
000983_JPG_jpg.rf.435a52389bec50fc37b8d83dc287f3ed.jpg,0,0.024275416508316994,0.7425632476806641,0.043623317033052444,0.04320497065782547,0.0026557205710560083
000983_JPG_jpg.rf.435a52389bec50fc37b8d83dc287f3ed.jpg,0,0.32357150316238403,0.42814433574676514,0.04501603543758392,0.12064336240291595,0.002372385933995247
000983_JPG_jpg.rf.435a52389bec50fc37b8d83dc287f3ed.jpg,0,0.28298211097717285,0.42816492915153503,0.033304162323474884,0.03944918140769005,0.0021118312142789364
000983_JPG_jpg.rf.435a52389bec50fc37b8d83dc287f3ed.jpg,0,0.6982519030570984,0.044391170144081116,0.14552336931228638,0.08878234028816223,0.0013985837576910853
000983_JPG_jpg.rf.435a52389bec50fc37b8d83dc287f3ed.jpg,0,0.32202237844467163,0.41802865266799927,0.05528145655989647,0.10322894155979156,0.0012109604431316257
000983_JPG_jpg.rf.435a52389bec50fc37b8d83dc287f3ed.jpg,0,0.7550106048583984,0.039678726345300674,0.041217803955078125,0.07935745269060135,0.0010433284332975745
000985_JPG_jpg.rf.858faffcae4167e233b829d2f744f34f.jpg,0,0.3292159140110016,0.1132545992732048,0.11774065345525742,0.056263357400894165,0.7938682436943054
000985_JPG_jpg.rf.858faffcae4167e233b829d2f744f34f.jpg,0,0.31987300515174866,0.10239161550998688,0.13162830471992493,0.07542874664068222,0.027810264378786087
000985_JPG_jpg.rf.858faffcae4167e233b829d2f744f34f.jpg,0,0.3759634494781494,0.3824799060821533,0.018196729943156242,0.018103783950209618,0.012297664768993855
000985_JPG_jpg.rf.858faffcae4167e233b829d2f744f34f.jpg,1,0.680698812007904,0.46584442257881165,0.025149567052721977,0.017162984237074852,0.00512009859085083
000985_JPG_jpg.rf.858faffcae4167e233b829d2f744f34f.jpg,0,0.773539662361145,0.052281785756349564,0.008107112720608711,0.014452554285526276,0.0031117333564907312
000985_JPG_jpg.rf.858faffcae4167e233b829d2f744f34f.jpg,0,0.3648158013820648,0.09175229072570801,0.04216462001204491,0.10303065180778503,0.0029133178759366274
000985_JPG_jpg.rf.858faffcae4167e233b829d2f744f34f.jpg,0,0.36518824100494385,0.11445643752813339,0.04180820286273956,0.053025588393211365,0.0023290584795176983
000985_JPG_jpg.rf.858faffcae4167e233b829d2f744f34f.jpg,0,0.3684355914592743,0.13471126556396484,0.045115876942873,0.08915163576602936,0.0018596160225570202
000985_JPG_jpg.rf.858faffcae4167e233b829d2f744f34f.jpg,0,0.3731272518634796,0.09257795661687851,0.05129469558596611,0.0916585922241211,0.0017060351092368364
000985_JPG_jpg.rf.858faffcae4167e233b829d2f744f34f.jpg,1,0.6842735409736633,0.4640575647354126,0.029522016644477844,0.02149028144776821,0.0016315355896949768
000985_JPG_jpg.rf.858faffcae4167e233b829d2f744f34f.jpg,0,0.315463125705719,0.11755070090293884,0.139871746301651,0.07105198502540588,0.0015664845705032349
000989_JPG_jpg.rf.190d2ec887677882e3d1c869a542aa26.jpg,0,0.4193532168865204,0.16108766198158264,0.2015918344259262,0.10987885296344757,0.8208490014076233
000989_JPG_jpg.rf.190d2ec887677882e3d1c869a542aa26.jpg,0,0.27269989252090454,0.5833389759063721,0.032320208847522736,0.017779020592570305,0.6066645979881287
000989_JPG_jpg.rf.190d2ec887677882e3d1c869a542aa26.jpg,1,0.6439304351806641,0.40621501207351685,0.017767613753676414,0.060387834906578064,0.10023562610149384
000989_JPG_jpg.rf.190d2ec887677882e3d1c869a542aa26.jpg,0,0.8278871774673462,0.5408574938774109,0.05606057122349739,0.026388170197606087,0.023230040445923805
000989_JPG_jpg.rf.190d2ec887677882e3d1c869a542aa26.jpg,0,0.9904698729515076,0.013694061897695065,0.017619866877794266,0.017106616869568825,0.014654198661446571
000989_JPG_jpg.rf.190d2ec887677882e3d1c869a542aa26.jpg,0,0.27188214659690857,0.5855897068977356,0.03886052593588829,0.025562288239598274,0.012148469686508179
000989_JPG_jpg.rf.190d2ec887677882e3d1c869a542aa26.jpg,0,0.28583964705467224,0.5796918272972107,0.01676896959543228,0.028838342055678368,0.009845764376223087
000989_JPG_jpg.rf.190d2ec887677882e3d1c869a542aa26.jpg,1,0.7989106178283691,0.4001260995864868,0.012193900533020496,0.024890277534723282,0.007010593079030514
000989_JPG_jpg.rf.190d2ec887677882e3d1c869a542aa26.jpg,1,0.7974735498428345,0.40029045939445496,0.011257905513048172,0.021297454833984375,0.004847132135182619
000989_JPG_jpg.rf.190d2ec887677882e3d1c869a542aa26.jpg,0,0.8174353837966919,0.5410470962524414,0.03916065767407417,0.02317061834037304,0.004720860160887241
000989_JPG_jpg.rf.190d2ec887677882e3d1c869a542aa26.jpg,7,0.771702229976654,0.4784267246723175,0.006242018658667803,0.014780191704630852,0.004190410021692514
000989_JPG_jpg.rf.190d2ec887677882e3d1c869a542aa26.jpg,0,0.29717668890953064,0.5781077742576599,0.015716424211859703,0.036364998668432236,0.00368110160343349
000989_JPG_jpg.rf.190d2ec887677882e3d1c869a542aa26.jpg,0,0.44051340222358704,0.7785071134567261,0.014712664298713207,0.007956578396260738,0.0030865417793393135
000989_JPG_jpg.rf.190d2ec887677882e3d1c869a542aa26.jpg,0,0.4685048460960388,0.6420865058898926,0.013835577294230461,0.010909447446465492,0.0029838373884558678
000989_JPG_jpg.rf.190d2ec887677882e3d1c869a542aa26.jpg,1,0.6466850638389587,0.4044342339038849,0.01789357140660286,0.06889647990465164,0.002449130406603217
000989_JPG_jpg.rf.190d2ec887677882e3d1c869a542aa26.jpg,0,0.2939595580101013,0.5779497027397156,0.013829433359205723,0.03185081481933594,0.002431513974443078
000989_JPG_jpg.rf.190d2ec887677882e3d1c869a542aa26.jpg,0,0.36053967475891113,0.5859910249710083,0.007797498255968094,0.010967768728733063,0.0023706553038209677
000989_JPG_jpg.rf.190d2ec887677882e3d1c869a542aa26.jpg,0,0.8370118737220764,0.5428868532180786,0.044658660888671875,0.029791247099637985,0.0018613385036587715
000989_JPG_jpg.rf.190d2ec887677882e3d1c869a542aa26.jpg,0,0.2737344801425934,0.5794116854667664,0.03444448113441467,0.030400093644857407,0.0018605696968734264
000989_JPG_jpg.rf.190d2ec887677882e3d1c869a542aa26.jpg,0,0.5131179690361023,0.49591073393821716,0.015420657582581043,0.008600234985351562,0.0018536301795393229
000989_JPG_jpg.rf.190d2ec887677882e3d1c869a542aa26.jpg,0,0.28233250975608826,0.5854859352111816,0.02559089846909046,0.0249356497079134,0.0016153574688360095
000989_JPG_jpg.rf.190d2ec887677882e3d1c869a542aa26.jpg,0,0.9945694208145142,0.5756909847259521,0.010114816948771477,0.04910073056817055,0.001434809761121869
000989_JPG_jpg.rf.190d2ec887677882e3d1c869a542aa26.jpg,0,0.26600050926208496,0.5838592052459717,0.02755502611398697,0.01947747729718685,0.0013875516597181559
000989_JPG_jpg.rf.190d2ec887677882e3d1c869a542aa26.jpg,0,0.48611950874328613,0.7371368408203125,0.0176865141838789,0.014458950608968735,0.0013215627986937761
000989_JPG_jpg.rf.190d2ec887677882e3d1c869a542aa26.jpg,0,0.9737603664398193,0.605036199092865,0.05247937887907028,0.09384522587060928,0.0012206463143229485
000989_JPG_jpg.rf.190d2ec887677882e3d1c869a542aa26.jpg,1,0.7256044745445251,0.3728959858417511,0.03293000906705856,0.024363702163100243,0.0011776169994845986
000989_JPG_jpg.rf.190d2ec887677882e3d1c869a542aa26.jpg,0,0.2968932092189789,0.5895060300827026,0.015185484662652016,0.047640472650527954,0.0011694974964484572
000989_JPG_jpg.rf.190d2ec887677882e3d1c869a542aa26.jpg,1,0.4942731261253357,0.003918626811355352,0.016357753425836563,0.007400336675345898,0.0011339583434164524
000994_jpg.rf.a4d87f8cd54a7a19e0081461e279a335.jpg,0,0.45739975571632385,0.8586007952690125,0.04068708419799805,0.13897323608398438,0.8557482957839966
000994_jpg.rf.a4d87f8cd54a7a19e0081461e279a335.jpg,0,0.009674069471657276,0.8779454231262207,0.019348138943314552,0.1423293650150299,0.5289009809494019
000994_jpg.rf.a4d87f8cd54a7a19e0081461e279a335.jpg,0,0.01325911097228527,0.8775954246520996,0.02651822194457054,0.13455097377300262,0.23530961573123932
000994_jpg.rf.a4d87f8cd54a7a19e0081461e279a335.jpg,0,0.008762371726334095,0.8959234952926636,0.01737670972943306,0.08984940499067307,0.11039891839027405
000994_jpg.rf.a4d87f8cd54a7a19e0081461e279a335.jpg,0,0.00836943369358778,0.8772842288017273,0.01673886738717556,0.12662917375564575,0.10737316310405731
000994_jpg.rf.a4d87f8cd54a7a19e0081461e279a335.jpg,0,0.013342408463358879,0.8683364987373352,0.026684816926717758,0.1707591414451599,0.10554772615432739
000994_jpg.rf.a4d87f8cd54a7a19e0081461e279a335.jpg,1,0.19377177953720093,0.28811976313591003,0.06339651346206665,0.03207436203956604,0.03615541011095047
000994_jpg.rf.a4d87f8cd54a7a19e0081461e279a335.jpg,1,0.2505377233028412,0.288662850856781,0.044831663370132446,0.0317915603518486,0.02628716081380844
000994_jpg.rf.a4d87f8cd54a7a19e0081461e279a335.jpg,0,0.01889364793896675,0.8686789274215698,0.0377872958779335,0.15402773022651672,0.015588299371302128
000994_jpg.rf.a4d87f8cd54a7a19e0081461e279a335.jpg,0,0.00601952476426959,0.8897878527641296,0.01203904952853918,0.10165420174598694,0.012832166627049446
000994_jpg.rf.a4d87f8cd54a7a19e0081461e279a335.jpg,0,0.01030129473656416,0.9109312295913696,0.020252682268619537,0.06703414022922516,0.006110603921115398
000994_jpg.rf.a4d87f8cd54a7a19e0081461e279a335.jpg,0,0.005720221437513828,0.9083170294761658,0.011440442875027657,0.06406835466623306,0.005320319440215826
000994_jpg.rf.a4d87f8cd54a7a19e0081461e279a335.jpg,0,0.006389038637280464,0.8395082354545593,0.012201324105262756,0.0575103797018528,0.003798897610977292
000994_jpg.rf.a4d87f8cd54a7a19e0081461e279a335.jpg,1,0.2023133933544159,0.28860899806022644,0.04348914697766304,0.02984188310801983,0.0018578016897663474
000994_jpg.rf.a4d87f8cd54a7a19e0081461e279a335.jpg,0,0.0035419838968664408,0.9143126606941223,0.0070839677937328815,0.06175415590405464,0.0017405676189810038
000994_jpg.rf.a4d87f8cd54a7a19e0081461e279a335.jpg,1,0.008622631430625916,0.8656362891197205,0.016631482169032097,0.11523526161909103,0.0016606473363935947
000994_jpg.rf.a4d87f8cd54a7a19e0081461e279a335.jpg,1,0.5486502647399902,0.011771459132432938,0.016591403633356094,0.023237330839037895,0.0013832425465807319
000994_jpg.rf.a4d87f8cd54a7a19e0081461e279a335.jpg,3,0.009458712302148342,0.9060978889465332,0.018917424604296684,0.07904764264822006,0.001221508253365755
001000_jpg.rf.55d2c5392c587e099e386a6406bff14f.jpg,3,0.20688511431217194,0.2846416234970093,0.23316365480422974,0.3931082785129547,0.9162166118621826
001000_jpg.rf.55d2c5392c587e099e386a6406bff14f.jpg,0,0.7260282039642334,0.2998959720134735,0.018891921266913414,0.01671268418431282,0.013656963594257832
001000_jpg.rf.55d2c5392c587e099e386a6406bff14f.jpg,3,0.8623856902122498,0.3718275725841522,0.026944749057292938,0.030739272013306618,0.003945268224924803
001000_jpg.rf.55d2c5392c587e099e386a6406bff14f.jpg,1,0.586614727973938,0.16830380260944366,0.04734956473112106,0.15244907140731812,0.00365513376891613
001000_jpg.rf.55d2c5392c587e099e386a6406bff14f.jpg,1,0.6637004017829895,0.1921781450510025,0.07502365112304688,0.10766443610191345,0.003076727967709303
001000_jpg.rf.55d2c5392c587e099e386a6406bff14f.jpg,0,0.7265883684158325,0.3013814389705658,0.01405965443700552,0.01202302798628807,0.002981304656714201
001000_jpg.rf.55d2c5392c587e099e386a6406bff14f.jpg,0,0.72576504945755,0.30343928933143616,0.021238327026367188,0.02683681808412075,0.0024812945630401373
001000_jpg.rf.55d2c5392c587e099e386a6406bff14f.jpg,0,0.7217206358909607,0.31061679124832153,0.0280002448707819,0.04383659362792969,0.0020242896862328053
001000_jpg.rf.55d2c5392c587e099e386a6406bff14f.jpg,0,0.7242386341094971,0.32144927978515625,0.028885843232274055,0.062174487859010696,0.0014238497242331505
001004_jpg.rf.b5403b891cecfc5231ff9ef14b3534ae.jpg,3,0.49806204438209534,0.3953392505645752,0.2872900664806366,0.2278030663728714,0.9146933555603027
001004_jpg.rf.b5403b891cecfc5231ff9ef14b3534ae.jpg,1,0.7071252465248108,0.573453426361084,0.022909458726644516,0.044304005801677704,0.06619859486818314
001004_jpg.rf.b5403b891cecfc5231ff9ef14b3534ae.jpg,1,0.7056564688682556,0.5796666741371155,0.02344014123082161,0.057440027594566345,0.019482018426060677
001004_jpg.rf.b5403b891cecfc5231ff9ef14b3534ae.jpg,1,0.705788254737854,0.6071586012840271,0.02903490886092186,0.057326026260852814,0.009755529463291168
001004_jpg.rf.b5403b891cecfc5231ff9ef14b3534ae.jpg,1,0.7184600830078125,0.5445575714111328,0.018861478194594383,0.026328785344958305,0.00461252685636282
001004_jpg.rf.b5403b891cecfc5231ff9ef14b3534ae.jpg,1,0.7035028338432312,0.6129215359687805,0.024151362478733063,0.0441303625702858,0.003750163596123457
001004_jpg.rf.b5403b891cecfc5231ff9ef14b3534ae.jpg,1,0.7055965662002563,0.5926312804222107,0.031274210661649704,0.09214973449707031,0.0025346362963318825
001004_jpg.rf.b5403b891cecfc5231ff9ef14b3534ae.jpg,1,0.7108988165855408,0.6138333678245544,0.01838456653058529,0.04371976852416992,0.002451476640999317
001004_jpg.rf.b5403b891cecfc5231ff9ef14b3534ae.jpg,1,0.7108578085899353,0.5639730095863342,0.01932804472744465,0.04512838274240494,0.002343669766560197
001004_jpg.rf.b5403b891cecfc5231ff9ef14b3534ae.jpg,1,0.752333402633667,0.621658205986023,0.007427949458360672,0.008648945949971676,0.0022684885188937187
001004_jpg.rf.b5403b891cecfc5231ff9ef14b3534ae.jpg,1,0.7519892454147339,0.6237061619758606,0.008016807027161121,0.0078114732168614864,0.0021668835543096066
001004_jpg.rf.b5403b891cecfc5231ff9ef14b3534ae.jpg,1,0.7202033400535583,0.5417904853820801,0.016666412353515625,0.0219601858407259,0.001961392816156149
001004_jpg.rf.b5403b891cecfc5231ff9ef14b3534ae.jpg,1,0.7103519439697266,0.5649173855781555,0.02833821251988411,0.054794568568468094,0.001903098076581955
001004_jpg.rf.b5403b891cecfc5231ff9ef14b3534ae.jpg,1,0.7055947780609131,0.5800608992576599,0.027485555037856102,0.0700330063700676,0.0016644749557599425
001004_jpg.rf.b5403b891cecfc5231ff9ef14b3534ae.jpg,1,0.7199318408966064,0.5382124781608582,0.0121779078617692,0.010930025018751621,0.0016154051991179585
001004_jpg.rf.b5403b891cecfc5231ff9ef14b3534ae.jpg,1,0.7198455929756165,0.5408638119697571,0.014570603147149086,0.01757155917584896,0.0013621377293020487
001004_jpg.rf.b5403b891cecfc5231ff9ef14b3534ae.jpg,1,0.7163506746292114,0.5644888281822205,0.022942617535591125,0.03689476475119591,0.001177355763502419
001004_jpg.rf.b5403b891cecfc5231ff9ef14b3534ae.jpg,0,0.7484831809997559,0.6226073503494263,0.008249429985880852,0.005513704847544432,0.0011707876110449433
001014_jpg.rf.b5f73c9eb6dc1a27fd9ec0323fb5d210.jpg,3,0.29286137223243713,0.21933883428573608,0.23043017089366913,0.35987651348114014,0.9156724214553833
001014_jpg.rf.b5f73c9eb6dc1a27fd9ec0323fb5d210.jpg,1,0.7786768078804016,0.8621091246604919,0.015631750226020813,0.04195059463381767,0.011260396800935268
001014_jpg.rf.b5f73c9eb6dc1a27fd9ec0323fb5d210.jpg,1,0.7779011130332947,0.8552378416061401,0.020670084282755852,0.028834637254476547,0.002211682265624404
001014_jpg.rf.b5f73c9eb6dc1a27fd9ec0323fb5d210.jpg,1,0.7790797352790833,0.8532103300094604,0.017088303342461586,0.023635204881429672,0.0015674104215577245
001014_jpg.rf.b5f73c9eb6dc1a27fd9ec0323fb5d210.jpg,3,0.27081459760665894,0.4477991461753845,0.5416291952133179,0.895598292350769,0.0012750832829624414
001014_jpg.rf.b5f73c9eb6dc1a27fd9ec0323fb5d210.jpg,1,0.966018795967102,0.8927575349807739,0.018504509702324867,0.043302979320287704,0.0010912696598097682
001014_jpg.rf.b5f73c9eb6dc1a27fd9ec0323fb5d210.jpg,9,0.16569453477859497,0.9852986931800842,0.02429390884935856,0.02773769199848175,0.001088867662474513
001014_jpg.rf.b5f73c9eb6dc1a27fd9ec0323fb5d210.jpg,1,0.584403932094574,0.9283406734466553,0.01633809134364128,0.04313637688755989,0.0010465083178132772
001019_jpg.rf.c53eaf43c583c2bdb0f57c91179329f9.jpg,0,0.5590964555740356,0.10947121679782867,0.039480723440647125,0.1215730831027031,0.8744783997535706
001019_jpg.rf.c53eaf43c583c2bdb0f57c91179329f9.jpg,0,0.16596633195877075,0.13566771149635315,0.034386251121759415,0.115911103785038,0.8449017405509949
001019_jpg.rf.c53eaf43c583c2bdb0f57c91179329f9.jpg,1,0.5781638026237488,0.5105466842651367,0.01772400178015232,0.038867510855197906,0.18769124150276184
001019_jpg.rf.c53eaf43c583c2bdb0f57c91179329f9.jpg,1,0.5763141512870789,0.5229573249816895,0.026053356006741524,0.06694302707910538,0.035815924406051636
001019_jpg.rf.c53eaf43c583c2bdb0f57c91179329f9.jpg,1,0.34076419472694397,0.49976789951324463,0.01625901088118553,0.04742750898003578,0.0245693139731884
001019_jpg.rf.c53eaf43c583c2bdb0f57c91179329f9.jpg,1,0.44094958901405334,0.5211746096611023,0.023160384967923164,0.06040004640817642,0.0195420254021883
001019_jpg.rf.c53eaf43c583c2bdb0f57c91179329f9.jpg,1,0.5066724419593811,0.4558928608894348,0.02523447945713997,0.02677987329661846,0.01805393025279045
001019_jpg.rf.c53eaf43c583c2bdb0f57c91179329f9.jpg,1,0.8444886207580566,0.019553393125534058,0.01773606799542904,0.0383974090218544,0.011973021551966667
001019_jpg.rf.c53eaf43c583c2bdb0f57c91179329f9.jpg,1,0.4409806430339813,0.5130922198295593,0.02088066376745701,0.04527073726058006,0.010966609232127666
001019_jpg.rf.c53eaf43c583c2bdb0f57c91179329f9.jpg,1,0.574451744556427,0.5243256688117981,0.033981580287218094,0.07396918535232544,0.008672934956848621
001019_jpg.rf.c53eaf43c583c2bdb0f57c91179329f9.jpg,1,0.44222399592399597,0.5242816805839539,0.02926599234342575,0.06850437074899673,0.0059435139410197735
001019_jpg.rf.c53eaf43c583c2bdb0f57c91179329f9.jpg,1,0.995231568813324,0.4932015538215637,0.00953689031302929,0.03997579216957092,0.0044339862652122974
001019_jpg.rf.c53eaf43c583c2bdb0f57c91179329f9.jpg,1,0.43873172998428345,0.5094982981681824,0.019230587407946587,0.034052591770887375,0.003336707130074501
001019_jpg.rf.c53eaf43c583c2bdb0f57c91179329f9.jpg,1,0.5773257613182068,0.5150206089019775,0.02187717892229557,0.05363504961133003,0.0031182989478111267
001019_jpg.rf.c53eaf43c583c2bdb0f57c91179329f9.jpg,1,0.34155967831611633,0.5044650435447693,0.019774511456489563,0.05681445077061653,0.003086281940340996
001019_jpg.rf.c53eaf43c583c2bdb0f57c91179329f9.jpg,1,0.5774087905883789,0.5070247650146484,0.01978771574795246,0.05192280188202858,0.0021363806445151567
001019_jpg.rf.c53eaf43c583c2bdb0f57c91179329f9.jpg,1,0.21616370975971222,0.5497723817825317,0.013709325343370438,0.02325454168021679,0.0016920898342505097
001019_jpg.rf.c53eaf43c583c2bdb0f57c91179329f9.jpg,1,0.5046795010566711,0.45764169096946716,0.034287452697753906,0.03848802298307419,0.0015958324074745178
001019_jpg.rf.c53eaf43c583c2bdb0f57c91179329f9.jpg,1,0.8412743210792542,0.019263479858636856,0.02043137326836586,0.03703317791223526,0.0014948671450838447
001019_jpg.rf.c53eaf43c583c2bdb0f57c91179329f9.jpg,1,0.8476453423500061,0.01972215063869953,0.017500657588243484,0.03846416994929314,0.001360803609713912
001019_jpg.rf.c53eaf43c583c2bdb0f57c91179329f9.jpg,1,0.4282305836677551,0.5201939344406128,0.019349796697497368,0.05709879472851753,0.001315005705691874
001023_jpg.rf.f7de58bb03c2e2a346432baa358b4c3e.jpg,3,0.29211241006851196,0.2769678235054016,0.22427897155284882,0.2745687961578369,0.9148837924003601
001023_jpg.rf.f7de58bb03c2e2a346432baa358b4c3e.jpg,1,0.5536704063415527,0.7302276492118835,0.014527651481330395,0.009419661946594715,0.03562412038445473
001023_jpg.rf.f7de58bb03c2e2a346432baa358b4c3e.jpg,1,0.5494402050971985,0.7311995625495911,0.017409509047865868,0.009949831292033195,0.009798170998692513
001023_jpg.rf.f7de58bb03c2e2a346432baa358b4c3e.jpg,1,0.5513640642166138,0.7301698327064514,0.014514409936964512,0.007999860681593418,0.00975983776152134
001023_jpg.rf.f7de58bb03c2e2a346432baa358b4c3e.jpg,1,0.5476235747337341,0.7317970395088196,0.014215580187737942,0.007739067543298006,0.009407482109963894
001023_jpg.rf.f7de58bb03c2e2a346432baa358b4c3e.jpg,3,0.8071790933609009,0.8083176612854004,0.06506509333848953,0.08795203268527985,0.00514295743778348
001023_jpg.rf.f7de58bb03c2e2a346432baa358b4c3e.jpg,1,0.5588086843490601,0.7265582084655762,0.014187886379659176,0.011998250149190426,0.004400791600346565
001023_jpg.rf.f7de58bb03c2e2a346432baa358b4c3e.jpg,1,0.9961057305335999,0.8163213133811951,0.007553687784820795,0.07166312634944916,0.001936845830641687
001023_jpg.rf.f7de58bb03c2e2a346432baa358b4c3e.jpg,0,0.5469573140144348,0.7335681915283203,0.01513686589896679,0.010035955347120762,0.0018338145455345511
001023_jpg.rf.f7de58bb03c2e2a346432baa358b4c3e.jpg,0,0.5,0.7704769372940063,1.0,0.4590461254119873,0.0013676721137017012
001023_jpg.rf.f7de58bb03c2e2a346432baa358b4c3e.jpg,1,0.48338979482650757,0.734005868434906,0.014525010250508785,0.01703416369855404,0.001279736403375864
001023_jpg.rf.f7de58bb03c2e2a346432baa358b4c3e.jpg,11,0.5463062524795532,0.7705132961273193,0.9023944735527039,0.4134238362312317,0.001279316609725356
001023_jpg.rf.f7de58bb03c2e2a346432baa358b4c3e.jpg,1,0.995159924030304,0.8237037062644958,0.009130991995334625,0.0846870169043541,0.0010895971208810806
001023_jpg.rf.f7de58bb03c2e2a346432baa358b4c3e.jpg,1,0.43881621956825256,0.7532561421394348,0.01491788774728775,0.01142509188503027,0.001063027186319232
001028_jpg.rf.7a77036407cf037c2415b436fde7826b.jpg,3,0.7419150471687317,0.212272509932518,0.12884646654129028,0.16988377273082733,0.8930319547653198
001028_jpg.rf.7a77036407cf037c2415b436fde7826b.jpg,1,0.10095850378274918,0.32524898648262024,0.20191700756549835,0.6504979729652405,0.046599891036748886
001028_jpg.rf.7a77036407cf037c2415b436fde7826b.jpg,0,0.40423205494880676,0.5675508975982666,0.030118687078356743,0.01979941688477993,0.034924350678920746
001028_jpg.rf.7a77036407cf037c2415b436fde7826b.jpg,0,0.4041263163089752,0.5679599642753601,0.033218126744031906,0.026033146306872368,0.025750698521733284
001028_jpg.rf.7a77036407cf037c2415b436fde7826b.jpg,1,0.1431674063205719,0.3211893141269684,0.28631654381752014,0.6418741941452026,0.020229285582900047
001028_jpg.rf.7a77036407cf037c2415b436fde7826b.jpg,1,0.2301681637763977,0.3160161077976227,0.45905032753944397,0.6310016512870789,0.0020944762509316206
001028_jpg.rf.7a77036407cf037c2415b436fde7826b.jpg,1,0.06068446487188339,0.3348180949687958,0.12136892974376678,0.6615723371505737,0.001834072987549007
001028_jpg.rf.7a77036407cf037c2415b436fde7826b.jpg,1,0.10909777879714966,0.49501121044158936,0.21801850199699402,0.9614108800888062,0.0016023216303437948
001028_jpg.rf.7a77036407cf037c2415b436fde7826b.jpg,0,0.4039979577064514,0.5710870027542114,0.03762568160891533,0.039993029087781906,0.001523684011772275
001028_jpg.rf.7a77036407cf037c2415b436fde7826b.jpg,1,0.15979257225990295,0.5015255808830261,0.31957128643989563,0.9771707653999329,0.0012959754094481468
001028_jpg.rf.7a77036407cf037c2415b436fde7826b.jpg,1,0.5557880401611328,0.48970866203308105,0.0283432025462389,0.03220939636230469,0.0010313454549759626
001031_jpg.rf.2b5fd42d6b8a7d445183a468803e57b9.jpg,3,0.5404756665229797,0.34747812151908875,0.20034636557102203,0.2951878309249878,0.9085674285888672
001031_jpg.rf.2b5fd42d6b8a7d445183a468803e57b9.jpg,0,0.7824388742446899,0.8454428315162659,0.02111090160906315,0.013526329770684242,0.025545764714479446
001031_jpg.rf.2b5fd42d6b8a7d445183a468803e57b9.jpg,0,0.7821832895278931,0.8462128639221191,0.023604687303304672,0.017750520259141922,0.014076062478125095
001031_jpg.rf.2b5fd42d6b8a7d445183a468803e57b9.jpg,0,0.7140927314758301,0.779357373714447,0.01143389567732811,0.007798268459737301,0.009729587472975254
001031_jpg.rf.2b5fd42d6b8a7d445183a468803e57b9.jpg,0,0.7789889574050903,0.8764617443084717,0.010770651511847973,0.017315644770860672,0.0030261038336902857
001031_jpg.rf.2b5fd42d6b8a7d445183a468803e57b9.jpg,0,0.9465945959091187,0.9653193950653076,0.008739471435546875,0.010389475151896477,0.0022905028890818357
001035_jpg.rf.8bb44e874531b88eb7bdff9082c78a43.jpg,3,0.6054286956787109,0.44152796268463135,0.406549870967865,0.5516357421875,0.940945565700531
001035_jpg.rf.8bb44e874531b88eb7bdff9082c78a43.jpg,0,0.5448378324508667,0.7096431851387024,0.015122744254767895,0.009084041230380535,0.0031271830666810274
001035_jpg.rf.8bb44e874531b88eb7bdff9082c78a43.jpg,0,0.8467851281166077,0.5164209604263306,0.10233072191476822,0.06956273317337036,0.0030917504336684942
001035_jpg.rf.8bb44e874531b88eb7bdff9082c78a43.jpg,1,0.5052899718284607,0.6671119332313538,0.012642420828342438,0.022934474050998688,0.0017562136054039001
001035_jpg.rf.8bb44e874531b88eb7bdff9082c78a43.jpg,0,0.5458642840385437,0.7089388966560364,0.018857039511203766,0.012081073597073555,0.0017531283665448427
001049_jpg.rf.e527b2a1edfb88b1fbfb9542d33a9a27.jpg,0,0.33147117495536804,0.18808963894844055,0.023896915838122368,0.07983354479074478,0.8685349822044373
001049_jpg.rf.e527b2a1edfb88b1fbfb9542d33a9a27.jpg,0,0.5556797385215759,0.16671395301818848,0.02255590260028839,0.08194857090711594,0.8146809339523315
001049_jpg.rf.e527b2a1edfb88b1fbfb9542d33a9a27.jpg,0,0.9744330644607544,0.27170509099960327,0.01592489518225193,0.05224330723285675,0.6297310590744019
001049_jpg.rf.e527b2a1edfb88b1fbfb9542d33a9a27.jpg,8,0.020695865154266357,0.36344486474990845,0.04093840718269348,0.05599378049373627,0.028956284746527672
001049_jpg.rf.e527b2a1edfb88b1fbfb9542d33a9a27.jpg,0,0.9745728969573975,0.26205673813819885,0.017769521102309227,0.07190565019845963,0.011904922313988209
001049_jpg.rf.e527b2a1edfb88b1fbfb9542d33a9a27.jpg,12,0.012343679554760456,0.657013475894928,0.024687359109520912,0.25820082426071167,0.011298775672912598
001049_jpg.rf.e527b2a1edfb88b1fbfb9542d33a9a27.jpg,0,0.7116539478302002,0.1398305892944336,0.01324191503226757,0.03263304755091667,0.008675046265125275
001049_jpg.rf.e527b2a1edfb88b1fbfb9542d33a9a27.jpg,0,0.5559774041175842,0.17012770473957062,0.016800440847873688,0.07284622639417648,0.006426698993891478
001049_jpg.rf.e527b2a1edfb88b1fbfb9542d33a9a27.jpg,12,0.013129489496350288,0.6790823340415955,0.026258978992700577,0.3517827093601227,0.005575873423367739
001049_jpg.rf.e527b2a1edfb88b1fbfb9542d33a9a27.jpg,5,0.020664259791374207,0.3652012050151825,0.04132851958274841,0.05382068455219269,0.005344538018107414
001049_jpg.rf.e527b2a1edfb88b1fbfb9542d33a9a27.jpg,1,0.9729630947113037,0.25864437222480774,0.02059401012957096,0.0802072212100029,0.004706223029643297
001049_jpg.rf.e527b2a1edfb88b1fbfb9542d33a9a27.jpg,3,0.9955182075500488,0.21502529084682465,0.008560401387512684,0.05858408659696579,0.003508584341034293
001049_jpg.rf.e527b2a1edfb88b1fbfb9542d33a9a27.jpg,0,0.9812927842140198,0.2711026966571808,0.021900177001953125,0.0636337548494339,0.0034842435270547867
001049_jpg.rf.e527b2a1edfb88b1fbfb9542d33a9a27.jpg,0,0.9954797625541687,0.20462623238563538,0.008555485866963863,0.07960779964923859,0.003040123265236616
001049_jpg.rf.e527b2a1edfb88b1fbfb9542d33a9a27.jpg,3,0.9920129179954529,0.22187413275241852,0.015881318598985672,0.1681462526321411,0.0027709512505680323
001049_jpg.rf.e527b2a1edfb88b1fbfb9542d33a9a27.jpg,8,0.9957205057144165,0.21446503698825836,0.008421458303928375,0.05773792043328285,0.0024624024517834187
001049_jpg.rf.e527b2a1edfb88b1fbfb9542d33a9a27.jpg,0,0.0030947793275117874,0.08058233559131622,0.006068767514079809,0.017469406127929688,0.0021482049487531185
001049_jpg.rf.e527b2a1edfb88b1fbfb9542d33a9a27.jpg,0,0.7980687618255615,0.005296762567013502,0.044787850230932236,0.010542782954871655,0.002136053517460823
001049_jpg.rf.e527b2a1edfb88b1fbfb9542d33a9a27.jpg,12,0.0228099524974823,0.6640032529830933,0.0456199049949646,0.45115935802459717,0.0019220382673665881
001049_jpg.rf.e527b2a1edfb88b1fbfb9542d33a9a27.jpg,0,0.9910679459571838,0.20952625572681427,0.01749640330672264,0.08675415813922882,0.0019096777541562915
001049_jpg.rf.e527b2a1edfb88b1fbfb9542d33a9a27.jpg,0,0.1977594494819641,0.22641021013259888,0.027975523844361305,0.04713409021496773,0.0018976967548951507
001049_jpg.rf.e527b2a1edfb88b1fbfb9542d33a9a27.jpg,8,0.9961000680923462,0.25994881987571716,0.007691677194088697,0.04516269639134407,0.0018356982618570328
001049_jpg.rf.e527b2a1edfb88b1fbfb9542d33a9a27.jpg,3,0.9919353723526001,0.22744062542915344,0.015297669917345047,0.10744139552116394,0.0015614599687978625
001049_jpg.rf.e527b2a1edfb88b1fbfb9542d33a9a27.jpg,1,0.6045024991035461,0.004295216407626867,0.01106133870780468,0.007629262283444405,0.0015304858097806573
001049_jpg.rf.e527b2a1edfb88b1fbfb9542d33a9a27.jpg,8,0.010604679584503174,0.6366633176803589,0.021209359169006348,0.27785882353782654,0.0014606480253860354
001049_jpg.rf.e527b2a1edfb88b1fbfb9542d33a9a27.jpg,0,0.9961298704147339,0.18104809522628784,0.0075228032656013966,0.056683219969272614,0.0014030801830813289
001049_jpg.rf.e527b2a1edfb88b1fbfb9542d33a9a27.jpg,0,0.9964755773544312,0.08278192579746246,0.006735214963555336,0.02641569823026657,0.0013511670986190438
001049_jpg.rf.e527b2a1edfb88b1fbfb9542d33a9a27.jpg,0,0.9947792291641235,0.213668093085289,0.00914514996111393,0.05464884266257286,0.0013378615258261561
001049_jpg.rf.e527b2a1edfb88b1fbfb9542d33a9a27.jpg,1,0.7302035093307495,0.18360215425491333,0.017757195979356766,0.05255771055817604,0.0012990785762667656
001049_jpg.rf.e527b2a1edfb88b1fbfb9542d33a9a27.jpg,0,0.726380467414856,0.1516638994216919,0.016884436830878258,0.0606498084962368,0.0012547229416668415
001049_jpg.rf.e527b2a1edfb88b1fbfb9542d33a9a27.jpg,9,0.5121670961380005,0.5641685128211975,0.02493642084300518,0.04775810241699219,0.0012425415916368365
001049_jpg.rf.e527b2a1edfb88b1fbfb9542d33a9a27.jpg,0,0.19846022129058838,0.23303169012069702,0.02279987744987011,0.03301556408405304,0.0011507279705256224
001049_jpg.rf.e527b2a1edfb88b1fbfb9542d33a9a27.jpg,1,0.7308480739593506,0.17419281601905823,0.021122639998793602,0.072166308760643,0.0010248998878523707
001051_jpg.rf.bb8152d7d7c35ed73bfc9239185f9087.jpg,3,0.25128263235092163,0.27247947454452515,0.06882750242948532,0.10263936966657639,0.9300047755241394
001051_jpg.rf.bb8152d7d7c35ed73bfc9239185f9087.jpg,3,0.4712986648082733,0.2679457366466522,0.0725373849272728,0.10105648636817932,0.9140324592590332
001051_jpg.rf.bb8152d7d7c35ed73bfc9239185f9087.jpg,12,0.6930191516876221,0.26346901059150696,0.07102929800748825,0.10288126766681671,0.8682471513748169
001051_jpg.rf.bb8152d7d7c35ed73bfc9239185f9087.jpg,14,0.780762255191803,0.26186445355415344,0.08144187927246094,0.11958056688308716,0.2313222438097
001051_jpg.rf.bb8152d7d7c35ed73bfc9239185f9087.jpg,12,0.7112593054771423,0.2618604302406311,0.11333003640174866,0.10235412418842316,0.06933210045099258
001051_jpg.rf.bb8152d7d7c35ed73bfc9239185f9087.jpg,14,0.34254640340805054,0.2694794535636902,0.07797091454267502,0.10917574167251587,0.004639929626137018
001051_jpg.rf.bb8152d7d7c35ed73bfc9239185f9087.jpg,13,0.6893704533576965,0.2630946934223175,0.066777303814888,0.09767907112836838,0.004629228264093399
001051_jpg.rf.bb8152d7d7c35ed73bfc9239185f9087.jpg,9,0.7802119255065918,0.26820215582847595,0.07804107666015625,0.12818726897239685,0.003047881182283163
001051_jpg.rf.bb8152d7d7c35ed73bfc9239185f9087.jpg,0,0.9851545095443726,0.25015538930892944,0.029560090973973274,0.33846819400787354,0.0023253019899129868
001051_jpg.rf.bb8152d7d7c35ed73bfc9239185f9087.jpg,12,0.6908185482025146,0.22728243470191956,0.19872258603572845,0.2208837866783142,0.0021695801988244057
001051_jpg.rf.bb8152d7d7c35ed73bfc9239185f9087.jpg,12,0.7557677030563354,0.23952923715114594,0.14611735939979553,0.1753879338502884,0.0020784588996320963
001051_jpg.rf.bb8152d7d7c35ed73bfc9239185f9087.jpg,13,0.15862786769866943,0.23952719569206238,0.010802709497511387,0.010736080817878246,0.0019076367607340217
001051_jpg.rf.bb8152d7d7c35ed73bfc9239185f9087.jpg,14,0.560690701007843,0.266275554895401,0.07855679839849472,0.11000576615333557,0.001439913990907371
001051_jpg.rf.bb8152d7d7c35ed73bfc9239185f9087.jpg,12,0.7222753763198853,0.19825862348079681,0.20337927341461182,0.27876707911491394,0.0012316351057961583
001051_jpg.rf.bb8152d7d7c35ed73bfc9239185f9087.jpg,0,0.9784358739852905,0.2412968873977661,0.042255401611328125,0.3916538953781128,0.0011904076673090458
001051_jpg.rf.bb8152d7d7c35ed73bfc9239185f9087.jpg,13,0.12832972407341003,0.23616930842399597,0.012846874073147774,0.015665844082832336,0.0010695216478779912
001057_jpg.rf.0d8f858b7a9c12830691348e2ae306af.jpg,3,0.4028598368167877,0.28648751974105835,0.504791259765625,0.3129032552242279,0.9446805119514465
001057_jpg.rf.0d8f858b7a9c12830691348e2ae306af.jpg,0,0.4940717816352844,0.12393169105052948,0.0103468531742692,0.02492194063961506,0.004956080578267574
001059_jpg.rf.2b325fd15e28d0c622610dea63c2c12f.jpg,3,0.25862041115760803,0.5823103785514832,0.20300708711147308,0.3012641966342926,0.8952634930610657
001066_jpg.rf.c55d7313f5d62858191ae315c7fada73.jpg,1,0.3517037332057953,0.15473619103431702,0.02603989467024803,0.0845731794834137,0.7966647148132324
001066_jpg.rf.c55d7313f5d62858191ae315c7fada73.jpg,1,0.543187141418457,0.1324625462293625,0.0213518887758255,0.0814976915717125,0.674964189529419
001066_jpg.rf.c55d7313f5d62858191ae315c7fada73.jpg,8,0.565693199634552,0.13914421200752258,0.028007252141833305,0.05653686821460724,0.5881988406181335
001066_jpg.rf.c55d7313f5d62858191ae315c7fada73.jpg,7,0.5668822526931763,0.13897211849689484,0.02907056175172329,0.0543522946536541,0.4994191825389862
001066_jpg.rf.c55d7313f5d62858191ae315c7fada73.jpg,1,0.7907141447067261,0.26831284165382385,0.01847582682967186,0.05407966300845146,0.28870928287506104
001066_jpg.rf.c55d7313f5d62858191ae315c7fada73.jpg,1,0.5444426536560059,0.12118428200483322,0.018486537039279938,0.05921414494514465,0.2763120234012604
001066_jpg.rf.c55d7313f5d62858191ae315c7fada73.jpg,8,0.6143356561660767,0.28611648082733154,0.020580768585205078,0.042886991053819656,0.10046856850385666
001066_jpg.rf.c55d7313f5d62858191ae315c7fada73.jpg,0,0.802811861038208,0.03704388067126274,0.03744939714670181,0.07408776134252548,0.021811682730913162
001066_jpg.rf.c55d7313f5d62858191ae315c7fada73.jpg,0,0.8111770749092102,0.2510282099246979,0.028159435838460922,0.08884646743535995,0.013527191244065762
001066_jpg.rf.c55d7313f5d62858191ae315c7fada73.jpg,0,0.8991986513137817,0.7509416937828064,0.01693960465490818,0.01719643548130989,0.011197353713214397
001066_jpg.rf.c55d7313f5d62858191ae315c7fada73.jpg,1,0.8020477890968323,0.03434872254729271,0.03538792207837105,0.06729571521282196,0.010280909016728401
001066_jpg.rf.c55d7313f5d62858191ae315c7fada73.jpg,1,0.5274741053581238,0.0887947753071785,0.05164209008216858,0.177589550614357,0.0073377229273319244
001066_jpg.rf.c55d7313f5d62858191ae315c7fada73.jpg,0,0.5266973972320557,0.08942325413227081,0.05164113640785217,0.17681269347667694,0.007146134506911039
001066_jpg.rf.c55d7313f5d62858191ae315c7fada73.jpg,1,0.024198276922106743,0.3252675235271454,0.01011406909674406,0.02744142897427082,0.006786231882870197
001066_jpg.rf.c55d7313f5d62858191ae315c7fada73.jpg,1,0.8131880760192871,0.2503877580165863,0.02435522899031639,0.08716952055692673,0.0054999422281980515
001066_jpg.rf.c55d7313f5d62858191ae315c7fada73.jpg,0,0.8995238542556763,0.7471909523010254,0.016107046976685524,0.01670023240149021,0.004602126311510801
001066_jpg.rf.c55d7313f5d62858191ae315c7fada73.jpg,1,0.9006714820861816,0.4851124882698059,0.015194306150078773,0.04621858149766922,0.003742551663890481
001066_jpg.rf.c55d7313f5d62858191ae315c7fada73.jpg,0,0.34657612442970276,0.530312180519104,0.008827466517686844,0.0057024224661290646,0.003625760553404689
001066_jpg.rf.c55d7313f5d62858191ae315c7fada73.jpg,0,0.8989371061325073,0.7463874816894531,0.018368281424045563,0.022236384451389313,0.0030580274760723114
001066_jpg.rf.c55d7313f5d62858191ae315c7fada73.jpg,0,0.8992345929145813,0.7550714015960693,0.018800882622599602,0.028987077996134758,0.002976655261591077
001066_jpg.rf.c55d7313f5d62858191ae315c7fada73.jpg,1,0.747025728225708,0.027387753129005432,0.07252297550439835,0.054775506258010864,0.002897578291594982
001066_jpg.rf.c55d7313f5d62858191ae315c7fada73.jpg,7,0.6142166256904602,0.28489091992378235,0.02080000378191471,0.043446727097034454,0.002702128142118454
001066_jpg.rf.c55d7313f5d62858191ae315c7fada73.jpg,1,0.8027558326721191,0.25931817293167114,0.010730377398431301,0.07113169133663177,0.0026810849085450172
001066_jpg.rf.c55d7313f5d62858191ae315c7fada73.jpg,0,0.5232605934143066,0.130458801984787,0.017354892566800117,0.08499429374933243,0.0016307149780914187
001066_jpg.rf.c55d7313f5d62858191ae315c7fada73.jpg,1,0.8512553572654724,0.009403505362570286,0.014113646931946278,0.01813695579767227,0.00149641465395689
001066_jpg.rf.c55d7313f5d62858191ae315c7fada73.jpg,0,0.5412294268608093,0.09045916050672531,0.08007611334323883,0.17928914725780487,0.0014717922313138843
001066_jpg.rf.c55d7313f5d62858191ae315c7fada73.jpg,1,0.8054690957069397,0.2564571499824524,0.02964731492102146,0.0980561152100563,0.0014637113781645894
001066_jpg.rf.c55d7313f5d62858191ae315c7fada73.jpg,0,0.6137349009513855,0.2849605083465576,0.023149602115154266,0.043534647673368454,0.0013506647665053606
001066_jpg.rf.c55d7313f5d62858191ae315c7fada73.jpg,0,0.11859415471553802,0.22561198472976685,0.008336608298122883,0.03788445517420769,0.0012899540597572923
001066_jpg.rf.c55d7313f5d62858191ae315c7fada73.jpg,0,0.9126591682434082,0.46273303031921387,0.1744849979877472,0.839483380317688,0.0011860511731356382
001066_jpg.rf.c55d7313f5d62858191ae315c7fada73.jpg,0,0.8951840996742249,0.7476022243499756,0.02675129845738411,0.022642282769083977,0.0011369776912033558
001066_jpg.rf.c55d7313f5d62858191ae315c7fada73.jpg,0,0.002912698546424508,0.13583120703697205,0.005501219071447849,0.005969020072370768,0.0010845388751477003
001066_jpg.rf.c55d7313f5d62858191ae315c7fada73.jpg,0,0.8970564007759094,0.7514034509658813,0.025257112458348274,0.023667702451348305,0.0010535602923482656
001066_jpg.rf.c55d7313f5d62858191ae315c7fada73.jpg,0,0.02044598013162613,0.5699198842048645,0.006968284025788307,0.00507992971688509,0.0010310722282156348
001068_jpg.rf.371ec28b0d2bbbd16c8a645be41f5a76.jpg,1,0.5527569055557251,0.08887345343828201,0.031004466116428375,0.10160167515277863,0.8118937611579895
001068_jpg.rf.371ec28b0d2bbbd16c8a645be41f5a76.jpg,1,0.2005900740623474,0.10564809292554855,0.03257261961698532,0.11536020785570145,0.7259035110473633
001068_jpg.rf.371ec28b0d2bbbd16c8a645be41f5a76.jpg,0,0.9964404702186584,0.2034684419631958,0.006774389185011387,0.028174346312880516,0.021871136501431465
001068_jpg.rf.371ec28b0d2bbbd16c8a645be41f5a76.jpg,0,0.42761531472206116,0.18932569026947021,0.011883405968546867,0.03027993068099022,0.01698378100991249
001068_jpg.rf.371ec28b0d2bbbd16c8a645be41f5a76.jpg,0,0.56244295835495,0.06905147433280945,0.08369508385658264,0.1381029486656189,0.012422832660377026
001068_jpg.rf.371ec28b0d2bbbd16c8a645be41f5a76.jpg,0,0.9960606098175049,0.21263492107391357,0.00728533836081624,0.045344170182943344,0.010232488624751568
001068_jpg.rf.371ec28b0d2bbbd16c8a645be41f5a76.jpg,1,0.5617507100105286,0.0702083483338356,0.08650538325309753,0.1404166966676712,0.008843641728162766
001068_jpg.rf.371ec28b0d2bbbd16c8a645be41f5a76.jpg,0,0.6496186256408691,0.21458138525485992,0.014116141013801098,0.06326167285442352,0.0051584974862635136
001068_jpg.rf.371ec28b0d2bbbd16c8a645be41f5a76.jpg,0,0.004282592795789242,0.19662243127822876,0.008104776032269001,0.06260894238948822,0.004307429771870375
001068_jpg.rf.371ec28b0d2bbbd16c8a645be41f5a76.jpg,0,0.0031918080057948828,0.11762247234582901,0.006212832406163216,0.030991775915026665,0.0035342115443199873
001068_jpg.rf.371ec28b0d2bbbd16c8a645be41f5a76.jpg,0,0.9955621957778931,0.22969867289066315,0.008467894978821278,0.07751090824604034,0.003394553204998374
001068_jpg.rf.371ec28b0d2bbbd16c8a645be41f5a76.jpg,1,0.11513596028089523,0.48833566904067993,0.04007530212402344,0.03350338712334633,0.003231797832995653
001068_jpg.rf.371ec28b0d2bbbd16c8a645be41f5a76.jpg,0,0.9954268932342529,0.3611449897289276,0.008843202143907547,0.029801443219184875,0.003168863710016012
001068_jpg.rf.371ec28b0d2bbbd16c8a645be41f5a76.jpg,0,0.9964840412139893,0.1918749213218689,0.007032027933746576,0.03433423861861229,0.0028752076905220747
001068_jpg.rf.371ec28b0d2bbbd16c8a645be41f5a76.jpg,9,0.6474684476852417,0.22090910375118256,0.01658337004482746,0.047701653093099594,0.002412800444290042
001068_jpg.rf.371ec28b0d2bbbd16c8a645be41f5a76.jpg,0,0.9958158135414124,0.24656876921653748,0.008194263093173504,0.12241211533546448,0.002089486923068762
001068_jpg.rf.371ec28b0d2bbbd16c8a645be41f5a76.jpg,0,0.9959007501602173,0.25142133235931396,0.007953937165439129,0.08138708025217056,0.0019981556106358767
001068_jpg.rf.371ec28b0d2bbbd16c8a645be41f5a76.jpg,0,0.9957900643348694,0.36574599146842957,0.008187221363186836,0.020534956827759743,0.001680091256275773
001068_jpg.rf.371ec28b0d2bbbd16c8a645be41f5a76.jpg,0,0.9844254851341248,0.8633773326873779,0.03104679472744465,0.07288463413715363,0.001311937696300447
001068_jpg.rf.371ec28b0d2bbbd16c8a645be41f5a76.jpg,8,0.5785585045814514,0.0680139884352684,0.029118318110704422,0.07366367429494858,0.001171796233393252
001068_jpg.rf.371ec28b0d2bbbd16c8a645be41f5a76.jpg,0,0.9957906603813171,0.8676133155822754,0.007856222800910473,0.053091712296009064,0.0010821677278727293
001068_jpg.rf.371ec28b0d2bbbd16c8a645be41f5a76.jpg,0,0.9958469271659851,0.26190024614334106,0.008049745112657547,0.057513680309057236,0.0010379969608038664
001082_jpg.rf.6b7fc1c9648c1a3494a137ffa3664be1.jpg,3,0.7420924305915833,0.21309295296669006,0.1287483125925064,0.17296099662780762,0.8931090235710144
001082_jpg.rf.6b7fc1c9648c1a3494a137ffa3664be1.jpg,1,0.0876331627368927,0.36093389987945557,0.1752663254737854,0.7218677997589111,0.017408767715096474
001082_jpg.rf.6b7fc1c9648c1a3494a137ffa3664be1.jpg,1,0.11265937238931656,0.4171920120716095,0.22531874477863312,0.8341206312179565,0.008332207798957825
001082_jpg.rf.6b7fc1c9648c1a3494a137ffa3664be1.jpg,1,0.1551409214735031,0.33760401606559753,0.3094498813152313,0.6752080321311951,0.004526203032582998
001082_jpg.rf.6b7fc1c9648c1a3494a137ffa3664be1.jpg,1,0.10900401324033737,0.28123798966407776,0.21707580983638763,0.5624759793281555,0.0032698975410312414
001082_jpg.rf.6b7fc1c9648c1a3494a137ffa3664be1.jpg,1,0.08282683789730072,0.243051677942276,0.16532598435878754,0.486103355884552,0.001337081310339272
001082_jpg.rf.6b7fc1c9648c1a3494a137ffa3664be1.jpg,1,0.47233113646507263,0.9004601836204529,0.030910639092326164,0.0222015380859375,0.0011982608120888472
001082_jpg.rf.6b7fc1c9648c1a3494a137ffa3664be1.jpg,0,0.9958860278129578,0.39609962701797485,0.008030084893107414,0.03921959921717644,0.001114441896788776
001089_jpg.rf.004c591c5855cf05e2198a5e21c8ab56.jpg,3,0.507509708404541,0.6771918535232544,0.2513069212436676,0.437552273273468,0.9262415170669556
001089_jpg.rf.004c591c5855cf05e2198a5e21c8ab56.jpg,0,0.8686104416847229,0.8612508177757263,0.05366465076804161,0.05263504758477211,0.00583489378914237
001089_jpg.rf.004c591c5855cf05e2198a5e21c8ab56.jpg,1,0.8697453141212463,0.8618025183677673,0.05660944804549217,0.05480979382991791,0.0020706364884972572
001089_jpg.rf.004c591c5855cf05e2198a5e21c8ab56.jpg,0,0.917635977268219,0.830591082572937,0.16036708652973175,0.11892788857221603,0.0010570563608780503
001089_jpg.rf.004c591c5855cf05e2198a5e21c8ab56.jpg,9,0.5018264651298523,0.9553287029266357,0.02700570970773697,0.08877461403608322,0.0010419695172458887
001089_jpg.rf.004c591c5855cf05e2198a5e21c8ab56.jpg,0,0.1337895393371582,0.23152147233486176,0.042748719453811646,0.033913008868694305,0.0010299963178113103
001097_jpg.rf.76b13f1ce839d7102e9a683f6959a3e6.jpg,3,0.39309728145599365,0.4527323246002197,0.6552130579948425,0.8112844824790955,0.9360849261283875
001097_jpg.rf.76b13f1ce839d7102e9a683f6959a3e6.jpg,9,0.7396293878555298,0.8551265001296997,0.020073670893907547,0.03563866391777992,0.0021300145890563726
001097_jpg.rf.76b13f1ce839d7102e9a683f6959a3e6.jpg,9,0.17604666948318481,0.7225538492202759,0.01924094930291176,0.03351057693362236,0.001508586574345827
001097_jpg.rf.76b13f1ce839d7102e9a683f6959a3e6.jpg,1,0.17068107426166534,0.7183402180671692,0.028518550097942352,0.036156803369522095,0.0010744357714429498
001097_jpg.rf.76b13f1ce839d7102e9a683f6959a3e6.jpg,5,0.2922814190387726,0.442081481218338,0.42463773488998413,0.8186585903167725,0.00104711321182549
001214_jpg.rf.85dbeddc5609d79293b1f979131a9f35.jpg,4,0.47894105315208435,0.36274823546409607,0.5270696878433228,0.36118924617767334,0.9296403527259827
001214_jpg.rf.85dbeddc5609d79293b1f979131a9f35.jpg,1,0.662307858467102,0.5052545666694641,0.6753844022750854,0.9894909858703613,0.04649887979030609
001214_jpg.rf.85dbeddc5609d79293b1f979131a9f35.jpg,0,0.8025587797164917,0.7808025479316711,0.02871696837246418,0.02143882028758526,0.005187985021620989
001214_jpg.rf.85dbeddc5609d79293b1f979131a9f35.jpg,14,0.5795740485191345,0.4773234724998474,0.8408520221710205,0.9487367868423462,0.005133962258696556
001214_jpg.rf.85dbeddc5609d79293b1f979131a9f35.jpg,0,0.40937304496765137,0.8605006337165833,0.011213302612304688,0.006898220162838697,0.0037903697229921818
001223_jpg.rf.cd973e1db0f78ec16c70d7af43fc4511.jpg,4,0.33164605498313904,0.5313577055931091,0.31250420212745667,0.41428959369659424,0.9521570205688477
001223_jpg.rf.cd973e1db0f78ec16c70d7af43fc4511.jpg,0,0.16298958659172058,0.914486825466156,0.010630552656948566,0.008869905024766922,0.011237501166760921
001223_jpg.rf.cd973e1db0f78ec16c70d7af43fc4511.jpg,11,0.4989432394504547,0.5,0.9974687695503235,1.0,0.004296637140214443
001223_jpg.rf.cd973e1db0f78ec16c70d7af43fc4511.jpg,1,0.15100784599781036,0.7833278775215149,0.008950995281338692,0.01208884920924902,0.002435533329844475
001223_jpg.rf.cd973e1db0f78ec16c70d7af43fc4511.jpg,0,0.16282176971435547,0.9132545590400696,0.014198175631463528,0.012357345782220364,0.0021305843256413937
001223_jpg.rf.cd973e1db0f78ec16c70d7af43fc4511.jpg,1,0.15085351467132568,0.8444041013717651,0.012418894097208977,0.03489413857460022,0.0019570260774344206
001228_jpg.rf.f4f7bc0b74a46e26c75aed78c39b41e5.jpg,4,0.3127908706665039,0.2819973826408386,0.2569964826107025,0.42374521493911743,0.9307000637054443
001228_jpg.rf.f4f7bc0b74a46e26c75aed78c39b41e5.jpg,1,0.7369933724403381,0.4503686726093292,0.5260132551193237,0.8773757219314575,0.0012419370468705893
001229_jpg.rf.3174ec6dbfe9e8ee6ab16906d969ae8d.jpg,4,0.3319002389907837,0.5329227447509766,0.3094383180141449,0.411569207906723,0.9460815191268921
001229_jpg.rf.3174ec6dbfe9e8ee6ab16906d969ae8d.jpg,1,0.1518426388502121,0.7829956412315369,0.007653309963643551,0.011538579128682613,0.0032476780470460653
001229_jpg.rf.3174ec6dbfe9e8ee6ab16906d969ae8d.jpg,1,0.15068452060222626,0.7836336493492126,0.0072531430050730705,0.010277454741299152,0.0021298443898558617
001229_jpg.rf.3174ec6dbfe9e8ee6ab16906d969ae8d.jpg,11,0.4989219307899475,0.5,0.997843861579895,1.0,0.002064705593511462
001229_jpg.rf.3174ec6dbfe9e8ee6ab16906d969ae8d.jpg,1,0.1507192850112915,0.8436911702156067,0.010769468732178211,0.032078817486763,0.0014633823884651065
001247_jpg.rf.986fd924de123c95a8e6bbcc765d4c10.jpg,4,0.2908796966075897,0.4725826382637024,0.5325234532356262,0.9310909509658813,0.8934524655342102
001247_jpg.rf.986fd924de123c95a8e6bbcc765d4c10.jpg,5,0.5100727081298828,0.49960145354270935,0.9535899758338928,0.9973240494728088,0.002634616568684578
001247_jpg.rf.986fd924de123c95a8e6bbcc765d4c10.jpg,11,0.5158413052558899,0.4953966736793518,0.95891273021698,0.9896283745765686,0.0016236240044236183
001247_jpg.rf.986fd924de123c95a8e6bbcc765d4c10.jpg,14,0.5,0.5,1.0,1.0,0.0014831771841272712
001247_jpg.rf.986fd924de123c95a8e6bbcc765d4c10.jpg,1,0.49723273515701294,0.7475286722183228,0.017965061590075493,0.04257979989051819,0.0011069203028455377
001250_jpg.rf.157a04c81cbb47009538b4880d0004c9.jpg,4,0.489200621843338,0.46251797676086426,0.4531994163990021,0.6398603320121765,0.8800178170204163
001250_jpg.rf.157a04c81cbb47009538b4880d0004c9.jpg,1,0.6390105485916138,0.5,0.7219789624214172,1.0,0.0048064072616398335
001256_jpg.rf.204fbb92b5dc59d697bf04b2682485e2.jpg,4,0.5655798316001892,0.37705546617507935,0.31522366404533386,0.40316540002822876,0.9417259097099304
001256_jpg.rf.204fbb92b5dc59d697bf04b2682485e2.jpg,13,0.8044793605804443,0.6641753315925598,0.01940433867275715,0.028857672587037086,0.002118804259225726
001256_jpg.rf.204fbb92b5dc59d697bf04b2682485e2.jpg,11,0.5906734466552734,0.3322865068912506,0.8161181211471558,0.6645730137825012,0.001055797329172492
001259_jpg.rf.b55c7e7dacc1e607f8e69b2a5cc36568.jpg,4,0.5342658162117004,0.5156486630439758,0.3621334135532379,0.523708701133728,0.9263339638710022
001261_jpg.rf.7b5bf5841b26d8966d6081fbc704dbf7.jpg,4,0.47195613384246826,0.2759724259376526,0.13990230858325958,0.103251151740551,0.5499926805496216
001261_jpg.rf.7b5bf5841b26d8966d6081fbc704dbf7.jpg,11,0.4735516905784607,0.2754833400249481,0.13326072692871094,0.10164983570575714,0.4437710642814636
001261_jpg.rf.7b5bf5841b26d8966d6081fbc704dbf7.jpg,5,0.47330164909362793,0.2759391665458679,0.13896091282367706,0.10297860205173492,0.008563620038330555
001261_jpg.rf.7b5bf5841b26d8966d6081fbc704dbf7.jpg,10,0.47357043623924255,0.27629026770591736,0.13889305293560028,0.10350669920444489,0.007739356253296137
001261_jpg.rf.7b5bf5841b26d8966d6081fbc704dbf7.jpg,1,0.7555785775184631,0.23845095932483673,0.02086881548166275,0.018350088968873024,0.0017516977386549115
001261_jpg.rf.7b5bf5841b26d8966d6081fbc704dbf7.jpg,11,0.520737886428833,0.37731683254241943,0.9585242867469788,0.7506333589553833,0.001262834994122386
001261_jpg.rf.7b5bf5841b26d8966d6081fbc704dbf7.jpg,0,0.8114715218544006,0.9780046343803406,0.007761661894619465,0.006226906552910805,0.0012265426339581609
001261_jpg.rf.7b5bf5841b26d8966d6081fbc704dbf7.jpg,13,0.46925896406173706,0.2755357027053833,0.13784408569335938,0.1030210554599762,0.0011296269949525595
001261_jpg.rf.7b5bf5841b26d8966d6081fbc704dbf7.jpg,1,0.76166832447052,0.2383956015110016,0.019062776118516922,0.017404887825250626,0.001128228846937418
001261_jpg.rf.7b5bf5841b26d8966d6081fbc704dbf7.jpg,1,0.7221482396125793,0.5,0.5557035803794861,1.0,0.0010033058933913708
001277_jpg.rf.03beffa81aa901c8462dfe1681a202f4.jpg,4,0.43893858790397644,0.22331352531909943,0.09503459930419922,0.12926122546195984,0.8033470511436462
001277_jpg.rf.03beffa81aa901c8462dfe1681a202f4.jpg,13,0.440978080034256,0.22063587605953217,0.09739138931035995,0.13474400341510773,0.014763135462999344
001277_jpg.rf.03beffa81aa901c8462dfe1681a202f4.jpg,10,0.43752753734588623,0.22642353177070618,0.09991994500160217,0.13665494322776794,0.007466624025255442
001277_jpg.rf.03beffa81aa901c8462dfe1681a202f4.jpg,0,0.7906088829040527,0.4668824374675751,0.016632813960313797,0.018755877390503883,0.0033384012058377266
001277_jpg.rf.03beffa81aa901c8462dfe1681a202f4.jpg,11,0.44089579582214355,0.22441962361335754,0.09898839145898819,0.13795265555381775,0.0014506563311442733
001277_jpg.rf.03beffa81aa901c8462dfe1681a202f4.jpg,0,0.7337002754211426,0.7557885646820068,0.027155950665473938,0.019586710259318352,0.0010172374313697219
001281_jpg.rf.b8a22407e4c52a0704d45a8b32965f9b.jpg,4,0.5076414942741394,0.5015710592269897,0.7675889134407043,0.9426769018173218,0.8819482326507568
001281_jpg.rf.b8a22407e4c52a0704d45a8b32965f9b.jpg,4,0.33695292472839355,0.49224936962127686,0.4193914532661438,0.9366897344589233,0.0029333028942346573
001289_jpg.rf.2b57939adb36b165f0eef0a3de68e1ec.jpg,4,0.5056401491165161,0.4320800006389618,0.41172072291374207,0.28576451539993286,0.9144575595855713
001290_jpg.rf.d3a396f3ea066c80a6e76a48dcf798a2.jpg,4,0.4799789488315582,0.1916583776473999,0.28473132848739624,0.19942474365234375,0.9442119002342224
001290_jpg.rf.d3a396f3ea066c80a6e76a48dcf798a2.jpg,0,0.37975624203681946,0.698101818561554,0.02804778330028057,0.021993858739733696,0.008775138296186924
001290_jpg.rf.d3a396f3ea066c80a6e76a48dcf798a2.jpg,0,0.3807585537433624,0.6982627511024475,0.03260355815291405,0.027596034109592438,0.0026473032776266336
001290_jpg.rf.d3a396f3ea066c80a6e76a48dcf798a2.jpg,6,0.5,0.665493905544281,1.0,0.6690122485160828,0.0011713376734405756
001291_jpg.rf.c0ea8c600fa9219527f23947a8f0e7ec.jpg,4,0.3132801949977875,0.2970574200153351,0.2457403838634491,0.3379778563976288,0.9315049052238464
001291_jpg.rf.c0ea8c600fa9219527f23947a8f0e7ec.jpg,0,0.9055211544036865,0.12671828269958496,0.02381082810461521,0.014546743594110012,0.0012767014559358358
001291_jpg.rf.c0ea8c600fa9219527f23947a8f0e7ec.jpg,0,0.9080994129180908,0.12620662152767181,0.03035992942750454,0.016408801078796387,0.0011949759209528565
001295_jpg.rf.449090465a44f9f98a47e1141f3a8f38.jpg,4,0.53375643491745,0.5176593065261841,0.3546452522277832,0.5291475653648376,0.9250167608261108
001295_jpg.rf.449090465a44f9f98a47e1141f3a8f38.jpg,14,0.5,0.6240874528884888,1.0,0.7518252730369568,0.0029656628612428904
001407_jpg.rf.70ca057de423bef18930dd5f47b975d7.jpg,5,0.22397588193416595,0.20811936259269714,0.23499394953250885,0.3512979745864868,0.9413384795188904
001407_jpg.rf.70ca057de423bef18930dd5f47b975d7.jpg,1,0.05512165278196335,0.48525598645210266,0.010672267526388168,0.023735303431749344,0.005405484698712826
001407_jpg.rf.70ca057de423bef18930dd5f47b975d7.jpg,1,0.06192556396126747,0.8969048857688904,0.034594327211380005,0.04749958589673042,0.002519437577575445
001407_jpg.rf.70ca057de423bef18930dd5f47b975d7.jpg,0,0.6390979886054993,0.4285944700241089,0.030307991430163383,0.024158919230103493,0.002173625398427248
001407_jpg.rf.70ca057de423bef18930dd5f47b975d7.jpg,0,0.5763393044471741,0.385765016078949,0.010215026326477528,0.008111843839287758,0.0021371401380747557
001407_jpg.rf.70ca057de423bef18930dd5f47b975d7.jpg,1,0.43244460225105286,0.8174110054969788,0.014141890220344067,0.03783871605992317,0.002083725295960903
001407_jpg.rf.70ca057de423bef18930dd5f47b975d7.jpg,0,0.5482857823371887,0.5940881967544556,0.032529316842556,0.021011609584093094,0.0019402437610551715
001407_jpg.rf.70ca057de423bef18930dd5f47b975d7.jpg,9,0.5199259519577026,0.6544795632362366,0.02505570277571678,0.07276689261198044,0.0013829764211550355
001407_jpg.rf.70ca057de423bef18930dd5f47b975d7.jpg,1,0.06264432519674301,0.9048711061477661,0.03331100568175316,0.03398161754012108,0.0012499724980443716
001407_jpg.rf.70ca057de423bef18930dd5f47b975d7.jpg,1,0.06060522049665451,0.8915894031524658,0.030230101197957993,0.038493599742650986,0.0011452999897301197
001407_jpg.rf.70ca057de423bef18930dd5f47b975d7.jpg,0,0.3320903182029724,0.7448927164077759,0.0342242531478405,0.03089853562414646,0.001119302469305694
001407_jpg.rf.70ca057de423bef18930dd5f47b975d7.jpg,0,0.33179113268852234,0.7431216835975647,0.029671670868992805,0.024111822247505188,0.0010990587761625648
001407_jpg.rf.70ca057de423bef18930dd5f47b975d7.jpg,1,0.06300583481788635,0.9153024554252625,0.036846328526735306,0.029766596853733063,0.0010258820839226246
001409_jpg.rf.03a314500608050ad90ed1c849fb18db.jpg,5,0.6377273201942444,0.46297451853752136,0.08768933266401291,0.12694938480854034,0.8635736703872681
001409_jpg.rf.03a314500608050ad90ed1c849fb18db.jpg,10,0.3121200203895569,0.5041778683662415,0.04084339737892151,0.05015498027205467,0.0305052250623703
001409_jpg.rf.03a314500608050ad90ed1c849fb18db.jpg,9,0.3122922480106354,0.5032721757888794,0.04229674115777016,0.05314130336046219,0.025165468454360962
001409_jpg.rf.03a314500608050ad90ed1c849fb18db.jpg,13,0.3135976791381836,0.5036749839782715,0.04116198047995567,0.05369887128472328,0.010266169905662537
001427_jpg.rf.fe832db13f19311c2eda0b6e83878ec5.jpg,5,0.5026666522026062,0.5017008781433105,0.9743119478225708,0.9965983629226685,0.9503623247146606
001432_jpg.rf.5d8fff00f092a9bcb15a018a3edb186b.jpg,5,0.7223510146141052,0.4683615565299988,0.14514277875423431,0.23044410347938538,0.9314149618148804
001436_jpg.rf.cc8f571352da66682260166ac2086168.jpg,5,0.6964954733848572,0.4528334140777588,0.42016589641571045,0.6340296864509583,0.9357874989509583
001436_jpg.rf.cc8f571352da66682260166ac2086168.jpg,1,0.3823181688785553,0.4288178086280823,0.7643712162971497,0.8576356172561646,0.003411183599382639
001436_jpg.rf.cc8f571352da66682260166ac2086168.jpg,0,0.9966431260108948,0.7525615692138672,0.006713867653161287,0.030132295563817024,0.003040697192773223
001436_jpg.rf.cc8f571352da66682260166ac2086168.jpg,1,0.4171043634414673,0.12399842590093613,0.031776320189237595,0.03263480216264725,0.002222771290689707
001436_jpg.rf.cc8f571352da66682260166ac2086168.jpg,5,0.3387139141559601,0.44508859515190125,0.6774278283119202,0.8839755058288574,0.0016223220154643059
001436_jpg.rf.cc8f571352da66682260166ac2086168.jpg,0,0.055201347917318344,0.9442576169967651,0.04450748860836029,0.07938950508832932,0.001262523583136499
001449_jpg.rf.4b8f2718b90c8c6cf89ccf753d5b575a.jpg,5,0.8784031271934509,0.23514673113822937,0.2431938499212265,0.3569534420967102,0.9419994950294495
001449_jpg.rf.4b8f2718b90c8c6cf89ccf753d5b575a.jpg,4,0.3227877616882324,0.7066895961761475,0.40713244676589966,0.5866209268569946,0.708808183670044
001449_jpg.rf.4b8f2718b90c8c6cf89ccf753d5b575a.jpg,8,0.3271200954914093,0.7050108313560486,0.4056967794895172,0.5818873047828674,0.5361310243606567
001449_jpg.rf.4b8f2718b90c8c6cf89ccf753d5b575a.jpg,14,0.5192075967788696,0.291644811630249,0.07693786174058914,0.14969594776630402,0.05747513845562935
001449_jpg.rf.4b8f2718b90c8c6cf89ccf753d5b575a.jpg,1,0.2031051218509674,0.4420316815376282,0.04653974995017052,0.045177314430475235,0.003905407851561904
001449_jpg.rf.4b8f2718b90c8c6cf89ccf753d5b575a.jpg,1,0.4838993549346924,0.689746081829071,0.07210992276668549,0.1755930483341217,0.0033509312197566032
001449_jpg.rf.4b8f2718b90c8c6cf89ccf753d5b575a.jpg,1,0.19291506707668304,0.4370104968547821,0.02246926538646221,0.03209726884961128,0.0026721975300461054
001449_jpg.rf.4b8f2718b90c8c6cf89ccf753d5b575a.jpg,1,0.332621306180954,0.9873968362808228,0.01146958488970995,0.01820872537791729,0.0024678269401192665
001449_jpg.rf.4b8f2718b90c8c6cf89ccf753d5b575a.jpg,1,0.3989822566509247,0.2240552455186844,0.7979645133018494,0.4476594626903534,0.0020466051064431667
001449_jpg.rf.4b8f2718b90c8c6cf89ccf753d5b575a.jpg,1,0.18969470262527466,0.43177342414855957,0.016678297892212868,0.02244039811193943,0.0010927566327154636
001449_jpg.rf.4b8f2718b90c8c6cf89ccf753d5b575a.jpg,1,0.21704496443271637,0.4396664798259735,0.07512250542640686,0.043192166835069656,0.001048870850354433
001462_jpg.rf.590c8b4c74096f768de4433951995545.jpg,5,0.7280139923095703,0.48871663212776184,0.5439720153808594,0.9689851403236389,0.9271835684776306
001462_jpg.rf.590c8b4c74096f768de4433951995545.jpg,12,0.9858011603355408,0.48331281542778015,0.028103388845920563,0.4222927987575531,0.0023095400538295507
001465_jpg.rf.82e271056e453a4f123033b7db486d63.jpg,5,0.4768240451812744,0.32825255393981934,0.6259490251541138,0.6534901857376099,0.953824520111084
001465_jpg.rf.82e271056e453a4f123033b7db486d63.jpg,5,0.2735118269920349,0.789947509765625,0.1805865317583084,0.27732086181640625,0.9263014197349548
001465_jpg.rf.82e271056e453a4f123033b7db486d63.jpg,5,0.8779286742210388,0.6804468631744385,0.24186113476753235,0.31408563256263733,0.92573481798172
001465_jpg.rf.82e271056e453a4f123033b7db486d63.jpg,5,0.7901517748832703,0.8831400275230408,0.09134190529584885,0.13423605263233185,0.8705093860626221
001465_jpg.rf.82e271056e453a4f123033b7db486d63.jpg,5,0.5914557576179504,0.8868264555931091,0.09550131857395172,0.14648225903511047,0.8084636926651001
001465_jpg.rf.82e271056e453a4f123033b7db486d63.jpg,5,0.33386942744255066,0.9068059325218201,0.08910295367240906,0.1369873285293579,0.5726152062416077
001465_jpg.rf.82e271056e453a4f123033b7db486d63.jpg,4,0.33426007628440857,0.9106895923614502,0.08738607913255692,0.12964212894439697,0.15239419043064117
001465_jpg.rf.82e271056e453a4f123033b7db486d63.jpg,7,0.3327803313732147,0.9199154376983643,0.08434132486581802,0.10495149344205856,0.06876716017723083
001465_jpg.rf.82e271056e453a4f123033b7db486d63.jpg,5,0.5307574272155762,0.9233765602111816,0.06287076324224472,0.11656966805458069,0.05361982062458992
001465_jpg.rf.82e271056e453a4f123033b7db486d63.jpg,8,0.33281034231185913,0.9088960886001587,0.08663724362850189,0.1353227198123932,0.017775235697627068
001465_jpg.rf.82e271056e453a4f123033b7db486d63.jpg,13,0.591530978679657,0.8856860995292664,0.0979791060090065,0.14816828072071075,0.00440322607755661
001472_jpg.rf.38654b39e5bc13159c16952df2ba2dc0.jpg,5,0.7090529203414917,0.453936368227005,0.39674997329711914,0.7290670275688171,0.9366552829742432
001477_jpg.rf.170667884b322b9985bcd6a054a0d6be.jpg,5,0.5041052103042603,0.47915416955947876,0.5353260636329651,0.9084678292274475,0.9172703623771667
001477_jpg.rf.170667884b322b9985bcd6a054a0d6be.jpg,5,0.5083975791931152,0.3465014696121216,0.5275840163230896,0.6145636439323425,0.003897804068401456
001478_jpg.rf.b4a8c8adb59b1bfeb056f275a7e9c785.jpg,5,0.4203200042247772,0.3007872998714447,0.7445592284202576,0.4954749345779419,0.9229092001914978
001478_jpg.rf.b4a8c8adb59b1bfeb056f275a7e9c785.jpg,1,0.3887513279914856,0.13127270340919495,0.007175702601671219,0.00550458999350667,0.002433262299746275
001479_jpg.rf.61b4e3eab9b3daa20c770dafec663c97.jpg,5,0.5030268430709839,0.46094635128974915,0.5997424721717834,0.7846051454544067,0.9430447816848755
001479_jpg.rf.61b4e3eab9b3daa20c770dafec663c97.jpg,1,0.4189636707305908,0.2634839415550232,0.01136137917637825,0.014754845760762691,0.007413884159177542
001479_jpg.rf.61b4e3eab9b3daa20c770dafec663c97.jpg,0,0.51172935962677,0.061203911900520325,0.06539124995470047,0.035708002746105194,0.004503345116972923
001479_jpg.rf.61b4e3eab9b3daa20c770dafec663c97.jpg,1,0.41214194893836975,0.2603285312652588,0.010759097523987293,0.015696343034505844,0.004125893581658602
001479_jpg.rf.61b4e3eab9b3daa20c770dafec663c97.jpg,1,0.41420528292655945,0.2633986473083496,0.010794603265821934,0.015978483483195305,0.0036434379871934652
001479_jpg.rf.61b4e3eab9b3daa20c770dafec663c97.jpg,1,0.4138161838054657,0.26414474844932556,0.011995059438049793,0.020960606634616852,0.0018015295499935746
001479_jpg.rf.61b4e3eab9b3daa20c770dafec663c97.jpg,1,0.41714492440223694,0.2680380344390869,0.013274670578539371,0.012762014754116535,0.0011588454945012927
001482_jpg.rf.c040f508e60b3a870f5f5fc8b9b017d2.jpg,5,0.5110571980476379,0.34260743856430054,0.3525966703891754,0.6295906901359558,0.9375817775726318
001482_jpg.rf.c040f508e60b3a870f5f5fc8b9b017d2.jpg,1,0.9786786437034607,0.6936113238334656,0.042606133967638016,0.06979472935199738,0.004768596030771732
001484_jpg.rf.6b44f8da037b210cdbe0663683d7274e.jpg,5,0.24264545738697052,0.45244431495666504,0.44984525442123413,0.8020875453948975,0.9339226484298706
001484_jpg.rf.6b44f8da037b210cdbe0663683d7274e.jpg,12,0.06252428889274597,0.4623682498931885,0.07435077428817749,0.5828985571861267,0.005566820036619902
001494_jpg.rf.4db0ef3199baad5258c353573bffed4a.jpg,5,0.6173095703125,0.21933713555335999,0.523835301399231,0.3616197407245636,0.9436783790588379
001603_JPG_jpg.rf.d7ff42753708b2cd74195e8e463d3e2c.jpg,1,0.4807857275009155,0.12966673076152802,0.3805897831916809,0.12735110521316528,0.8447410464286804
001603_JPG_jpg.rf.d7ff42753708b2cd74195e8e463d3e2c.jpg,0,0.5095852613449097,0.1325853317975998,0.3180112838745117,0.12218688428401947,0.1672561913728714
001603_JPG_jpg.rf.d7ff42753708b2cd74195e8e463d3e2c.jpg,1,0.7144260406494141,0.8672059178352356,0.03861948475241661,0.03147125244140625,0.06264732033014297
001603_JPG_jpg.rf.d7ff42753708b2cd74195e8e463d3e2c.jpg,1,0.41681107878685,0.13076527416706085,0.2554430365562439,0.12553317844867706,0.02623189054429531
001603_JPG_jpg.rf.d7ff42753708b2cd74195e8e463d3e2c.jpg,3,0.3954995274543762,0.6241562962532043,0.038811977952718735,0.045559920370578766,0.009047800675034523
001603_JPG_jpg.rf.d7ff42753708b2cd74195e8e463d3e2c.jpg,1,0.7108760476112366,0.8712769150733948,0.03494314104318619,0.0395171120762825,0.008585716597735882
001603_JPG_jpg.rf.d7ff42753708b2cd74195e8e463d3e2c.jpg,1,0.19678479433059692,0.9657577276229858,0.030090773478150368,0.06789860874414444,0.0069449227303266525
001603_JPG_jpg.rf.d7ff42753708b2cd74195e8e463d3e2c.jpg,1,0.47563591599464417,0.9114810228347778,0.036780908703804016,0.02696477621793747,0.006126543041318655
001603_JPG_jpg.rf.d7ff42753708b2cd74195e8e463d3e2c.jpg,0,0.7170428037643433,0.4917983412742615,0.04531838372349739,0.037023141980171204,0.004542500711977482
001603_JPG_jpg.rf.d7ff42753708b2cd74195e8e463d3e2c.jpg,9,0.39535847306251526,0.6242662072181702,0.03987822309136391,0.045112356543540955,0.004387186840176582
001603_JPG_jpg.rf.d7ff42753708b2cd74195e8e463d3e2c.jpg,1,0.3285681903362274,0.1358308494091034,0.08511930704116821,0.0982464849948883,0.004348193760961294
001603_JPG_jpg.rf.d7ff42753708b2cd74195e8e463d3e2c.jpg,0,0.8279648423194885,0.968300461769104,0.0971638634800911,0.06266278773546219,0.0042283739894628525
001603_JPG_jpg.rf.d7ff42753708b2cd74195e8e463d3e2c.jpg,1,0.4712376296520233,0.9139646887779236,0.02679557166993618,0.029491204768419266,0.003265204606577754
001603_JPG_jpg.rf.d7ff42753708b2cd74195e8e463d3e2c.jpg,1,0.7076433897018433,0.8673378229141235,0.037029121071100235,0.03670942038297653,0.0027163205668330193
001603_JPG_jpg.rf.d7ff42753708b2cd74195e8e463d3e2c.jpg,1,0.7026872634887695,0.8715211153030396,0.03529049828648567,0.03819847106933594,0.0021763925906270742
001603_JPG_jpg.rf.d7ff42753708b2cd74195e8e463d3e2c.jpg,1,0.7089080214500427,0.8662570118904114,0.03190026059746742,0.02979021891951561,0.0019950277637690306
001603_JPG_jpg.rf.d7ff42753708b2cd74195e8e463d3e2c.jpg,1,0.6760531663894653,0.8153164386749268,0.034686751663684845,0.03191860020160675,0.0018056483240798116
001603_JPG_jpg.rf.d7ff42753708b2cd74195e8e463d3e2c.jpg,1,0.672654390335083,0.8505052924156189,0.02485363371670246,0.023729398846626282,0.001735890400595963
001603_JPG_jpg.rf.d7ff42753708b2cd74195e8e463d3e2c.jpg,1,0.7142718434333801,0.8737034201622009,0.04289458692073822,0.04850490391254425,0.0015106839127838612
001603_JPG_jpg.rf.d7ff42753708b2cd74195e8e463d3e2c.jpg,1,0.6746488213539124,0.846936047077179,0.025181258097290993,0.028711099177598953,0.001453877193853259
001603_JPG_jpg.rf.d7ff42753708b2cd74195e8e463d3e2c.jpg,1,0.47072580456733704,0.9164486527442932,0.03170662745833397,0.04006730765104294,0.0011155859101563692
001603_JPG_jpg.rf.d7ff42753708b2cd74195e8e463d3e2c.jpg,1,0.48318320512771606,0.12731806933879852,0.2702246308326721,0.11177686601877213,0.0010450971312820911
001606_JPG_jpg.rf.acbfc805c9e8ea9791185014645390c2.jpg,1,0.11835291981697083,0.5080786943435669,0.07755333185195923,0.04361648112535477,0.9083045125007629
001606_JPG_jpg.rf.acbfc805c9e8ea9791185014645390c2.jpg,1,0.6757842302322388,0.15103384852409363,0.182662233710289,0.08919975906610489,0.8864859938621521
001606_JPG_jpg.rf.acbfc805c9e8ea9791185014645390c2.jpg,1,0.3373173177242279,0.9643293619155884,0.13947737216949463,0.07134122401475906,0.047169558703899384
001606_JPG_jpg.rf.acbfc805c9e8ea9791185014645390c2.jpg,0,0.15183113515377045,0.9766614437103271,0.13947372138500214,0.046677298843860626,0.0060796309262514114
001606_JPG_jpg.rf.acbfc805c9e8ea9791185014645390c2.jpg,0,0.9809221625328064,0.32852232456207275,0.0375598780810833,0.04110274091362953,0.004879395943135023
001606_JPG_jpg.rf.acbfc805c9e8ea9791185014645390c2.jpg,1,0.09751948714256287,0.5334571003913879,0.043434131890535355,0.09048058837652206,0.004689634777605534
001606_JPG_jpg.rf.acbfc805c9e8ea9791185014645390c2.jpg,0,0.15208905935287476,0.9818171262741089,0.16500155627727509,0.03623749688267708,0.0034083963837474585
001606_JPG_jpg.rf.acbfc805c9e8ea9791185014645390c2.jpg,0,0.9871363639831543,0.030369248241186142,0.024976585060358047,0.05995503440499306,0.002758385380730033
001606_JPG_jpg.rf.acbfc805c9e8ea9791185014645390c2.jpg,0,0.1960492581129074,0.9791882038116455,0.23783749341964722,0.0416235588490963,0.0017006316920742393
001606_JPG_jpg.rf.acbfc805c9e8ea9791185014645390c2.jpg,1,0.10615755617618561,0.5327514410018921,0.057075135409832,0.08701148629188538,0.0015342910774052143
001606_JPG_jpg.rf.acbfc805c9e8ea9791185014645390c2.jpg,1,0.306091845035553,0.9838194251060486,0.054828792810440063,0.031874656677246094,0.0015229609562084079
001606_JPG_jpg.rf.acbfc805c9e8ea9791185014645390c2.jpg,1,0.3233603835105896,0.9847545027732849,0.08980204910039902,0.030491022393107414,0.0014804446836933494
001607_JPG_jpg.rf.a6dcbc5ecd7c2ef807a4bce512a054a0.jpg,1,0.3839438259601593,0.15070994198322296,0.10210888832807541,0.060219455510377884,0.9087899923324585
001607_JPG_jpg.rf.a6dcbc5ecd7c2ef807a4bce512a054a0.jpg,1,0.4358692467212677,0.5395724177360535,0.03650474548339844,0.02337745577096939,0.010444303043186665
001607_JPG_jpg.rf.a6dcbc5ecd7c2ef807a4bce512a054a0.jpg,1,0.4342697858810425,0.5387487411499023,0.041968751698732376,0.029445795342326164,0.0020068855956196785
001607_JPG_jpg.rf.a6dcbc5ecd7c2ef807a4bce512a054a0.jpg,0,0.994499146938324,0.1667480170726776,0.010466355830430984,0.0315341055393219,0.00195582234300673
001607_JPG_jpg.rf.a6dcbc5ecd7c2ef807a4bce512a054a0.jpg,0,0.547919750213623,0.3610581159591675,0.03691937401890755,0.018248889595270157,0.0016553370514884591
001607_JPG_jpg.rf.a6dcbc5ecd7c2ef807a4bce512a054a0.jpg,1,0.5466340184211731,0.36105912923812866,0.035753875970840454,0.017309702932834625,0.0016529919812455773
001607_JPG_jpg.rf.a6dcbc5ecd7c2ef807a4bce512a054a0.jpg,1,0.5578009486198425,0.5687268376350403,0.03245849162340164,0.06581420451402664,0.001625609234906733
001607_JPG_jpg.rf.a6dcbc5ecd7c2ef807a4bce512a054a0.jpg,1,0.562035083770752,0.5629684925079346,0.04657019302248955,0.07632333040237427,0.0013894340954720974
001607_JPG_jpg.rf.a6dcbc5ecd7c2ef807a4bce512a054a0.jpg,1,0.005364255513995886,0.8448144793510437,0.01044089812785387,0.03433939069509506,0.0011056652292609215
001607_JPG_jpg.rf.a6dcbc5ecd7c2ef807a4bce512a054a0.jpg,0,0.5573114156723022,0.5699812173843384,0.03581428527832031,0.06674803793430328,0.0010194805217906833
001608_JPG_jpg.rf.7d48153578ad316231c6c992263ac497.jpg,1,0.46142274141311646,0.13651832938194275,0.14926844835281372,0.08768866956233978,0.8149809837341309
001608_JPG_jpg.rf.7d48153578ad316231c6c992263ac497.jpg,1,0.6383376121520996,0.5722474455833435,0.026462849229574203,0.023510493338108063,0.10870878398418427
001608_JPG_jpg.rf.7d48153578ad316231c6c992263ac497.jpg,1,0.6388294696807861,0.5737040042877197,0.03380577638745308,0.030146930366754532,0.07797522097826004
001608_JPG_jpg.rf.7d48153578ad316231c6c992263ac497.jpg,0,0.8122630715370178,0.772466242313385,0.056939639151096344,0.12017404288053513,0.048772647976875305
001608_JPG_jpg.rf.7d48153578ad316231c6c992263ac497.jpg,1,0.6452001929283142,0.5692299008369446,0.04203818365931511,0.028200296685099602,0.0032221043948084116
001608_JPG_jpg.rf.7d48153578ad316231c6c992263ac497.jpg,1,0.8054083585739136,0.7721965909004211,0.05411962419748306,0.11372119188308716,0.0031867187935858965
001608_JPG_jpg.rf.7d48153578ad316231c6c992263ac497.jpg,0,0.27132415771484375,0.009128761477768421,0.10737186670303345,0.018257522955536842,0.0029885408002883196
001608_JPG_jpg.rf.7d48153578ad316231c6c992263ac497.jpg,0,0.26876235008239746,0.014567935839295387,0.11569173634052277,0.029135871678590775,0.0022493929136544466
001608_JPG_jpg.rf.7d48153578ad316231c6c992263ac497.jpg,1,0.6330764889717102,0.5715147256851196,0.03284638002514839,0.02501498907804489,0.0020300631877034903
001608_JPG_jpg.rf.7d48153578ad316231c6c992263ac497.jpg,1,0.7140129208564758,0.7381008267402649,0.04940436780452728,0.0880303755402565,0.0017402346711605787
001608_JPG_jpg.rf.7d48153578ad316231c6c992263ac497.jpg,1,0.6394988894462585,0.5722646117210388,0.04038986936211586,0.03983596712350845,0.0011789280688390136
001608_JPG_jpg.rf.7d48153578ad316231c6c992263ac497.jpg,0,0.28676357865333557,0.008876186795532703,0.07171935588121414,0.017752373591065407,0.00108957733027637
001619_JPG_jpg.rf.1640a48f199bbe32ee72dc83a24e1521.jpg,0,0.24343009293079376,0.11404723674058914,0.10916424542665482,0.05482048541307449,0.7990134954452515
001619_JPG_jpg.rf.1640a48f199bbe32ee72dc83a24e1521.jpg,1,0.242949977517128,0.11462906748056412,0.10742466896772385,0.05411816015839577,0.7049916982650757
001619_JPG_jpg.rf.1640a48f199bbe32ee72dc83a24e1521.jpg,7,0.17886322736740112,0.2147369682788849,0.07535579055547714,0.10302592068910599,0.008282862603664398
001619_JPG_jpg.rf.1640a48f199bbe32ee72dc83a24e1521.jpg,1,0.6881309747695923,0.2864401042461395,0.043264683336019516,0.14653263986110687,0.007194489240646362
001619_JPG_jpg.rf.1640a48f199bbe32ee72dc83a24e1521.jpg,0,0.7443959712982178,0.10660102218389511,0.024996904656291008,0.01543124858289957,0.0032719450537115335
001619_JPG_jpg.rf.1640a48f199bbe32ee72dc83a24e1521.jpg,0,0.4428010582923889,0.36150848865509033,0.019967446103692055,0.01504612062126398,0.002830555895343423
001619_JPG_jpg.rf.1640a48f199bbe32ee72dc83a24e1521.jpg,0,0.7452750205993652,0.07617051899433136,0.024493584409356117,0.014869708567857742,0.001981837674975395
001619_JPG_jpg.rf.1640a48f199bbe32ee72dc83a24e1521.jpg,0,0.7590360641479492,0.028770966455340385,0.012506779283285141,0.010831601917743683,0.0016136234626173973
001619_JPG_jpg.rf.1640a48f199bbe32ee72dc83a24e1521.jpg,0,0.004796202294528484,0.14927808940410614,0.00918117631226778,0.1177171915769577,0.0015954382251948118
001619_JPG_jpg.rf.1640a48f199bbe32ee72dc83a24e1521.jpg,1,0.730208158493042,0.0032579584512859583,0.009197382256388664,0.0059052640572190285,0.001365590374916792
001619_JPG_jpg.rf.1640a48f199bbe32ee72dc83a24e1521.jpg,1,0.7052411437034607,0.14372503757476807,0.06023091822862625,0.04134553298354149,0.001288571977056563
001623_JPG_jpg.rf.8777c38ac6d8aebbc4c5524393a8ce83.jpg,1,0.2919704020023346,0.0940292477607727,0.11954830586910248,0.06975960731506348,0.8539184331893921
001623_JPG_jpg.rf.8777c38ac6d8aebbc4c5524393a8ce83.jpg,1,0.21952882409095764,0.027974361553788185,0.03891671821475029,0.05594872310757637,0.01979604735970497
001623_JPG_jpg.rf.8777c38ac6d8aebbc4c5524393a8ce83.jpg,1,0.9942561388015747,0.015007954090833664,0.010869246907532215,0.029004810377955437,0.012115911580622196
001623_JPG_jpg.rf.8777c38ac6d8aebbc4c5524393a8ce83.jpg,1,0.21662141382694244,0.021143391728401184,0.03594992682337761,0.04228678345680237,0.006823427509516478
001623_JPG_jpg.rf.8777c38ac6d8aebbc4c5524393a8ce83.jpg,1,0.012287807650864124,0.3954402506351471,0.02457561530172825,0.07693067193031311,0.006312800105661154
001623_JPG_jpg.rf.8777c38ac6d8aebbc4c5524393a8ce83.jpg,0,0.7680045366287231,0.20753934979438782,0.011550390161573887,0.00869044940918684,0.005267089232802391
001623_JPG_jpg.rf.8777c38ac6d8aebbc4c5524393a8ce83.jpg,0,0.5524359941482544,0.09080757945775986,0.01123685110360384,0.010232724249362946,0.004849076271057129
001623_JPG_jpg.rf.8777c38ac6d8aebbc4c5524393a8ce83.jpg,1,0.9908856749534607,0.014953365549445152,0.017754115164279938,0.02933586947619915,0.003204097505658865
001623_JPG_jpg.rf.8777c38ac6d8aebbc4c5524393a8ce83.jpg,1,0.2147720456123352,0.010162748396396637,0.03488687425851822,0.019853923469781876,0.0031142060179263353
001623_JPG_jpg.rf.8777c38ac6d8aebbc4c5524393a8ce83.jpg,1,0.04130972549319267,0.42772814631462097,0.0820024237036705,0.6466804146766663,0.0025804326869547367
001623_JPG_jpg.rf.8777c38ac6d8aebbc4c5524393a8ce83.jpg,1,0.21476057171821594,0.00632007559761405,0.03210893273353577,0.012567034922540188,0.002548329532146454
001623_JPG_jpg.rf.8777c38ac6d8aebbc4c5524393a8ce83.jpg,0,0.7678477764129639,0.20916517078876495,0.01087555568665266,0.008508994244039059,0.00239621102809906
001623_JPG_jpg.rf.8777c38ac6d8aebbc4c5524393a8ce83.jpg,10,0.8803496956825256,0.023104028776288033,0.010729863308370113,0.009586013853549957,0.002203369978815317
001623_JPG_jpg.rf.8777c38ac6d8aebbc4c5524393a8ce83.jpg,10,0.8789244890213013,0.02314060926437378,0.009729385375976562,0.008332514204084873,0.0019415506394580007
001623_JPG_jpg.rf.8777c38ac6d8aebbc4c5524393a8ce83.jpg,0,0.7740738391876221,0.1742226928472519,0.022418463602662086,0.042159028351306915,0.0019366134656593204
001623_JPG_jpg.rf.8777c38ac6d8aebbc4c5524393a8ce83.jpg,1,0.011065630242228508,0.4031180739402771,0.022131260484457016,0.10509535670280457,0.001584584009833634
001623_JPG_jpg.rf.8777c38ac6d8aebbc4c5524393a8ce83.jpg,1,0.8246217966079712,0.004277146887034178,0.05549672991037369,0.008554293774068356,0.0014353025471791625
001623_JPG_jpg.rf.8777c38ac6d8aebbc4c5524393a8ce83.jpg,0,0.24200747907161713,0.20528490841388702,0.02936025895178318,0.055237073451280594,0.0013792803511023521
001623_JPG_jpg.rf.8777c38ac6d8aebbc4c5524393a8ce83.jpg,1,0.916000485420227,0.18334443867206573,0.014700083062052727,0.013568823225796223,0.001113117323257029
001624_JPG_jpg.rf.a3a7ed1ca4bdc41789b882fe5d7e3e94.jpg,1,0.538296103477478,0.14611202478408813,0.12025643140077591,0.07133010029792786,0.8464331030845642
001624_JPG_jpg.rf.a3a7ed1ca4bdc41789b882fe5d7e3e94.jpg,1,0.4432178735733032,0.5443136692047119,0.023644374683499336,0.013345462270081043,0.006107155233621597
001624_JPG_jpg.rf.a3a7ed1ca4bdc41789b882fe5d7e3e94.jpg,10,0.542001485824585,0.14638788998126984,0.12134376168251038,0.07327442616224289,0.003761652624234557
001624_JPG_jpg.rf.a3a7ed1ca4bdc41789b882fe5d7e3e94.jpg,1,0.442691832780838,0.5445013046264648,0.026331095024943352,0.01750960759818554,0.0027459750417619944
001624_JPG_jpg.rf.a3a7ed1ca4bdc41789b882fe5d7e3e94.jpg,0,0.9866734743118286,0.37771740555763245,0.009066948667168617,0.007059574592858553,0.0022625206038355827
001624_JPG_jpg.rf.a3a7ed1ca4bdc41789b882fe5d7e3e94.jpg,13,0.641135036945343,0.42877936363220215,0.01039864495396614,0.017864814028143883,0.0014996464597061276
001624_JPG_jpg.rf.a3a7ed1ca4bdc41789b882fe5d7e3e94.jpg,1,0.004988192114979029,0.07028235495090485,0.00949816219508648,0.013569318689405918,0.001474921591579914
001631_JPG_jpg.rf.18c57a703b3f30d8e2b21868d3657b5d.jpg,1,0.44136443734169006,0.07436980307102203,0.1813870668411255,0.08970171213150024,0.8914267420768738
001631_JPG_jpg.rf.18c57a703b3f30d8e2b21868d3657b5d.jpg,0,0.5587207078933716,0.1197904422879219,0.026317598298192024,0.13611234724521637,0.004144253209233284
001631_JPG_jpg.rf.18c57a703b3f30d8e2b21868d3657b5d.jpg,1,0.3509354293346405,0.010126805864274502,0.012165436521172523,0.01970113068819046,0.002941017970442772
001631_JPG_jpg.rf.18c57a703b3f30d8e2b21868d3657b5d.jpg,0,0.4536343514919281,0.02436571940779686,0.02023187093436718,0.047593824565410614,0.002694126684218645
001631_JPG_jpg.rf.18c57a703b3f30d8e2b21868d3657b5d.jpg,1,0.5586917996406555,0.11920397728681564,0.02542521432042122,0.1300256848335266,0.00234732823446393
001631_JPG_jpg.rf.18c57a703b3f30d8e2b21868d3657b5d.jpg,0,0.8893239498138428,0.09736394882202148,0.210227832198143,0.19465596973896027,0.0015632087597623467
001631_JPG_jpg.rf.18c57a703b3f30d8e2b21868d3657b5d.jpg,0,0.5232692956924438,0.04916669428348541,0.04047764465212822,0.09833338856697083,0.0013694833032786846
001631_JPG_jpg.rf.18c57a703b3f30d8e2b21868d3657b5d.jpg,1,0.8903298377990723,0.11828698962926865,0.2087501436471939,0.23606647551059723,0.0012949826195836067
001631_JPG_jpg.rf.18c57a703b3f30d8e2b21868d3657b5d.jpg,1,0.7358079552650452,0.19154123961925507,0.05151822045445442,0.06565701216459274,0.0011184988543391228
001631_JPG_jpg.rf.18c57a703b3f30d8e2b21868d3657b5d.jpg,1,0.5211455225944519,0.030679915100336075,0.028218600898981094,0.06115060672163963,0.001026081619784236
001642_JPG_jpg.rf.1501f63859c8183e7b273ed3f677bb80.jpg,1,0.42153704166412354,0.10147641599178314,0.20793083310127258,0.12786024808883667,0.8984521627426147
001642_JPG_jpg.rf.1501f63859c8183e7b273ed3f677bb80.jpg,14,0.3536134362220764,0.0977584645152092,0.06345800310373306,0.09206479042768478,0.09645949304103851
001642_JPG_jpg.rf.1501f63859c8183e7b273ed3f677bb80.jpg,0,0.5235356688499451,0.9199050068855286,0.036421336233615875,0.025359008461236954,0.013581683859229088
001642_JPG_jpg.rf.1501f63859c8183e7b273ed3f677bb80.jpg,8,0.15238383412361145,0.7009024024009705,0.061377618461847305,0.09530074894428253,0.007593829184770584
001642_JPG_jpg.rf.1501f63859c8183e7b273ed3f677bb80.jpg,0,0.5278220772743225,0.9242179989814758,0.051759060472249985,0.03863444924354553,0.005303129553794861
001642_JPG_jpg.rf.1501f63859c8183e7b273ed3f677bb80.jpg,0,0.5156777501106262,0.9165137410163879,0.03453508019447327,0.029029481112957,0.00494576757773757
001642_JPG_jpg.rf.1501f63859c8183e7b273ed3f677bb80.jpg,0,0.503489077091217,0.5017114877700806,0.9930219054222107,0.9965770840644836,0.004672656767070293
001642_JPG_jpg.rf.1501f63859c8183e7b273ed3f677bb80.jpg,0,0.5220281481742859,0.9219350218772888,0.04082617536187172,0.035292040556669235,0.002722556469962001
001642_JPG_jpg.rf.1501f63859c8183e7b273ed3f677bb80.jpg,0,0.5113486051559448,0.9187712073326111,0.04581293836236,0.03405945375561714,0.002433220623061061
001642_JPG_jpg.rf.1501f63859c8183e7b273ed3f677bb80.jpg,1,0.5,0.501899778842926,1.0,0.9962005019187927,0.002205597935244441
001642_JPG_jpg.rf.1501f63859c8183e7b273ed3f677bb80.jpg,14,0.3468081057071686,0.1109662726521492,0.049910545349121094,0.08075151592493057,0.002115091308951378
001642_JPG_jpg.rf.1501f63859c8183e7b273ed3f677bb80.jpg,1,0.4199487268924713,0.1320877969264984,0.21837803721427917,0.1973186731338501,0.0020674257539212704
001642_JPG_jpg.rf.1501f63859c8183e7b273ed3f677bb80.jpg,1,0.42732736468315125,0.8081777095794678,0.04020214080810547,0.039991673082113266,0.0018513950053602457
001642_JPG_jpg.rf.1501f63859c8183e7b273ed3f677bb80.jpg,1,0.43297749757766724,0.7937808036804199,0.010798160918056965,0.01032125111669302,0.0017873869510367513
001642_JPG_jpg.rf.1501f63859c8183e7b273ed3f677bb80.jpg,0,0.5388251543045044,0.9282611608505249,0.08021289110183716,0.04654686525464058,0.0016235868679359555
001642_JPG_jpg.rf.1501f63859c8183e7b273ed3f677bb80.jpg,1,0.4310407042503357,0.8030730485916138,0.02503794990479946,0.028767220675945282,0.0015458660200238228
001642_JPG_jpg.rf.1501f63859c8183e7b273ed3f677bb80.jpg,1,0.40076008439064026,0.20447099208831787,0.2882881760597229,0.3321828544139862,0.0014739633770659566
001642_JPG_jpg.rf.1501f63859c8183e7b273ed3f677bb80.jpg,9,0.6991142630577087,0.9330810904502869,0.04447467625141144,0.04996490478515625,0.0014739444013684988
001642_JPG_jpg.rf.1501f63859c8183e7b273ed3f677bb80.jpg,5,0.1521422415971756,0.7033841609954834,0.06583935767412186,0.10350367426872253,0.0012967323418706656
001642_JPG_jpg.rf.1501f63859c8183e7b273ed3f677bb80.jpg,0,0.5199700593948364,0.9227474331855774,0.06820514053106308,0.048409391194581985,0.001137401326559484
001642_JPG_jpg.rf.1501f63859c8183e7b273ed3f677bb80.jpg,1,0.6089024543762207,0.9448625445365906,0.01896796002984047,0.019346384331583977,0.0010955088073387742
001642_JPG_jpg.rf.1501f63859c8183e7b273ed3f677bb80.jpg,1,0.28544390201568604,0.02802935428917408,0.1094360426068306,0.055822763592004776,0.0010477713076397777
001642_JPG_jpg.rf.1501f63859c8183e7b273ed3f677bb80.jpg,1,0.4565286934375763,0.5866785049438477,0.024032410234212875,0.013665016740560532,0.0010464834049344063
001642_JPG_jpg.rf.1501f63859c8183e7b273ed3f677bb80.jpg,1,0.4243929982185364,0.8313143849372864,0.04633870720863342,0.07669368386268616,0.001028489670716226
001643_JPG_jpg.rf.bb0dd8813a6c24f91a4e04962aaa7f31.jpg,1,0.6291095614433289,0.1815253645181656,0.3415229916572571,0.20930731296539307,0.8847668170928955
001643_JPG_jpg.rf.bb0dd8813a6c24f91a4e04962aaa7f31.jpg,1,0.7803585529327393,0.6428534388542175,0.022189434617757797,0.019463760778307915,0.04747363179922104
001643_JPG_jpg.rf.bb0dd8813a6c24f91a4e04962aaa7f31.jpg,1,0.6326825022697449,0.2614744305610657,0.37235555052757263,0.3787316679954529,0.045480940490961075
001643_JPG_jpg.rf.bb0dd8813a6c24f91a4e04962aaa7f31.jpg,1,0.1266540288925171,0.4544633626937866,0.2533080577850342,0.9089267253875732,0.004768030252307653
001643_JPG_jpg.rf.bb0dd8813a6c24f91a4e04962aaa7f31.jpg,1,0.19397041201591492,0.4736083149909973,0.38794082403182983,0.9368995428085327,0.004601732827723026
001643_JPG_jpg.rf.bb0dd8813a6c24f91a4e04962aaa7f31.jpg,1,0.6062524318695068,0.17853589355945587,0.025752214714884758,0.05725524201989174,0.00403690617531538
001643_JPG_jpg.rf.bb0dd8813a6c24f91a4e04962aaa7f31.jpg,1,0.09483303129673004,0.7623355984687805,0.01625138148665428,0.016312893480062485,0.0036074763629585505
001643_JPG_jpg.rf.bb0dd8813a6c24f91a4e04962aaa7f31.jpg,10,0.5004874467849731,0.5013561248779297,0.9990251660346985,0.9972878098487854,0.003573104040697217
001643_JPG_jpg.rf.bb0dd8813a6c24f91a4e04962aaa7f31.jpg,1,0.7818233966827393,0.6428629159927368,0.0268145352602005,0.02304091863334179,0.003384142881259322
001643_JPG_jpg.rf.bb0dd8813a6c24f91a4e04962aaa7f31.jpg,1,0.18263061344623566,0.9945367574691772,0.010635871440172195,0.010926613584160805,0.003198149846866727
001643_JPG_jpg.rf.bb0dd8813a6c24f91a4e04962aaa7f31.jpg,1,0.08310022950172424,0.44024857878685,0.1662004590034485,0.8794974088668823,0.0024104237090796232
001643_JPG_jpg.rf.bb0dd8813a6c24f91a4e04962aaa7f31.jpg,1,0.599344789981842,0.8463425636291504,0.022897355258464813,0.024395136162638664,0.0022350959479808807
001643_JPG_jpg.rf.bb0dd8813a6c24f91a4e04962aaa7f31.jpg,1,0.6359809041023254,0.20709706842899323,0.045074209570884705,0.07652667909860611,0.002109414665028453
001643_JPG_jpg.rf.bb0dd8813a6c24f91a4e04962aaa7f31.jpg,1,0.6377630233764648,0.17868086695671082,0.026389196515083313,0.04884384572505951,0.002034910023212433
001643_JPG_jpg.rf.bb0dd8813a6c24f91a4e04962aaa7f31.jpg,1,0.5972411036491394,0.1870989203453064,0.05925534665584564,0.08069827407598495,0.002012245822697878
001643_JPG_jpg.rf.bb0dd8813a6c24f91a4e04962aaa7f31.jpg,1,0.18236984312534332,0.996044397354126,0.00868999119848013,0.007335663307458162,0.00191203854046762
001643_JPG_jpg.rf.bb0dd8813a6c24f91a4e04962aaa7f31.jpg,1,0.6374033689498901,0.18554818630218506,0.029929455369710922,0.06309733539819717,0.0016452685231342912
001643_JPG_jpg.rf.bb0dd8813a6c24f91a4e04962aaa7f31.jpg,1,0.6833640336990356,0.6789376735687256,0.01394528616219759,0.0106048583984375,0.0015159596223384142
001643_JPG_jpg.rf.bb0dd8813a6c24f91a4e04962aaa7f31.jpg,1,0.7045252919197083,0.19775544106960297,0.18271538615226746,0.23565106093883514,0.0014077285304665565
001643_JPG_jpg.rf.bb0dd8813a6c24f91a4e04962aaa7f31.jpg,1,0.5595210194587708,0.1774977743625641,0.21094650030136108,0.18039549887180328,0.0013264258159324527
001643_JPG_jpg.rf.bb0dd8813a6c24f91a4e04962aaa7f31.jpg,1,0.31645703315734863,0.7201155424118042,0.021864451467990875,0.017353719100356102,0.0012907031923532486
001643_JPG_jpg.rf.bb0dd8813a6c24f91a4e04962aaa7f31.jpg,1,0.27833425998687744,0.702704668045044,0.012936023995280266,0.010732797905802727,0.001264147344045341
001643_JPG_jpg.rf.bb0dd8813a6c24f91a4e04962aaa7f31.jpg,10,0.5084583163261414,0.7323969602584839,0.9830834865570068,0.5352061986923218,0.0012533398112282157
001643_JPG_jpg.rf.bb0dd8813a6c24f91a4e04962aaa7f31.jpg,0,0.5,0.6937059760093689,1.0,0.612588107585907,0.001252354122698307
001643_JPG_jpg.rf.bb0dd8813a6c24f91a4e04962aaa7f31.jpg,1,0.6585821509361267,0.8781779408454895,0.026544498279690742,0.1023254469037056,0.0012144650099799037
001643_JPG_jpg.rf.bb0dd8813a6c24f91a4e04962aaa7f31.jpg,1,0.09412534534931183,0.7621638774871826,0.019187644124031067,0.02044677734375,0.0012053007958456874
001643_JPG_jpg.rf.bb0dd8813a6c24f91a4e04962aaa7f31.jpg,1,0.31941109895706177,0.715944766998291,0.016102423891425133,0.012446991167962551,0.0011704742209985852
001643_JPG_jpg.rf.bb0dd8813a6c24f91a4e04962aaa7f31.jpg,1,0.27764156460762024,0.7025274634361267,0.015297963283956051,0.013500727713108063,0.0010463413782417774
001643_JPG_jpg.rf.bb0dd8813a6c24f91a4e04962aaa7f31.jpg,1,0.5916136503219604,0.8543589115142822,0.012170681729912758,0.01714809238910675,0.0010342509485781193
001643_JPG_jpg.rf.bb0dd8813a6c24f91a4e04962aaa7f31.jpg,14,0.5124180912971497,0.19395491480827332,0.11647305637598038,0.18791092932224274,0.0010081783402711153
001643_JPG_jpg.rf.bb0dd8813a6c24f91a4e04962aaa7f31.jpg,1,0.6028578877449036,0.8451513648033142,0.024438126012682915,0.019336041063070297,0.0010025453520938754
001654_JPG_jpg.rf.e26100131533da63b018a72fab6586e3.jpg,1,0.37651053071022034,0.09949622303247452,0.1538010984659195,0.06695444136857986,0.7968477010726929
001654_JPG_jpg.rf.e26100131533da63b018a72fab6586e3.jpg,0,0.38950610160827637,0.3946397304534912,0.01787794567644596,0.029367374256253242,0.11712726950645447
001654_JPG_jpg.rf.e26100131533da63b018a72fab6586e3.jpg,0,0.3819504678249359,0.10049901902675629,0.14550752937793732,0.06562090665102005,0.040246929973363876
001654_JPG_jpg.rf.e26100131533da63b018a72fab6586e3.jpg,1,0.29121413826942444,0.43376314640045166,0.019056834280490875,0.02464580535888672,0.026801912114024162
001654_JPG_jpg.rf.e26100131533da63b018a72fab6586e3.jpg,1,0.3877648115158081,0.3913785517215729,0.02364705316722393,0.034906793385744095,0.019302064552903175
001654_JPG_jpg.rf.e26100131533da63b018a72fab6586e3.jpg,1,0.29080623388290405,0.4409242868423462,0.022335108369588852,0.042111728340387344,0.017540156841278076
001654_JPG_jpg.rf.e26100131533da63b018a72fab6586e3.jpg,1,0.2924644351005554,0.4335859417915344,0.02460879646241665,0.02991727739572525,0.004201395902782679
001654_JPG_jpg.rf.e26100131533da63b018a72fab6586e3.jpg,1,0.29212984442710876,0.44333386421203613,0.030885569751262665,0.04918087646365166,0.004101376049220562
001654_JPG_jpg.rf.e26100131533da63b018a72fab6586e3.jpg,1,0.2953247129917145,0.43817779421806335,0.02820473536849022,0.04140762239694595,0.0036854164209216833
001654_JPG_jpg.rf.e26100131533da63b018a72fab6586e3.jpg,1,0.724952220916748,0.47782203555107117,0.019952628761529922,0.015314359217882156,0.0032262406311929226
001654_JPG_jpg.rf.e26100131533da63b018a72fab6586e3.jpg,0,0.39198100566864014,0.3938788175582886,0.02346651442348957,0.032381244003772736,0.0031310338526964188
001654_JPG_jpg.rf.e26100131533da63b018a72fab6586e3.jpg,0,0.38770800828933716,0.396115243434906,0.023829350247979164,0.028905613347887993,0.0028314117807894945
001654_JPG_jpg.rf.e26100131533da63b018a72fab6586e3.jpg,0,0.3831675052642822,0.3952873945236206,0.031107794493436813,0.03079337440431118,0.002739580115303397
001654_JPG_jpg.rf.e26100131533da63b018a72fab6586e3.jpg,1,0.7257221341133118,0.47813063859939575,0.02396855130791664,0.019644921645522118,0.0026592742651700974
001654_JPG_jpg.rf.e26100131533da63b018a72fab6586e3.jpg,0,0.3936574161052704,0.3976246118545532,0.02884267084300518,0.027966389432549477,0.001831171801313758
001654_JPG_jpg.rf.e26100131533da63b018a72fab6586e3.jpg,1,0.2879412770271301,0.43831077218055725,0.022342627868056297,0.04134028032422066,0.001474650576710701
001654_JPG_jpg.rf.e26100131533da63b018a72fab6586e3.jpg,1,0.09879615157842636,0.05910024791955948,0.1940503567457199,0.11820049583911896,0.001003080396912992
001656_JPG_jpg.rf.193bed9f1b03b8c4d46254c930216604.jpg,1,0.5023764371871948,0.17675979435443878,0.29883742332458496,0.15407763421535492,0.9336970448493958
001656_JPG_jpg.rf.193bed9f1b03b8c4d46254c930216604.jpg,0,0.4976462125778198,0.17599964141845703,0.29608991742134094,0.159842386841774,0.22497232258319855
001656_JPG_jpg.rf.193bed9f1b03b8c4d46254c930216604.jpg,1,0.3175537586212158,0.045267488807439804,0.2936941981315613,0.09053497761487961,0.047209396958351135
001656_JPG_jpg.rf.193bed9f1b03b8c4d46254c930216604.jpg,0,0.9723501801490784,0.10515192151069641,0.054836422204971313,0.06181880086660385,0.023735549300909042
001656_JPG_jpg.rf.193bed9f1b03b8c4d46254c930216604.jpg,1,0.33276301622390747,0.228519007563591,0.030637888237833977,0.08681350946426392,0.022785132750868797
001656_JPG_jpg.rf.193bed9f1b03b8c4d46254c930216604.jpg,1,0.35802680253982544,0.06137152761220932,0.46823757886886597,0.12274305522441864,0.022409602999687195
001656_JPG_jpg.rf.193bed9f1b03b8c4d46254c930216604.jpg,1,0.40283486247062683,0.07593237608671188,0.4371039569377899,0.15186475217342377,0.008708572015166283
001656_JPG_jpg.rf.193bed9f1b03b8c4d46254c930216604.jpg,1,0.43251967430114746,0.052542999386787415,0.3374512195587158,0.10508599877357483,0.008322088047862053
001656_JPG_jpg.rf.193bed9f1b03b8c4d46254c930216604.jpg,0,0.10191934555768967,0.5657321214675903,0.0335577018558979,0.030248789116740227,0.004134001210331917
001656_JPG_jpg.rf.193bed9f1b03b8c4d46254c930216604.jpg,0,0.9820598363876343,0.10670863837003708,0.03518948331475258,0.06372570246458054,0.00368075561709702
001656_JPG_jpg.rf.193bed9f1b03b8c4d46254c930216604.jpg,1,0.28761401772499084,0.06679492443799973,0.4962688386440277,0.13358984887599945,0.002760448260232806
001656_JPG_jpg.rf.193bed9f1b03b8c4d46254c930216604.jpg,1,0.4025554060935974,0.04401629790663719,0.27735891938209534,0.08803259581327438,0.002530280966311693
001656_JPG_jpg.rf.193bed9f1b03b8c4d46254c930216604.jpg,1,0.46471765637397766,0.10664964467287064,0.600128173828125,0.21329928934574127,0.0016972414450719953
001656_JPG_jpg.rf.193bed9f1b03b8c4d46254c930216604.jpg,1,0.28328737616539,0.04855570197105408,0.3918379545211792,0.09615004062652588,0.0016277071554213762
001656_JPG_jpg.rf.193bed9f1b03b8c4d46254c930216604.jpg,1,0.4570319950580597,0.04380178451538086,0.23957663774490356,0.08746758103370667,0.0010390556417405605
001660_JPG_jpg.rf.41a9573c77f81a1dc9e669467db98386.jpg,1,0.3339070677757263,0.08409685641527176,0.15039560198783875,0.08417577296495438,0.8577514886856079
001660_JPG_jpg.rf.41a9573c77f81a1dc9e669467db98386.jpg,1,0.9180493354797363,0.037641603499650955,0.008356461301445961,0.009391420520842075,0.016726257279515266
001660_JPG_jpg.rf.41a9573c77f81a1dc9e669467db98386.jpg,1,0.9171016812324524,0.036797404289245605,0.009769073687493801,0.01153633277863264,0.014456117525696754
001660_JPG_jpg.rf.41a9573c77f81a1dc9e669467db98386.jpg,1,0.04775657877326012,0.11176222562789917,0.09551315754652023,0.22352445125579834,0.002364535117521882
001660_JPG_jpg.rf.41a9573c77f81a1dc9e669467db98386.jpg,0,0.9173424243927002,0.29879364371299744,0.017281459644436836,0.01470241229981184,0.002036096528172493
001660_JPG_jpg.rf.41a9573c77f81a1dc9e669467db98386.jpg,0,0.9957093596458435,0.12957946956157684,0.0082269087433815,0.03338504955172539,0.0016252471832558513
001660_JPG_jpg.rf.41a9573c77f81a1dc9e669467db98386.jpg,1,0.5311127305030823,0.6169356107711792,0.03700997307896614,0.06906329840421677,0.0012997975572943687
001662_JPG_jpg.rf.97c2b266f1a788361d25be2305f03736.jpg,1,0.35362958908081055,0.18684333562850952,0.09297320246696472,0.05980713665485382,0.8802404403686523
001662_JPG_jpg.rf.97c2b266f1a788361d25be2305f03736.jpg,1,0.24270044267177582,0.013039413839578629,0.013196047395467758,0.02546364814043045,0.0195402093231678
001662_JPG_jpg.rf.97c2b266f1a788361d25be2305f03736.jpg,1,0.7092818021774292,0.4614538252353668,0.02412920817732811,0.0736609622836113,0.017977748066186905
001662_JPG_jpg.rf.97c2b266f1a788361d25be2305f03736.jpg,0,0.42642587423324585,0.0714876800775528,0.00870756059885025,0.014843987300992012,0.005860515870153904
001662_JPG_jpg.rf.97c2b266f1a788361d25be2305f03736.jpg,9,0.7079904079437256,0.44536319375038147,0.021854180842638016,0.03619308024644852,0.004204892553389072
001662_JPG_jpg.rf.97c2b266f1a788361d25be2305f03736.jpg,1,0.32734474539756775,0.19229546189308167,0.03543402627110481,0.0655660629272461,0.004059931263327599
001662_JPG_jpg.rf.97c2b266f1a788361d25be2305f03736.jpg,1,0.8512155413627625,0.26769208908081055,0.007652283180505037,0.007400641217827797,0.0028024844359606504
001662_JPG_jpg.rf.97c2b266f1a788361d25be2305f03736.jpg,1,0.8143613338470459,0.017215419560670853,0.03386226296424866,0.03421742469072342,0.0017200787551701069
001662_JPG_jpg.rf.97c2b266f1a788361d25be2305f03736.jpg,1,0.23047234117984772,0.013763291761279106,0.01272315252572298,0.0265436340123415,0.0012968742521479726
001662_JPG_jpg.rf.97c2b266f1a788361d25be2305f03736.jpg,0,0.7049922943115234,0.45154106616973877,0.024402325972914696,0.032759301364421844,0.00101229187566787
001693_JPG_jpg.rf.9c74f3077d05257d04e7a58a48642fe0.jpg,1,0.5298609733581543,0.3155168890953064,0.22390605509281158,0.12439102679491043,0.8703756928443909
001693_JPG_jpg.rf.9c74f3077d05257d04e7a58a48642fe0.jpg,9,0.45444753766059875,0.3162153363227844,0.07314509898424149,0.11007983982563019,0.03481575474143028
001693_JPG_jpg.rf.9c74f3077d05257d04e7a58a48642fe0.jpg,14,0.4545600116252899,0.3181927800178528,0.07405131310224533,0.11602382361888885,0.02230275422334671
001693_JPG_jpg.rf.9c74f3077d05257d04e7a58a48642fe0.jpg,1,0.5344460606575012,0.2996228337287903,0.03828379139304161,0.06297480314970016,0.0026829929556697607
001700_JPG_jpg.rf.4f29277e7dfa7365978e572fe9f9eee3.jpg,1,0.5445041656494141,0.11171801388263702,0.20162755250930786,0.07345347851514816,0.7889154553413391
001700_JPG_jpg.rf.4f29277e7dfa7365978e572fe9f9eee3.jpg,0,0.558239758014679,0.11092334240674973,0.17309167981147766,0.0703434869647026,0.19288906455039978
001700_JPG_jpg.rf.4f29277e7dfa7365978e572fe9f9eee3.jpg,0,0.9814302325248718,0.26031333208084106,0.03713952749967575,0.02792365849018097,0.048323724418878555
001700_JPG_jpg.rf.4f29277e7dfa7365978e572fe9f9eee3.jpg,1,0.48883718252182007,0.11411844938993454,0.0902843177318573,0.05883137136697769,0.03997332975268364
001700_JPG_jpg.rf.4f29277e7dfa7365978e572fe9f9eee3.jpg,0,0.9843055605888367,0.26306986808776855,0.031014516949653625,0.026898806914687157,0.034233249723911285
001700_JPG_jpg.rf.4f29277e7dfa7365978e572fe9f9eee3.jpg,1,0.4024660885334015,0.12181457877159119,0.09802958369255066,0.12558503448963165,0.012299071066081524
001700_JPG_jpg.rf.4f29277e7dfa7365978e572fe9f9eee3.jpg,0,0.978517472743988,0.25675562024116516,0.03871330991387367,0.033796291798353195,0.008263301104307175
001700_JPG_jpg.rf.4f29277e7dfa7365978e572fe9f9eee3.jpg,0,0.9493831396102905,0.36095598340034485,0.09050802141427994,0.05825501307845116,0.0066786957904696465
001700_JPG_jpg.rf.4f29277e7dfa7365978e572fe9f9eee3.jpg,0,0.5756386518478394,0.10938295722007751,0.13533303141593933,0.06213010475039482,0.00480534927919507
001700_JPG_jpg.rf.4f29277e7dfa7365978e572fe9f9eee3.jpg,0,0.9391598701477051,0.3584747314453125,0.06498036533594131,0.04410146176815033,0.00461242813616991
001700_JPG_jpg.rf.4f29277e7dfa7365978e572fe9f9eee3.jpg,1,0.6623038053512573,0.4917115569114685,0.02818511240184307,0.025459546595811844,0.003912609536200762
001700_JPG_jpg.rf.4f29277e7dfa7365978e572fe9f9eee3.jpg,1,0.4653002917766571,0.5345586538314819,0.023817099630832672,0.020407237112522125,0.0038706776686012745
001700_JPG_jpg.rf.4f29277e7dfa7365978e572fe9f9eee3.jpg,7,0.40221208333969116,0.12234148383140564,0.0955919548869133,0.12543907761573792,0.003383403643965721
001700_JPG_jpg.rf.4f29277e7dfa7365978e572fe9f9eee3.jpg,1,0.6656994819641113,0.49043092131614685,0.022853631526231766,0.02111801877617836,0.0033815212082117796
001700_JPG_jpg.rf.4f29277e7dfa7365978e572fe9f9eee3.jpg,1,0.46421554684638977,0.5361565947532654,0.018711457028985023,0.01565251126885414,0.0030643707141280174
001700_JPG_jpg.rf.4f29277e7dfa7365978e572fe9f9eee3.jpg,0,0.1193867027759552,0.03883208706974983,0.006527038756757975,0.006974759045988321,0.002336062490940094
001700_JPG_jpg.rf.4f29277e7dfa7365978e572fe9f9eee3.jpg,0,0.9348743557929993,0.36293166875839233,0.05588245764374733,0.03202342987060547,0.0019445042125880718
001700_JPG_jpg.rf.4f29277e7dfa7365978e572fe9f9eee3.jpg,0,0.125706747174263,0.25890761613845825,0.04332256317138672,0.13985979557037354,0.0018254215829074383
001700_JPG_jpg.rf.4f29277e7dfa7365978e572fe9f9eee3.jpg,0,0.24627700448036194,0.003256424330174923,0.013590501621365547,0.006223026663064957,0.0017010113224387169
001700_JPG_jpg.rf.4f29277e7dfa7365978e572fe9f9eee3.jpg,1,0.6508832573890686,0.47103017568588257,0.01974223367869854,0.03271275386214256,0.0016713716322556138
001700_JPG_jpg.rf.4f29277e7dfa7365978e572fe9f9eee3.jpg,13,0.256369411945343,0.4126220941543579,0.009906420484185219,0.017014063894748688,0.0016229060711339116
001700_JPG_jpg.rf.4f29277e7dfa7365978e572fe9f9eee3.jpg,0,0.984508752822876,0.2586832046508789,0.03039565496146679,0.03789089247584343,0.0015662190271541476
001700_JPG_jpg.rf.4f29277e7dfa7365978e572fe9f9eee3.jpg,1,0.6698752641677856,0.48918941617012024,0.03285731002688408,0.02500622160732746,0.0015176950255408883
001700_JPG_jpg.rf.4f29277e7dfa7365978e572fe9f9eee3.jpg,0,0.9814576506614685,0.016310734674334526,0.036293692886829376,0.032195594161748886,0.0013448987156152725
001700_JPG_jpg.rf.4f29277e7dfa7365978e572fe9f9eee3.jpg,1,0.645409882068634,0.4629364609718323,0.018286632373929024,0.01787024363875389,0.0013399693416431546
001700_JPG_jpg.rf.4f29277e7dfa7365978e572fe9f9eee3.jpg,1,0.5406686067581177,0.13440904021263123,0.2047577053308487,0.12703832983970642,0.001081906957551837
001813_JPG_jpg.rf.2a732d7bc29b893c586a2bebea876f72.jpg,1,0.07899850606918335,0.9343096017837524,0.15428277850151062,0.13138075172901154,0.33159926533699036
001813_JPG_jpg.rf.2a732d7bc29b893c586a2bebea876f72.jpg,14,0.11066127568483353,0.930594265460968,0.06979950517416,0.10250113904476166,0.22745458781719208
001813_JPG_jpg.rf.2a732d7bc29b893c586a2bebea876f72.jpg,1,0.1376517415046692,0.9364491105079651,0.1399545520544052,0.12184576690196991,0.06662698835134506
001813_JPG_jpg.rf.2a732d7bc29b893c586a2bebea876f72.jpg,1,0.11552911251783371,0.9367778301239014,0.08820297569036484,0.11555305123329163,0.05786820128560066
001813_JPG_jpg.rf.2a732d7bc29b893c586a2bebea876f72.jpg,1,0.06588663160800934,0.9108400940895081,0.03415694832801819,0.06878075748682022,0.034694086760282516
001813_JPG_jpg.rf.2a732d7bc29b893c586a2bebea876f72.jpg,1,0.1062006801366806,0.9375221729278564,0.17258146405220032,0.12495576590299606,0.026189951226115227
001813_JPG_jpg.rf.2a732d7bc29b893c586a2bebea876f72.jpg,1,0.058663204312324524,0.9270246028900146,0.1136246845126152,0.14255039393901825,0.01946573704481125
001813_JPG_jpg.rf.2a732d7bc29b893c586a2bebea876f72.jpg,1,0.6645331382751465,0.690727949142456,0.3935825526714325,0.5013472437858582,0.00909359659999609
001813_JPG_jpg.rf.2a732d7bc29b893c586a2bebea876f72.jpg,1,0.12754857540130615,0.9449144601821899,0.23973625898361206,0.11017102748155594,0.006636421196162701
001813_JPG_jpg.rf.2a732d7bc29b893c586a2bebea876f72.jpg,1,0.7319729328155518,0.6457638740539551,0.5289333462715149,0.6002098321914673,0.005706412717700005
001813_JPG_jpg.rf.2a732d7bc29b893c586a2bebea876f72.jpg,1,0.058654092252254486,0.9351509213447571,0.08042853325605392,0.12969832122325897,0.004830654710531235
001813_JPG_jpg.rf.2a732d7bc29b893c586a2bebea876f72.jpg,1,0.7298776507377625,0.49203959107398987,0.5402447581291199,0.962394118309021,0.0040137264877557755
001813_JPG_jpg.rf.2a732d7bc29b893c586a2bebea876f72.jpg,5,0.4632737636566162,0.7431144714355469,0.07729478925466537,0.07108380645513535,0.00391974113881588
001813_JPG_jpg.rf.2a732d7bc29b893c586a2bebea876f72.jpg,1,0.1381005048751831,0.964185893535614,0.1612866222858429,0.0709083303809166,0.003852756693959236
001813_JPG_jpg.rf.2a732d7bc29b893c586a2bebea876f72.jpg,1,0.6144225001335144,0.6278973817825317,0.28612151741981506,0.6269258856773376,0.002411985769867897
001813_JPG_jpg.rf.2a732d7bc29b893c586a2bebea876f72.jpg,1,0.045805446803569794,0.9319631457328796,0.0815366804599762,0.12960433959960938,0.002357404213398695
001813_JPG_jpg.rf.2a732d7bc29b893c586a2bebea876f72.jpg,1,0.031001312658190727,0.9312288165092468,0.06061386317014694,0.13375473022460938,0.0023456518538296223
001813_JPG_jpg.rf.2a732d7bc29b893c586a2bebea876f72.jpg,1,0.04091918095946312,0.9035179018974304,0.02966027334332466,0.05525589361786842,0.0021471097134053707
001813_JPG_jpg.rf.2a732d7bc29b893c586a2bebea876f72.jpg,1,0.15189170837402344,0.988107442855835,0.2096952497959137,0.02350315824151039,0.002113546011969447
001813_JPG_jpg.rf.2a732d7bc29b893c586a2bebea876f72.jpg,1,0.043822214007377625,0.4731145203113556,0.08764442801475525,0.8564194440841675,0.0019846162758767605
001813_JPG_jpg.rf.2a732d7bc29b893c586a2bebea876f72.jpg,1,0.047550201416015625,0.909013032913208,0.04361845925450325,0.06576640903949738,0.0017977982060983777
001813_JPG_jpg.rf.2a732d7bc29b893c586a2bebea876f72.jpg,0,0.023135164752602577,0.36835652589797974,0.04615315794944763,0.35358989238739014,0.0017080625984817743
001813_JPG_jpg.rf.2a732d7bc29b893c586a2bebea876f72.jpg,1,0.18909072875976562,0.927935779094696,0.37715092301368713,0.14412851631641388,0.0015983141493052244
001813_JPG_jpg.rf.2a732d7bc29b893c586a2bebea876f72.jpg,1,0.05243571475148201,0.3691455125808716,0.10487142950296402,0.7360710501670837,0.0014541147975251079
001813_JPG_jpg.rf.2a732d7bc29b893c586a2bebea876f72.jpg,1,0.46261274814605713,0.5,0.8678430914878845,1.0,0.001351750805042684
001813_JPG_jpg.rf.2a732d7bc29b893c586a2bebea876f72.jpg,1,0.062497250735759735,0.9162977337837219,0.03388938680291176,0.0825146958231926,0.001324808457866311
001813_JPG_jpg.rf.2a732d7bc29b893c586a2bebea876f72.jpg,1,0.08613203465938568,0.4794134497642517,0.17226406931877136,0.9588268995285034,0.001309240236878395
001813_JPG_jpg.rf.2a732d7bc29b893c586a2bebea876f72.jpg,1,0.1679507941007614,0.4837101101875305,0.3356829881668091,0.9610546827316284,0.0012378513347357512
001813_JPG_jpg.rf.2a732d7bc29b893c586a2bebea876f72.jpg,1,0.6180829405784607,0.6073433756828308,0.19774892926216125,0.5742735266685486,0.0011881220852956176
001813_JPG_jpg.rf.2a732d7bc29b893c586a2bebea876f72.jpg,1,0.03733751177787781,0.9289399981498718,0.037732649594545364,0.1332496553659439,0.0011221665190532804
001813_JPG_jpg.rf.2a732d7bc29b893c586a2bebea876f72.jpg,1,0.05365937575697899,0.9143065214157104,0.05083230510354042,0.07826798409223557,0.0011014977935701609
001826_JPG_jpg.rf.a805482f1c979ccfd35e378a2d5d78a6.jpg,8,0.13024501502513885,0.10910933464765549,0.1426323652267456,0.2070937305688858,0.8972517848014832
001826_JPG_jpg.rf.a805482f1c979ccfd35e378a2d5d78a6.jpg,0,0.5573714375495911,0.19512104988098145,0.23600783944129944,0.11227548867464066,0.8413825631141663
001826_JPG_jpg.rf.a805482f1c979ccfd35e378a2d5d78a6.jpg,0,0.4747912585735321,0.11113596707582474,0.12119719386100769,0.07835743576288223,0.3266647458076477
001826_JPG_jpg.rf.a805482f1c979ccfd35e378a2d5d78a6.jpg,8,0.6760170459747314,0.1228707954287529,0.07235666364431381,0.09745946526527405,0.04591323062777519
001826_JPG_jpg.rf.a805482f1c979ccfd35e378a2d5d78a6.jpg,8,0.6679133176803589,0.12162597477436066,0.05285681411623955,0.09313632547855377,0.015079008415341377
001826_JPG_jpg.rf.a805482f1c979ccfd35e378a2d5d78a6.jpg,8,0.6621437072753906,0.12242709845304489,0.037329014390707016,0.09296109527349472,0.012987148016691208
001826_JPG_jpg.rf.a805482f1c979ccfd35e378a2d5d78a6.jpg,7,0.6766161322593689,0.12195318937301636,0.07052165269851685,0.09631668776273727,0.012141278013586998
001826_JPG_jpg.rf.a805482f1c979ccfd35e378a2d5d78a6.jpg,8,0.6737882494926453,0.20266956090927124,0.025582902133464813,0.05535406619310379,0.009118124842643738
001826_JPG_jpg.rf.a805482f1c979ccfd35e378a2d5d78a6.jpg,8,0.6745829582214355,0.20246532559394836,0.025526635348796844,0.08051986247301102,0.005266964435577393
001826_JPG_jpg.rf.a805482f1c979ccfd35e378a2d5d78a6.jpg,8,0.6904663443565369,0.13222458958625793,0.04767344892024994,0.08389463275671005,0.004399531986564398
001826_JPG_jpg.rf.a805482f1c979ccfd35e378a2d5d78a6.jpg,0,0.7246646285057068,0.15023930370807648,0.022734422236680984,0.06624604761600494,0.004348088055849075
001826_JPG_jpg.rf.a805482f1c979ccfd35e378a2d5d78a6.jpg,8,0.6840188503265381,0.12286043912172318,0.04995742440223694,0.08410819619894028,0.003484073095023632
001826_JPG_jpg.rf.a805482f1c979ccfd35e378a2d5d78a6.jpg,8,0.7326308488845825,0.14916616678237915,0.043392036110162735,0.0695592537522316,0.00313105178065598
001826_JPG_jpg.rf.a805482f1c979ccfd35e378a2d5d78a6.jpg,0,0.42399585247039795,0.4417774975299835,0.01760713942348957,0.0551140159368515,0.003052962478250265
001826_JPG_jpg.rf.a805482f1c979ccfd35e378a2d5d78a6.jpg,0,0.6755757331848145,0.12536373734474182,0.06645430624485016,0.10351722687482834,0.002655601594597101
001826_JPG_jpg.rf.a805482f1c979ccfd35e378a2d5d78a6.jpg,8,0.7239950895309448,0.1508069783449173,0.02454882487654686,0.0669097825884819,0.0019974864553660154
001826_JPG_jpg.rf.a805482f1c979ccfd35e378a2d5d78a6.jpg,0,0.44864165782928467,0.2912795841693878,0.042940910905599594,0.032554518431425095,0.0019544516690075397
001826_JPG_jpg.rf.a805482f1c979ccfd35e378a2d5d78a6.jpg,1,0.9955846667289734,0.20374169945716858,0.008786935359239578,0.02979656495153904,0.0019137412309646606
001826_JPG_jpg.rf.a805482f1c979ccfd35e378a2d5d78a6.jpg,0,0.9621875286102295,0.9678687453269958,0.07456662505865097,0.06426253914833069,0.0018364130519330502
001826_JPG_jpg.rf.a805482f1c979ccfd35e378a2d5d78a6.jpg,8,0.11225122958421707,0.9514528512954712,0.11921912431716919,0.09709424525499344,0.001612720312550664
001826_JPG_jpg.rf.a805482f1c979ccfd35e378a2d5d78a6.jpg,0,0.7346739172935486,0.9951503276824951,0.02478739060461521,0.009276610799133778,0.0014967310708016157
001826_JPG_jpg.rf.a805482f1c979ccfd35e378a2d5d78a6.jpg,0,0.693318247795105,0.12761446833610535,0.11433425545692444,0.13109706342220306,0.0013910764828324318
001826_JPG_jpg.rf.a805482f1c979ccfd35e378a2d5d78a6.jpg,8,0.674601674079895,0.21178224682807922,0.030529316514730453,0.09125830978155136,0.0013025437947362661
001826_JPG_jpg.rf.a805482f1c979ccfd35e378a2d5d78a6.jpg,1,0.9953218698501587,0.2075561136007309,0.008936955593526363,0.0424027293920517,0.001248763408511877
001826_JPG_jpg.rf.a805482f1c979ccfd35e378a2d5d78a6.jpg,0,0.9592680335044861,0.9854105114936829,0.08146411180496216,0.029179060831665993,0.0011753113940358162
001826_JPG_jpg.rf.a805482f1c979ccfd35e378a2d5d78a6.jpg,0,0.9971142411231995,0.17348924279212952,0.005711995996534824,0.03255325183272362,0.0010942311491817236
001826_JPG_jpg.rf.a805482f1c979ccfd35e378a2d5d78a6.jpg,0,0.6119451522827148,0.9356302618980408,0.020283296704292297,0.015772966668009758,0.0010567995486781001
001826_JPG_jpg.rf.a805482f1c979ccfd35e378a2d5d78a6.jpg,8,0.11666355282068253,0.9730161428451538,0.11862227320671082,0.0529937781393528,0.0010409014066681266
001826_JPG_jpg.rf.a805482f1c979ccfd35e378a2d5d78a6.jpg,0,0.9975129961967468,0.17064891755580902,0.004974071867763996,0.019876426085829735,0.0010003034258261323
001830_JPG_jpg.rf.80271bce54a1933c1c80ae661932ee2f.jpg,1,0.44069749116897583,0.12266053259372711,0.10059518367052078,0.053750086575746536,0.806705892086029
001830_JPG_jpg.rf.80271bce54a1933c1c80ae661932ee2f.jpg,1,0.15436585247516632,0.20567141473293304,0.048843130469322205,0.17684650421142578,0.4648183286190033
001830_JPG_jpg.rf.80271bce54a1933c1c80ae661932ee2f.jpg,1,0.15380556881427765,0.2206265777349472,0.0418352447450161,0.1317702978849411,0.24709108471870422
001830_JPG_jpg.rf.80271bce54a1933c1c80ae661932ee2f.jpg,1,0.15414778888225555,0.1947130709886551,0.037673115730285645,0.13686667382717133,0.034767989069223404
001830_JPG_jpg.rf.80271bce54a1933c1c80ae661932ee2f.jpg,1,0.40367618203163147,0.17574432492256165,0.014413723722100258,0.010077293030917645,0.027298929169774055
001830_JPG_jpg.rf.80271bce54a1933c1c80ae661932ee2f.jpg,1,0.4063163995742798,0.17662030458450317,0.015149190090596676,0.011320242658257484,0.005744488909840584
001830_JPG_jpg.rf.80271bce54a1933c1c80ae661932ee2f.jpg,1,0.40606608986854553,0.17813092470169067,0.011662300676107407,0.009264964610338211,0.004940673243254423
001830_JPG_jpg.rf.80271bce54a1933c1c80ae661932ee2f.jpg,8,0.3629347085952759,0.1271393746137619,0.0660153180360794,0.09276846796274185,0.0036308648996055126
001830_JPG_jpg.rf.80271bce54a1933c1c80ae661932ee2f.jpg,13,0.8047472238540649,0.40138113498687744,0.015735113993287086,0.02076970599591732,0.0034153424203395844
001830_JPG_jpg.rf.80271bce54a1933c1c80ae661932ee2f.jpg,0,0.43856489658355713,0.12279681861400604,0.10180961340665817,0.050313759595155716,0.002953099785372615
001830_JPG_jpg.rf.80271bce54a1933c1c80ae661932ee2f.jpg,1,0.40009111166000366,0.1745503544807434,0.01613451912999153,0.012069281190633774,0.0028499122709035873
001830_JPG_jpg.rf.80271bce54a1933c1c80ae661932ee2f.jpg,10,0.8043841123580933,0.4011809527873993,0.01569344475865364,0.020434966310858727,0.0024226130917668343
001830_JPG_jpg.rf.80271bce54a1933c1c80ae661932ee2f.jpg,1,0.5601454973220825,0.06461169570684433,0.024146668612957,0.04960780590772629,0.002028294140473008
001830_JPG_jpg.rf.80271bce54a1933c1c80ae661932ee2f.jpg,9,0.8053301572799683,0.39663389325141907,0.02396392822265625,0.0367644764482975,0.0013976801419630647
001830_JPG_jpg.rf.80271bce54a1933c1c80ae661932ee2f.jpg,0,0.49681350588798523,0.8171396851539612,0.990827739238739,0.3657207489013672,0.001131853903643787
001830_JPG_jpg.rf.80271bce54a1933c1c80ae661932ee2f.jpg,1,0.3618483245372772,0.12708738446235657,0.06264646351337433,0.09262438118457794,0.001058523659594357
001833_JPG_jpg.rf.b6092f0bd597484bb9c205017e5c389f.jpg,1,0.5421884059906006,0.2431056797504425,0.25105705857276917,0.10929201543331146,0.8241133093833923
001833_JPG_jpg.rf.b6092f0bd597484bb9c205017e5c389f.jpg,9,0.36723780632019043,0.9119119048118591,0.021129608154296875,0.02530413493514061,0.019892167299985886
001833_JPG_jpg.rf.b6092f0bd597484bb9c205017e5c389f.jpg,1,0.9967817664146423,0.6264437437057495,0.0064364951103925705,0.02060193382203579,0.007406546734273434
001833_JPG_jpg.rf.b6092f0bd597484bb9c205017e5c389f.jpg,0,0.8372511267662048,0.11129222065210342,0.06126631423830986,0.1059892401099205,0.0052714780904352665
001833_JPG_jpg.rf.b6092f0bd597484bb9c205017e5c389f.jpg,1,0.5356877446174622,0.3109033703804016,0.2870712876319885,0.270831435918808,0.0030758448410779238
001833_JPG_jpg.rf.b6092f0bd597484bb9c205017e5c389f.jpg,1,0.17302526533603668,0.9855986833572388,0.023441903293132782,0.027322329580783844,0.0026450217701494694
001833_JPG_jpg.rf.b6092f0bd597484bb9c205017e5c389f.jpg,0,0.9731348752975464,0.06362584233283997,0.025407865643501282,0.022018996998667717,0.0022349152714014053
001833_JPG_jpg.rf.b6092f0bd597484bb9c205017e5c389f.jpg,1,0.17704671621322632,0.9868994355201721,0.03583985194563866,0.026082847267389297,0.0019462299533188343
001833_JPG_jpg.rf.b6092f0bd597484bb9c205017e5c389f.jpg,1,0.9785297513008118,0.15131647884845734,0.023735560476779938,0.019401872530579567,0.001587547012604773
001833_JPG_jpg.rf.b6092f0bd597484bb9c205017e5c389f.jpg,9,0.01336706057190895,0.5069341659545898,0.025846732780337334,0.07420144230127335,0.0015336996875703335
001833_JPG_jpg.rf.b6092f0bd597484bb9c205017e5c389f.jpg,0,0.17716312408447266,0.984085202217102,0.034697093069553375,0.031223738566040993,0.0014827132690697908
001833_JPG_jpg.rf.b6092f0bd597484bb9c205017e5c389f.jpg,0,0.17765305936336517,0.9953723549842834,0.03704027086496353,0.009255263023078442,0.0014649698277935386
001833_JPG_jpg.rf.b6092f0bd597484bb9c205017e5c389f.jpg,1,0.9874652624130249,0.33757415413856506,0.02327999845147133,0.0213638823479414,0.0011465149000287056
001833_JPG_jpg.rf.b6092f0bd597484bb9c205017e5c389f.jpg,0,0.1737743765115738,0.9864568114280701,0.02603420987725258,0.02658587321639061,0.0010485212551429868
001833_JPG_jpg.rf.b6092f0bd597484bb9c205017e5c389f.jpg,1,0.41525760293006897,0.9086874723434448,0.009513745084404945,0.024855760857462883,0.0010183383710682392
001857_JPG_jpg.rf.d447fe7f6ff27a88a5e983e0b5f2a821.jpg,0,0.43739035725593567,0.22940786182880402,0.07188712805509567,0.0352858230471611,0.810488760471344
001857_JPG_jpg.rf.d447fe7f6ff27a88a5e983e0b5f2a821.jpg,0,0.6450373530387878,0.36246514320373535,0.016704414039850235,0.03706550598144531,0.1462366133928299
001857_JPG_jpg.rf.d447fe7f6ff27a88a5e983e0b5f2a821.jpg,0,0.6237810254096985,0.3814719319343567,0.018781771883368492,0.019263122230768204,0.047174982726573944
001857_JPG_jpg.rf.d447fe7f6ff27a88a5e983e0b5f2a821.jpg,0,0.6218716502189636,0.38225051760673523,0.025721991434693336,0.02281137742102146,0.02506295219063759
001857_JPG_jpg.rf.d447fe7f6ff27a88a5e983e0b5f2a821.jpg,1,0.0898357406258583,0.5525645017623901,0.03594372048974037,0.03183354064822197,0.024369454011321068
001857_JPG_jpg.rf.d447fe7f6ff27a88a5e983e0b5f2a821.jpg,0,0.8436558246612549,0.3257754147052765,0.019666893407702446,0.03073369711637497,0.02413623407483101
001857_JPG_jpg.rf.d447fe7f6ff27a88a5e983e0b5f2a821.jpg,8,0.3910566568374634,0.24632468819618225,0.03882026672363281,0.0569419339299202,0.02272278629243374
001857_JPG_jpg.rf.d447fe7f6ff27a88a5e983e0b5f2a821.jpg,0,0.8896282315254211,0.028841888532042503,0.22074362635612488,0.05708695948123932,0.012409488670527935
001857_JPG_jpg.rf.d447fe7f6ff27a88a5e983e0b5f2a821.jpg,0,0.42991316318511963,0.2262035608291626,0.04391542077064514,0.040144480764865875,0.010737446136772633
001857_JPG_jpg.rf.d447fe7f6ff27a88a5e983e0b5f2a821.jpg,1,0.5651945471763611,0.4219549000263214,0.016700634732842445,0.013283032923936844,0.010172298178076744
001857_JPG_jpg.rf.d447fe7f6ff27a88a5e983e0b5f2a821.jpg,0,0.8649011254310608,0.26796817779541016,0.05395948141813278,0.04272398725152016,0.008814670145511627
001857_JPG_jpg.rf.d447fe7f6ff27a88a5e983e0b5f2a821.jpg,0,0.6332074999809265,0.3750309944152832,0.03251193091273308,0.021777667105197906,0.008014081977307796
001857_JPG_jpg.rf.d447fe7f6ff27a88a5e983e0b5f2a821.jpg,0,0.6474032402038574,0.359889417886734,0.015618397854268551,0.041527051478624344,0.007497292477637529
001857_JPG_jpg.rf.d447fe7f6ff27a88a5e983e0b5f2a821.jpg,0,0.7909370064735413,0.26333045959472656,0.052073922008275986,0.032605595886707306,0.005684176459908485
001857_JPG_jpg.rf.d447fe7f6ff27a88a5e983e0b5f2a821.jpg,0,0.6259902119636536,0.3864557445049286,0.027970021590590477,0.03287660330533981,0.005485381931066513
001857_JPG_jpg.rf.d447fe7f6ff27a88a5e983e0b5f2a821.jpg,0,0.6231943368911743,0.37914466857910156,0.02264147624373436,0.022958023473620415,0.005479796789586544
001857_JPG_jpg.rf.d447fe7f6ff27a88a5e983e0b5f2a821.jpg,0,0.8435558676719666,0.2677864730358124,0.04389088228344917,0.04194870591163635,0.004119343124330044
001857_JPG_jpg.rf.d447fe7f6ff27a88a5e983e0b5f2a821.jpg,10,0.3914458453655243,0.24700656533241272,0.03790969401597977,0.056396979838609695,0.0040793525986373425
001857_JPG_jpg.rf.d447fe7f6ff27a88a5e983e0b5f2a821.jpg,0,0.8689987063407898,0.022513000294566154,0.055665239691734314,0.04502600058913231,0.003946287557482719
001857_JPG_jpg.rf.d447fe7f6ff27a88a5e983e0b5f2a821.jpg,0,0.6418814659118652,0.3651844263076782,0.0213650930672884,0.03579378128051758,0.003602303797379136
001857_JPG_jpg.rf.d447fe7f6ff27a88a5e983e0b5f2a821.jpg,0,0.9180760979652405,0.3017396032810211,0.04249073937535286,0.028143828734755516,0.0035885043907910585
001857_JPG_jpg.rf.d447fe7f6ff27a88a5e983e0b5f2a821.jpg,0,0.7940530180931091,0.2579064965248108,0.0469842329621315,0.041664693504571915,0.0034953556023538113
001857_JPG_jpg.rf.d447fe7f6ff27a88a5e983e0b5f2a821.jpg,0,0.6214620471000671,0.38787469267845154,0.026870472356677055,0.033281583338975906,0.0033774340990930796
001857_JPG_jpg.rf.d447fe7f6ff27a88a5e983e0b5f2a821.jpg,1,0.5219297409057617,0.2341730296611786,0.9442476630210876,0.4676806926727295,0.0030892984941601753
001857_JPG_jpg.rf.d447fe7f6ff27a88a5e983e0b5f2a821.jpg,0,0.7791669368743896,0.2641853094100952,0.05583213269710541,0.03652770817279816,0.002933210926130414
001857_JPG_jpg.rf.d447fe7f6ff27a88a5e983e0b5f2a821.jpg,0,0.8487086296081543,0.03322400897741318,0.30258283019065857,0.06627894192934036,0.002726406790316105
001857_JPG_jpg.rf.d447fe7f6ff27a88a5e983e0b5f2a821.jpg,1,0.0851706862449646,0.5509068369865417,0.043451711535453796,0.037839412689208984,0.002646571956574917
001857_JPG_jpg.rf.d447fe7f6ff27a88a5e983e0b5f2a821.jpg,0,0.9174624681472778,0.3023308217525482,0.03679422289133072,0.02218220941722393,0.002535101491957903
001857_JPG_jpg.rf.d447fe7f6ff27a88a5e983e0b5f2a821.jpg,0,0.6266472339630127,0.3816322088241577,0.029763516038656235,0.026599004864692688,0.002362720435485244
001857_JPG_jpg.rf.d447fe7f6ff27a88a5e983e0b5f2a821.jpg,0,0.8444680571556091,0.2747974395751953,0.03484117239713669,0.03219602629542351,0.002294204430654645
001857_JPG_jpg.rf.d447fe7f6ff27a88a5e983e0b5f2a821.jpg,0,0.8939546942710876,0.022607706487178802,0.10796099901199341,0.04519720748066902,0.002241494134068489
001857_JPG_jpg.rf.d447fe7f6ff27a88a5e983e0b5f2a821.jpg,0,0.642846941947937,0.35874074697494507,0.014392046257853508,0.04263001307845116,0.0019242999842390418
001857_JPG_jpg.rf.d447fe7f6ff27a88a5e983e0b5f2a821.jpg,1,0.9335082769393921,0.6756539940834045,0.03204367682337761,0.03334808349609375,0.0019077500328421593
001857_JPG_jpg.rf.d447fe7f6ff27a88a5e983e0b5f2a821.jpg,0,0.9008968472480774,0.01183918584138155,0.14838843047618866,0.0236783716827631,0.001833797083236277
001857_JPG_jpg.rf.d447fe7f6ff27a88a5e983e0b5f2a821.jpg,0,0.6162382960319519,0.36143773794174194,0.022267159074544907,0.013171526603400707,0.0017769081750884652
001857_JPG_jpg.rf.d447fe7f6ff27a88a5e983e0b5f2a821.jpg,0,0.672874927520752,0.278054803609848,0.01729048229753971,0.039217401295900345,0.00166471884585917
001857_JPG_jpg.rf.d447fe7f6ff27a88a5e983e0b5f2a821.jpg,0,0.9223953485488892,0.3186971843242645,0.04810245335102081,0.0602802149951458,0.0016222780104726553
001857_JPG_jpg.rf.d447fe7f6ff27a88a5e983e0b5f2a821.jpg,0,0.9104409217834473,0.2919977903366089,0.04618578776717186,0.0408850833773613,0.0015317687066271901
001857_JPG_jpg.rf.d447fe7f6ff27a88a5e983e0b5f2a821.jpg,0,0.7662330865859985,0.22544251382350922,0.18945693969726562,0.24384891986846924,0.0014981291024014354
001857_JPG_jpg.rf.d447fe7f6ff27a88a5e983e0b5f2a821.jpg,0,0.9132733345031738,0.29801735281944275,0.05224910378456116,0.034986551851034164,0.0014700796455144882
001857_JPG_jpg.rf.d447fe7f6ff27a88a5e983e0b5f2a821.jpg,0,0.87372887134552,0.26348578929901123,0.036321789026260376,0.03190682455897331,0.0014212108217179775
001857_JPG_jpg.rf.d447fe7f6ff27a88a5e983e0b5f2a821.jpg,1,0.5621946454048157,0.42114177346229553,0.021723417565226555,0.020359516143798828,0.0014025771524757147
001857_JPG_jpg.rf.d447fe7f6ff27a88a5e983e0b5f2a821.jpg,11,0.3918718099594116,0.2472415417432785,0.038262881338596344,0.05662918463349342,0.0013638786040246487
001857_JPG_jpg.rf.d447fe7f6ff27a88a5e983e0b5f2a821.jpg,0,0.6369103789329529,0.36861392855644226,0.022343343123793602,0.031064879149198532,0.0013604070991277695
001857_JPG_jpg.rf.d447fe7f6ff27a88a5e983e0b5f2a821.jpg,1,0.09723956882953644,0.46170565485954285,0.01620466075837612,0.03143750876188278,0.0012492429232224822
001857_JPG_jpg.rf.d447fe7f6ff27a88a5e983e0b5f2a821.jpg,0,0.8401971459388733,0.2724762558937073,0.043748125433921814,0.0387771874666214,0.0011855994816869497
001857_JPG_jpg.rf.d447fe7f6ff27a88a5e983e0b5f2a821.jpg,0,0.5945518612861633,0.38575658202171326,0.08917262405157089,0.03505263105034828,0.001167664653621614
001857_JPG_jpg.rf.d447fe7f6ff27a88a5e983e0b5f2a821.jpg,0,0.6415232419967651,0.3582431375980377,0.02091180346906185,0.04676426574587822,0.0010368569055572152
001857_JPG_jpg.rf.d447fe7f6ff27a88a5e983e0b5f2a821.jpg,0,0.8654252886772156,0.03896802291274071,0.049305256456136703,0.07728034257888794,0.0010269563645124435
001857_JPG_jpg.rf.d447fe7f6ff27a88a5e983e0b5f2a821.jpg,0,0.8808109760284424,0.02463553100824356,0.07963687181472778,0.04912170395255089,0.0010111276060342789
001857_JPG_jpg.rf.d447fe7f6ff27a88a5e983e0b5f2a821.jpg,9,0.39054185152053833,0.24729765951633453,0.038209035992622375,0.055381208658218384,0.001008564024232328
001860_JPG_jpg.rf.6e8d22dbd246ecfaf521fbb30ff5e2fe.jpg,0,0.5195818543434143,0.26162004470825195,0.18016529083251953,0.1029510349035263,0.8146406412124634
001860_JPG_jpg.rf.6e8d22dbd246ecfaf521fbb30ff5e2fe.jpg,0,0.9204150438308716,0.9194120764732361,0.03856673836708069,0.02355465665459633,0.4906570315361023
001860_JPG_jpg.rf.6e8d22dbd246ecfaf521fbb30ff5e2fe.jpg,0,0.9270891547203064,0.9142107367515564,0.010771311819553375,0.033135708421468735,0.4540872573852539
001860_JPG_jpg.rf.6e8d22dbd246ecfaf521fbb30ff5e2fe.jpg,0,0.8303238153457642,0.9660345315933228,0.019094614312052727,0.06711351126432419,0.41711631417274475
001860_JPG_jpg.rf.6e8d22dbd246ecfaf521fbb30ff5e2fe.jpg,0,0.8317528367042542,0.9580502510070801,0.021886533126235008,0.08389949798583984,0.08410156518220901
001860_JPG_jpg.rf.6e8d22dbd246ecfaf521fbb30ff5e2fe.jpg,8,0.8936832547187805,0.924039363861084,0.017403163015842438,0.03505251929163933,0.052340444177389145
001860_JPG_jpg.rf.6e8d22dbd246ecfaf521fbb30ff5e2fe.jpg,0,0.9255709052085876,0.9172208309173584,0.016943639144301414,0.029010774567723274,0.03999219834804535
001860_JPG_jpg.rf.6e8d22dbd246ecfaf521fbb30ff5e2fe.jpg,1,0.8936153054237366,0.9415921568870544,0.028916727751493454,0.07233311980962753,0.02129206992685795
001860_JPG_jpg.rf.6e8d22dbd246ecfaf521fbb30ff5e2fe.jpg,0,0.9154154062271118,0.9200531244277954,0.02093505859375,0.024330873042345047,0.018440406769514084
001860_JPG_jpg.rf.6e8d22dbd246ecfaf521fbb30ff5e2fe.jpg,1,0.7528822422027588,0.3182940185070038,0.010900351218879223,0.01891682855784893,0.0170876644551754
001860_JPG_jpg.rf.6e8d22dbd246ecfaf521fbb30ff5e2fe.jpg,1,0.9156011939048767,0.9195942878723145,0.033028751611709595,0.026570908725261688,0.015425748191773891
001860_JPG_jpg.rf.6e8d22dbd246ecfaf521fbb30ff5e2fe.jpg,0,0.8299245238304138,0.9493210315704346,0.039926677942276,0.10135804861783981,0.01302837859839201
001860_JPG_jpg.rf.6e8d22dbd246ecfaf521fbb30ff5e2fe.jpg,1,0.8937801718711853,0.9505382180213928,0.04074390232563019,0.09225244075059891,0.012357032857835293
001860_JPG_jpg.rf.6e8d22dbd246ecfaf521fbb30ff5e2fe.jpg,0,0.9970688223838806,0.034804947674274445,0.005862456280738115,0.023146336898207664,0.00561673566699028
001860_JPG_jpg.rf.6e8d22dbd246ecfaf521fbb30ff5e2fe.jpg,0,0.9272979497909546,0.911802351474762,0.013194671832025051,0.03903961181640625,0.005606558173894882
001860_JPG_jpg.rf.6e8d22dbd246ecfaf521fbb30ff5e2fe.jpg,0,0.9969172477722168,0.0405501052737236,0.006165578030049801,0.03530317172408104,0.005017225164920092
001860_JPG_jpg.rf.6e8d22dbd246ecfaf521fbb30ff5e2fe.jpg,1,0.0033403695560991764,0.19052881002426147,0.006472448352724314,0.036232125014066696,0.0046986667439341545
001860_JPG_jpg.rf.6e8d22dbd246ecfaf521fbb30ff5e2fe.jpg,1,0.9932996034622192,0.1691315472126007,0.01256575994193554,0.02001415751874447,0.003955388441681862
001860_JPG_jpg.rf.6e8d22dbd246ecfaf521fbb30ff5e2fe.jpg,0,0.834163248538971,0.940581738948822,0.03724333271384239,0.11883670091629028,0.003469659946858883
001860_JPG_jpg.rf.6e8d22dbd246ecfaf521fbb30ff5e2fe.jpg,8,0.8989214897155762,0.924267590045929,0.013859676197171211,0.035261522978544235,0.003366372548043728
001860_JPG_jpg.rf.6e8d22dbd246ecfaf521fbb30ff5e2fe.jpg,8,0.8496089577674866,0.9719624519348145,0.014996602199971676,0.04822694510221481,0.002930598333477974
001860_JPG_jpg.rf.6e8d22dbd246ecfaf521fbb30ff5e2fe.jpg,13,0.9972923994064331,0.1108039915561676,0.005415256600826979,0.023103494197130203,0.0021936376579105854
001860_JPG_jpg.rf.6e8d22dbd246ecfaf521fbb30ff5e2fe.jpg,1,0.7807170152664185,0.35779470205307007,0.014163237996399403,0.021165592595934868,0.0021554806735366583
001860_JPG_jpg.rf.6e8d22dbd246ecfaf521fbb30ff5e2fe.jpg,8,0.8405508399009705,0.9690807461738586,0.02190406620502472,0.05820722132921219,0.002144275465980172
001860_JPG_jpg.rf.6e8d22dbd246ecfaf521fbb30ff5e2fe.jpg,0,0.003175680059939623,0.190083846449852,0.006066996604204178,0.036875560879707336,0.0019762669689953327
001860_JPG_jpg.rf.6e8d22dbd246ecfaf521fbb30ff5e2fe.jpg,1,0.8941236138343811,0.9274147152900696,0.02311735972762108,0.04148013889789581,0.0018708229763433337
001860_JPG_jpg.rf.6e8d22dbd246ecfaf521fbb30ff5e2fe.jpg,1,0.8887954354286194,0.9466077089309692,0.0397789292037487,0.08050757646560669,0.001646917313337326
001860_JPG_jpg.rf.6e8d22dbd246ecfaf521fbb30ff5e2fe.jpg,0,0.29822102189064026,0.7401912808418274,0.0676787868142128,0.03146795183420181,0.0014478808734565973
001860_JPG_jpg.rf.6e8d22dbd246ecfaf521fbb30ff5e2fe.jpg,1,0.005438686814159155,0.02252149023115635,0.01049918681383133,0.04142535477876663,0.001406006864272058
001860_JPG_jpg.rf.6e8d22dbd246ecfaf521fbb30ff5e2fe.jpg,1,0.9963146448135376,0.036126311868429184,0.00701830955222249,0.02765166014432907,0.0013654850190505385
001860_JPG_jpg.rf.6e8d22dbd246ecfaf521fbb30ff5e2fe.jpg,8,0.3847389221191406,0.3135099411010742,0.1110503152012825,0.19028504192829132,0.001238380209542811
001860_JPG_jpg.rf.6e8d22dbd246ecfaf521fbb30ff5e2fe.jpg,0,0.306974858045578,0.7413638234138489,0.04391059651970863,0.029038283973932266,0.0012119285529479384
001860_JPG_jpg.rf.6e8d22dbd246ecfaf521fbb30ff5e2fe.jpg,8,0.8518484234809875,0.9741086363792419,0.01591007597744465,0.045687898993492126,0.00120641035027802
001860_JPG_jpg.rf.6e8d22dbd246ecfaf521fbb30ff5e2fe.jpg,0,0.9195020198822021,0.9234565496444702,0.04627227783203125,0.0401386134326458,0.0011527527822181582
001860_JPG_jpg.rf.6e8d22dbd246ecfaf521fbb30ff5e2fe.jpg,1,0.7519822120666504,0.8504759073257446,0.022032005712389946,0.015435585752129555,0.001147455652244389
001860_JPG_jpg.rf.6e8d22dbd246ecfaf521fbb30ff5e2fe.jpg,0,0.9320763945579529,0.9135215878486633,0.015406535938382149,0.03467273712158203,0.0011186980409547687
001860_JPG_jpg.rf.6e8d22dbd246ecfaf521fbb30ff5e2fe.jpg,0,0.8080562949180603,0.9487687945365906,0.08395591378211975,0.10246247798204422,0.0010034972801804543
001918_jpg.rf.cf4263574ace70aef2c9045b9cde5a85.jpg,6,0.5112879276275635,0.7444212436676025,0.26027214527130127,0.3220731019973755,0.7997551560401917
001918_jpg.rf.cf4263574ace70aef2c9045b9cde5a85.jpg,8,0.022240974009037018,0.2739461362361908,0.04432426393032074,0.30065473914146423,0.002918459940701723
001918_jpg.rf.cf4263574ace70aef2c9045b9cde5a85.jpg,7,0.039879895746707916,0.35430312156677246,0.07975979149341583,0.693486213684082,0.002397215459495783
001918_jpg.rf.cf4263574ace70aef2c9045b9cde5a85.jpg,12,0.039372630417346954,0.3195064067840576,0.07866841554641724,0.6098130345344543,0.001951728598214686
001918_jpg.rf.cf4263574ace70aef2c9045b9cde5a85.jpg,14,0.04301838576793671,0.4250292479991913,0.08603677153587341,0.8471633195877075,0.001857076771557331
001918_jpg.rf.cf4263574ace70aef2c9045b9cde5a85.jpg,7,0.05136757716536522,0.4655311405658722,0.10273515433073044,0.9258631467819214,0.0014357509789988399
001918_jpg.rf.cf4263574ace70aef2c9045b9cde5a85.jpg,8,0.03160925582051277,0.30575329065322876,0.06298250705003738,0.415259450674057,0.0014257479924708605
001918_jpg.rf.cf4263574ace70aef2c9045b9cde5a85.jpg,5,0.5538753867149353,0.35434767603874207,0.37618425488471985,0.4746403098106384,0.0013619945384562016
001918_jpg.rf.cf4263574ace70aef2c9045b9cde5a85.jpg,1,0.5494673252105713,0.35185328125953674,0.3891141414642334,0.4822971224784851,0.0011237699072808027
001918_jpg.rf.cf4263574ace70aef2c9045b9cde5a85.jpg,1,0.06233418360352516,0.4833941161632538,0.12466836720705032,0.9667882323265076,0.00111184932757169
001918_jpg.rf.cf4263574ace70aef2c9045b9cde5a85.jpg,14,0.05744883418083191,0.47968217730522156,0.11479678004980087,0.9593643546104431,0.001027589081786573
001982_jpg.rf.6d24adf886f0c39c03910738d4ecc170.jpg,1,0.762384295463562,0.26328396797180176,0.08360547572374344,0.26309773325920105,0.4049184322357178
001982_jpg.rf.6d24adf886f0c39c03910738d4ecc170.jpg,1,0.781943142414093,0.2559542655944824,0.12255705893039703,0.2484317272901535,0.13549567759037018
001982_jpg.rf.6d24adf886f0c39c03910738d4ecc170.jpg,1,0.7565749287605286,0.23923486471176147,0.06738244742155075,0.211610808968544,0.11024840176105499
001982_jpg.rf.6d24adf886f0c39c03910738d4ecc170.jpg,1,0.760456383228302,0.2213124930858612,0.08248527348041534,0.14178939163684845,0.06841762363910675
001982_jpg.rf.6d24adf886f0c39c03910738d4ecc170.jpg,0,0.7773665189743042,0.11734707653522491,0.03911040350794792,0.08746722340583801,0.04721488803625107
001982_jpg.rf.6d24adf886f0c39c03910738d4ecc170.jpg,0,0.8103623390197754,0.25321173667907715,0.06290839612483978,0.24523907899856567,0.03552926331758499
001982_jpg.rf.6d24adf886f0c39c03910738d4ecc170.jpg,1,0.8060609102249146,0.2621951699256897,0.06936601549386978,0.26877361536026,0.014431682415306568
001982_jpg.rf.6d24adf886f0c39c03910738d4ecc170.jpg,8,0.7712977528572083,0.4209931492805481,0.06470233201980591,0.05761938914656639,0.007145152892917395
001982_jpg.rf.6d24adf886f0c39c03910738d4ecc170.jpg,1,0.384028822183609,0.6016263365745544,0.020977938547730446,0.01965687982738018,0.0070083304308354855
001982_jpg.rf.6d24adf886f0c39c03910738d4ecc170.jpg,9,0.06412719935178757,0.05189049616456032,0.0297712329775095,0.039101142436265945,0.006580962333828211
001982_jpg.rf.6d24adf886f0c39c03910738d4ecc170.jpg,1,0.06444784998893738,0.6821237802505493,0.02227783203125,0.05148366838693619,0.004624175373464823
001982_jpg.rf.6d24adf886f0c39c03910738d4ecc170.jpg,1,0.06436564773321152,0.674603283405304,0.02107590064406395,0.03585294634103775,0.0040978058241307735
001982_jpg.rf.6d24adf886f0c39c03910738d4ecc170.jpg,0,0.7748850584030151,0.13064758479595184,0.046903759241104126,0.11947367340326309,0.0040294877253472805
001982_jpg.rf.6d24adf886f0c39c03910738d4ecc170.jpg,12,0.44447746872901917,0.26194438338279724,0.009888172149658203,0.017801541835069656,0.003929842729121447
001982_jpg.rf.6d24adf886f0c39c03910738d4ecc170.jpg,7,0.06413592398166656,0.05147625878453255,0.029916416853666306,0.03940904140472412,0.003574682865291834
001982_jpg.rf.6d24adf886f0c39c03910738d4ecc170.jpg,1,0.6674425005912781,0.8514125943183899,0.015138260088860989,0.008147386834025383,0.00342712108977139
001982_jpg.rf.6d24adf886f0c39c03910738d4ecc170.jpg,1,0.019408568739891052,0.5768546462059021,0.019966883584856987,0.02003185637295246,0.0026708014775067568
001982_jpg.rf.6d24adf886f0c39c03910738d4ecc170.jpg,1,0.0183425210416317,0.5853861570358276,0.020329594612121582,0.044166821986436844,0.002437013201415539
001982_jpg.rf.6d24adf886f0c39c03910738d4ecc170.jpg,8,0.06541061401367188,0.049034230411052704,0.033125292509794235,0.04060426726937294,0.002234774874523282
001982_jpg.rf.6d24adf886f0c39c03910738d4ecc170.jpg,0,0.363772988319397,0.24083086848258972,0.03061261586844921,0.021497085690498352,0.0018690633587539196
001982_jpg.rf.6d24adf886f0c39c03910738d4ecc170.jpg,1,0.059231437742710114,0.681020200252533,0.032893646508455276,0.05087067559361458,0.0017130173509940505
001982_jpg.rf.6d24adf886f0c39c03910738d4ecc170.jpg,1,0.020372873172163963,0.5769461989402771,0.023495523259043694,0.025391506031155586,0.0016895351000130177
001982_jpg.rf.6d24adf886f0c39c03910738d4ecc170.jpg,1,0.7722061276435852,0.4393516778945923,0.07020385563373566,0.09428916126489639,0.0016752181109040976
001982_jpg.rf.6d24adf886f0c39c03910738d4ecc170.jpg,8,0.7718797922134399,0.43717944622039795,0.06862882524728775,0.08966299891471863,0.0015952354297041893
001982_jpg.rf.6d24adf886f0c39c03910738d4ecc170.jpg,9,0.966623067855835,0.31701013445854187,0.02336626872420311,0.03587508201599121,0.0014588095946237445
001982_jpg.rf.6d24adf886f0c39c03910738d4ecc170.jpg,14,0.7567411065101624,0.1789502650499344,0.0685439482331276,0.09754277765750885,0.0013398367445915937
001982_jpg.rf.6d24adf886f0c39c03910738d4ecc170.jpg,1,0.017472438514232635,0.5915564298629761,0.021298164501786232,0.05885898321866989,0.00133509561419487
001982_jpg.rf.6d24adf886f0c39c03910738d4ecc170.jpg,1,0.3843783736228943,0.6017824411392212,0.02521635964512825,0.023795312270522118,0.0010660691186785698
001982_jpg.rf.6d24adf886f0c39c03910738d4ecc170.jpg,1,0.7813858985900879,0.19890768826007843,0.10579366236925125,0.2716662883758545,0.0010103128151968122
001996_jpg.rf.e04928f5210adad4b15f5a851c83b514.jpg,1,0.6776805520057678,0.519277811050415,0.31050580739974976,0.5135267972946167,0.7547598481178284
001996_jpg.rf.e04928f5210adad4b15f5a851c83b514.jpg,1,0.5742546319961548,0.5262899398803711,0.3636200428009033,0.5297820568084717,0.06848840415477753
001996_jpg.rf.e04928f5210adad4b15f5a851c83b514.jpg,1,0.7407472133636475,0.5132944583892822,0.3446909487247467,0.5053426623344421,0.04618740454316139
001996_jpg.rf.e04928f5210adad4b15f5a851c83b514.jpg,1,0.6450769901275635,0.5020229816436768,0.2330961674451828,0.469375342130661,0.027189062908291817
001996_jpg.rf.e04928f5210adad4b15f5a851c83b514.jpg,1,0.7663059234619141,0.5626975893974304,0.2765003442764282,0.4095299243927002,0.020834214985370636
001996_jpg.rf.e04928f5210adad4b15f5a851c83b514.jpg,1,0.7580152750015259,0.6271223425865173,0.20817236602306366,0.31026723980903625,0.009127327241003513
001996_jpg.rf.e04928f5210adad4b15f5a851c83b514.jpg,0,0.7474914789199829,0.6216419339179993,0.2403813898563385,0.31557488441467285,0.004890461917966604
001996_jpg.rf.e04928f5210adad4b15f5a851c83b514.jpg,1,0.3456704318523407,0.5919140577316284,0.6874935626983643,0.6275580525398254,0.0047484771348536015
001996_jpg.rf.e04928f5210adad4b15f5a851c83b514.jpg,1,0.7813085913658142,0.6438870429992676,0.15856735408306122,0.3182361423969269,0.004350082483142614
001996_jpg.rf.e04928f5210adad4b15f5a851c83b514.jpg,1,0.6629420518875122,0.45172953605651855,0.2563107907772064,0.36293113231658936,0.004068987909704447
001996_jpg.rf.e04928f5210adad4b15f5a851c83b514.jpg,1,0.6240008473396301,0.3920714557170868,0.1632680594921112,0.23187802731990814,0.004021152388304472
001996_jpg.rf.e04928f5210adad4b15f5a851c83b514.jpg,1,0.44946590065956116,0.6167506575584412,0.8859988451004028,0.7664987444877625,0.0032556108199059963
001996_jpg.rf.e04928f5210adad4b15f5a851c83b514.jpg,1,0.6141495108604431,0.3939651548862457,0.059976689517498016,0.06586122512817383,0.0025977606419473886
001996_jpg.rf.e04928f5210adad4b15f5a851c83b514.jpg,1,0.620288074016571,0.3617122173309326,0.07238098233938217,0.13860063254833221,0.0015484440373256803
001996_jpg.rf.e04928f5210adad4b15f5a851c83b514.jpg,1,0.35037505626678467,0.665324330329895,0.037653665989637375,0.028064141049981117,0.001044054632075131
002188_jpg.rf.0c0627398b64450d4f392c77290207fe.jpg,1,0.7177415490150452,0.3320055603981018,0.33913373947143555,0.17429764568805695,0.8808615207672119
002188_jpg.rf.0c0627398b64450d4f392c77290207fe.jpg,1,0.6668279767036438,0.3428792953491211,0.2431679219007492,0.17267513275146484,0.17609117925167084
002188_jpg.rf.0c0627398b64450d4f392c77290207fe.jpg,1,0.6393978595733643,0.342783123254776,0.18024125695228577,0.15918408334255219,0.003744956338778138
002188_jpg.rf.0c0627398b64450d4f392c77290207fe.jpg,0,0.05098451301455498,0.7967954277992249,0.10196902602910995,0.3506251275539398,0.0018031647196039557
002188_jpg.rf.0c0627398b64450d4f392c77290207fe.jpg,1,0.7555557489395142,0.3214138150215149,0.2642655074596405,0.16497237980365753,0.0017344111111015081
002188_jpg.rf.0c0627398b64450d4f392c77290207fe.jpg,1,0.5936185121536255,0.34291955828666687,0.09403625130653381,0.155366450548172,0.001614267355762422
002188_jpg.rf.0c0627398b64450d4f392c77290207fe.jpg,1,0.6658596396446228,0.4609295129776001,0.30634409189224243,0.4368372857570648,0.0012112240074202418
0023f366-a173-4ba7-952c-63f5698c022d_jpg.rf.9edd5a29eae0884e275e51ee445d1a10.jpg,1,0.5696425437927246,0.5051493048667908,0.6918930411338806,0.86089026927948,0.8955299258232117
0023f366-a173-4ba7-952c-63f5698c022d_jpg.rf.9edd5a29eae0884e275e51ee445d1a10.jpg,1,0.8986762166023254,0.5102933049201965,0.20224036276340485,0.9692108035087585,0.3751261830329895
0023f366-a173-4ba7-952c-63f5698c022d_jpg.rf.9edd5a29eae0884e275e51ee445d1a10.jpg,1,0.546453595161438,0.24289456009864807,0.9070929288864136,0.48578912019729614,0.25023019313812256
0023f366-a173-4ba7-952c-63f5698c022d_jpg.rf.9edd5a29eae0884e275e51ee445d1a10.jpg,1,0.1658962070941925,0.5492388606071472,0.331792414188385,0.7916669249534607,0.1971554458141327
0023f366-a173-4ba7-952c-63f5698c022d_jpg.rf.9edd5a29eae0884e275e51ee445d1a10.jpg,1,0.2210109978914261,0.5069528818130493,0.4420219957828522,0.8803637027740479,0.09147320687770844
0023f366-a173-4ba7-952c-63f5698c022d_jpg.rf.9edd5a29eae0884e275e51ee445d1a10.jpg,1,0.561255931854248,0.36772266030311584,0.8719136714935303,0.7354453206062317,0.055315837264060974
0023f366-a173-4ba7-952c-63f5698c022d_jpg.rf.9edd5a29eae0884e275e51ee445d1a10.jpg,1,0.5,0.940136730670929,1.0,0.11972655355930328,0.055183447897434235
0023f366-a173-4ba7-952c-63f5698c022d_jpg.rf.9edd5a29eae0884e275e51ee445d1a10.jpg,1,0.339834988117218,0.4884669780731201,0.679669976234436,0.9220119714736938,0.04508979618549347
0023f366-a173-4ba7-952c-63f5698c022d_jpg.rf.9edd5a29eae0884e275e51ee445d1a10.jpg,1,0.12335900962352753,0.5822877287864685,0.24671801924705505,0.7326570153236389,0.03210989385843277
0023f366-a173-4ba7-952c-63f5698c022d_jpg.rf.9edd5a29eae0884e275e51ee445d1a10.jpg,1,0.822621762752533,0.5046287775039673,0.35475659370422363,0.9596391916275024,0.02779318019747734
0023f366-a173-4ba7-952c-63f5698c022d_jpg.rf.9edd5a29eae0884e275e51ee445d1a10.jpg,1,0.4991610050201416,0.9416441321372986,0.9550777077674866,0.11671184003353119,0.018989810720086098
0023f366-a173-4ba7-952c-63f5698c022d_jpg.rf.9edd5a29eae0884e275e51ee445d1a10.jpg,1,0.28191453218460083,0.17089053988456726,0.5638290643692017,0.3417810797691345,0.013408079743385315
0023f366-a173-4ba7-952c-63f5698c022d_jpg.rf.9edd5a29eae0884e275e51ee445d1a10.jpg,10,0.5062584280967712,0.9412407875061035,0.9798492789268494,0.11751843243837357,0.010551564395427704
0023f366-a173-4ba7-952c-63f5698c022d_jpg.rf.9edd5a29eae0884e275e51ee445d1a10.jpg,0,0.13469591736793518,0.5726814270019531,0.26939183473587036,0.722542941570282,0.009798475541174412
0023f366-a173-4ba7-952c-63f5698c022d_jpg.rf.9edd5a29eae0884e275e51ee445d1a10.jpg,1,0.3988167345523834,0.15155933797359467,0.7976334691047668,0.30311867594718933,0.007269119843840599
0023f366-a173-4ba7-952c-63f5698c022d_jpg.rf.9edd5a29eae0884e275e51ee445d1a10.jpg,1,0.5658164024353027,0.13891689479351044,0.8640247583389282,0.27702367305755615,0.007158564403653145
0023f366-a173-4ba7-952c-63f5698c022d_jpg.rf.9edd5a29eae0884e275e51ee445d1a10.jpg,1,0.5323922038078308,0.9648646116256714,0.9352157115936279,0.07027076184749603,0.004122637212276459
0023f366-a173-4ba7-952c-63f5698c022d_jpg.rf.9edd5a29eae0884e275e51ee445d1a10.jpg,1,0.18570633232593536,0.39061132073402405,0.3713626265525818,0.7812226414680481,0.003957081586122513
0023f366-a173-4ba7-952c-63f5698c022d_jpg.rf.9edd5a29eae0884e275e51ee445d1a10.jpg,1,0.18681901693344116,0.17534740269184113,0.3734361231327057,0.35069480538368225,0.003142573172226548
0023f366-a173-4ba7-952c-63f5698c022d_jpg.rf.9edd5a29eae0884e275e51ee445d1a10.jpg,1,0.6315717101097107,0.4104626476764679,0.6051626205444336,0.7335226535797119,0.0027900508139282465
0023f366-a173-4ba7-952c-63f5698c022d_jpg.rf.9edd5a29eae0884e275e51ee445d1a10.jpg,0,0.2580324411392212,0.48008662462234497,0.5160648822784424,0.9166594743728638,0.0026186585891991854
0023f366-a173-4ba7-952c-63f5698c022d_jpg.rf.9edd5a29eae0884e275e51ee445d1a10.jpg,1,0.23918244242668152,0.26552248001098633,0.47836488485336304,0.5310449600219727,0.00245106965303421
0023f366-a173-4ba7-952c-63f5698c022d_jpg.rf.9edd5a29eae0884e275e51ee445d1a10.jpg,1,0.08604879677295685,0.5767364501953125,0.1720975935459137,0.7562215328216553,0.0023732539266347885
0023f366-a173-4ba7-952c-63f5698c022d_jpg.rf.9edd5a29eae0884e275e51ee445d1a10.jpg,1,0.10685166716575623,0.4817197918891907,0.21370333433151245,0.9634395837783813,0.002045984845608473
0023f366-a173-4ba7-952c-63f5698c022d_jpg.rf.9edd5a29eae0884e275e51ee445d1a10.jpg,1,0.376331090927124,0.10005811601877213,0.752662181854248,0.20011623203754425,0.002018781378865242
0023f366-a173-4ba7-952c-63f5698c022d_jpg.rf.9edd5a29eae0884e275e51ee445d1a10.jpg,1,0.15359355509281158,0.2540781497955322,0.3071507513523102,0.5081562995910645,0.0015668373089283705
0023f366-a173-4ba7-952c-63f5698c022d_jpg.rf.9edd5a29eae0884e275e51ee445d1a10.jpg,1,0.7277900576591492,0.5015780329704285,0.5444199442863464,0.9536207914352417,0.001474299468100071
0230d0a6-0eac-4bf1-bc0c-560f18ad7415_jpg.rf.48f1963e9fbe5a6b0179b33762a2eb65.jpg,1,0.5828418731689453,0.5017417669296265,0.6357582211494446,0.8464861512184143,0.8798661828041077
0230d0a6-0eac-4bf1-bc0c-560f18ad7415_jpg.rf.48f1963e9fbe5a6b0179b33762a2eb65.jpg,1,0.18885871767997742,0.5302115678787231,0.37771743535995483,0.9395769238471985,0.10072178393602371
0230d0a6-0eac-4bf1-bc0c-560f18ad7415_jpg.rf.48f1963e9fbe5a6b0179b33762a2eb65.jpg,1,0.18656574189662933,0.3857869505882263,0.37313148379325867,0.7666224241256714,0.0947418063879013
0230d0a6-0eac-4bf1-bc0c-560f18ad7415_jpg.rf.48f1963e9fbe5a6b0179b33762a2eb65.jpg,1,0.5733307003974915,0.26160484552383423,0.8516570329666138,0.5232096910476685,0.06664982438087463
0230d0a6-0eac-4bf1-bc0c-560f18ad7415_jpg.rf.48f1963e9fbe5a6b0179b33762a2eb65.jpg,1,0.9013413786888123,0.4703468680381775,0.19731727242469788,0.8848521709442139,0.030320730060338974
0230d0a6-0eac-4bf1-bc0c-560f18ad7415_jpg.rf.48f1963e9fbe5a6b0179b33762a2eb65.jpg,1,0.13036119937896729,0.5124009251594543,0.2604888081550598,0.9751982688903809,0.029490679502487183
0230d0a6-0eac-4bf1-bc0c-560f18ad7415_jpg.rf.48f1963e9fbe5a6b0179b33762a2eb65.jpg,0,0.21960517764091492,0.5084574818611145,0.43921035528182983,0.9830851554870605,0.02583150565624237
0230d0a6-0eac-4bf1-bc0c-560f18ad7415_jpg.rf.48f1963e9fbe5a6b0179b33762a2eb65.jpg,1,0.3971419930458069,0.13676391541957855,0.7942839860916138,0.2735278308391571,0.012772216461598873
0230d0a6-0eac-4bf1-bc0c-560f18ad7415_jpg.rf.48f1963e9fbe5a6b0179b33762a2eb65.jpg,1,0.41549649834632874,0.8142092823982239,0.8309929966926575,0.3715815246105194,0.011819032952189445
0230d0a6-0eac-4bf1-bc0c-560f18ad7415_jpg.rf.48f1963e9fbe5a6b0179b33762a2eb65.jpg,1,0.4025934338569641,0.4710688292980194,0.8051868677139282,0.8501732349395752,0.011366873048245907
0230d0a6-0eac-4bf1-bc0c-560f18ad7415_jpg.rf.48f1963e9fbe5a6b0179b33762a2eb65.jpg,1,0.9295055866241455,0.46662572026252747,0.1409887969493866,0.8563868999481201,0.009744309820234776
0230d0a6-0eac-4bf1-bc0c-560f18ad7415_jpg.rf.48f1963e9fbe5a6b0179b33762a2eb65.jpg,1,0.46248140931129456,0.18660399317741394,0.9249628186225891,0.3732079863548279,0.009732423350214958
0230d0a6-0eac-4bf1-bc0c-560f18ad7415_jpg.rf.48f1963e9fbe5a6b0179b33762a2eb65.jpg,0,0.43699145317077637,0.8043083548545837,0.8739829063415527,0.3913833796977997,0.007599070202559233
0230d0a6-0eac-4bf1-bc0c-560f18ad7415_jpg.rf.48f1963e9fbe5a6b0179b33762a2eb65.jpg,1,0.7680130004882812,0.4758544862270355,0.4639739394187927,0.8867154717445374,0.005132134072482586
0230d0a6-0eac-4bf1-bc0c-560f18ad7415_jpg.rf.48f1963e9fbe5a6b0179b33762a2eb65.jpg,1,0.48244479298591614,0.8682020902633667,0.9596310257911682,0.2635958790779114,0.004741746000945568
0230d0a6-0eac-4bf1-bc0c-560f18ad7415_jpg.rf.48f1963e9fbe5a6b0179b33762a2eb65.jpg,0,0.19811128079891205,0.6765884757041931,0.3962225615978241,0.6340091824531555,0.0037692454643547535
0230d0a6-0eac-4bf1-bc0c-560f18ad7415_jpg.rf.48f1963e9fbe5a6b0179b33762a2eb65.jpg,1,0.44583985209465027,0.2903100848197937,0.8902010917663574,0.5511766672134399,0.003686905140057206
0230d0a6-0eac-4bf1-bc0c-560f18ad7415_jpg.rf.48f1963e9fbe5a6b0179b33762a2eb65.jpg,1,0.07421857863664627,0.5327033996582031,0.14843715727329254,0.92495197057724,0.003441629698500037
0230d0a6-0eac-4bf1-bc0c-560f18ad7415_jpg.rf.48f1963e9fbe5a6b0179b33762a2eb65.jpg,1,0.25619441270828247,0.3482099771499634,0.5123888254165649,0.6894619464874268,0.0026919906958937645
0230d0a6-0eac-4bf1-bc0c-560f18ad7415_jpg.rf.48f1963e9fbe5a6b0179b33762a2eb65.jpg,1,0.5,0.7879220843315125,1.0,0.4241558611392975,0.002559884451329708
0230d0a6-0eac-4bf1-bc0c-560f18ad7415_jpg.rf.48f1963e9fbe5a6b0179b33762a2eb65.jpg,1,0.5698883533477783,0.15605111420154572,0.8597452044487,0.31210222840309143,0.0024645808152854443
0230d0a6-0eac-4bf1-bc0c-560f18ad7415_jpg.rf.48f1963e9fbe5a6b0179b33762a2eb65.jpg,1,0.43528425693511963,0.09426654875278473,0.8705685138702393,0.18836572766304016,0.002167796017602086
0230d0a6-0eac-4bf1-bc0c-560f18ad7415_jpg.rf.48f1963e9fbe5a6b0179b33762a2eb65.jpg,1,0.3180831968784332,0.8547832369804382,0.6361663937568665,0.2904336154460907,0.0014936556108295918
0230d0a6-0eac-4bf1-bc0c-560f18ad7415_jpg.rf.48f1963e9fbe5a6b0179b33762a2eb65.jpg,1,0.27223578095436096,0.13696905970573425,0.5444715619087219,0.2739381194114685,0.0014303664211183786
0230d0a6-0eac-4bf1-bc0c-560f18ad7415_jpg.rf.48f1963e9fbe5a6b0179b33762a2eb65.jpg,1,0.2766445577144623,0.46932265162467957,0.5532891154289246,0.8187517523765564,0.0012847951147705317
0230d0a6-0eac-4bf1-bc0c-560f18ad7415_jpg.rf.48f1963e9fbe5a6b0179b33762a2eb65.jpg,1,0.5,0.9310178160667419,1.0,0.13796447217464447,0.0012844757875427604
0230d0a6-0eac-4bf1-bc0c-560f18ad7415_jpg.rf.48f1963e9fbe5a6b0179b33762a2eb65.jpg,1,0.5682334899902344,0.34977495670318604,0.678207278251648,0.6662043333053589,0.0011947345919907093
0313fdea-c8b1-458b-adac-adcb4aac3622_jpg.rf.78780f33ec642080187f26937e8005be.jpg,1,0.5582343935966492,0.5149380564689636,0.690423309803009,0.8488723039627075,0.8128761649131775
0313fdea-c8b1-458b-adac-adcb4aac3622_jpg.rf.78780f33ec642080187f26937e8005be.jpg,1,0.8094788789749146,0.4460373520851135,0.38104236125946045,0.8856292963027954,0.1236533522605896
0313fdea-c8b1-458b-adac-adcb4aac3622_jpg.rf.78780f33ec642080187f26937e8005be.jpg,1,0.18386146426200867,0.48935526609420776,0.36772292852401733,0.9004347920417786,0.05471460521221161
0313fdea-c8b1-458b-adac-adcb4aac3622_jpg.rf.78780f33ec642080187f26937e8005be.jpg,1,0.5909149050712585,0.28844210505485535,0.7803989052772522,0.576124370098114,0.040703509002923965
0313fdea-c8b1-458b-adac-adcb4aac3622_jpg.rf.78780f33ec642080187f26937e8005be.jpg,1,0.31685659289360046,0.46894365549087524,0.6337131857872009,0.9378873109817505,0.031067555770277977
0313fdea-c8b1-458b-adac-adcb4aac3622_jpg.rf.78780f33ec642080187f26937e8005be.jpg,1,0.6288136839866638,0.16428841650485992,0.734343409538269,0.3285540044307709,0.03076520375907421
0313fdea-c8b1-458b-adac-adcb4aac3622_jpg.rf.78780f33ec642080187f26937e8005be.jpg,1,0.5034476518630981,0.4360367953777313,0.5517922043800354,0.6456990242004395,0.022459156811237335
0313fdea-c8b1-458b-adac-adcb4aac3622_jpg.rf.78780f33ec642080187f26937e8005be.jpg,1,0.6168257594108582,0.0927380621433258,0.7663484811782837,0.1854761242866516,0.019810277968645096
0313fdea-c8b1-458b-adac-adcb4aac3622_jpg.rf.78780f33ec642080187f26937e8005be.jpg,1,0.6407051086425781,0.06630939245223999,0.718315601348877,0.13258913159370422,0.010013571009039879
0313fdea-c8b1-458b-adac-adcb4aac3622_jpg.rf.78780f33ec642080187f26937e8005be.jpg,1,0.8683860898017883,0.43148618936538696,0.2632279098033905,0.8593757152557373,0.008379248902201653
0313fdea-c8b1-458b-adac-adcb4aac3622_jpg.rf.78780f33ec642080187f26937e8005be.jpg,1,0.6774134635925293,0.4304453134536743,0.6451294422149658,0.8492521643638611,0.0038037896156311035
0313fdea-c8b1-458b-adac-adcb4aac3622_jpg.rf.78780f33ec642080187f26937e8005be.jpg,11,0.28456687927246094,0.44025975465774536,0.5691337585449219,0.880010724067688,0.003366950200870633
0313fdea-c8b1-458b-adac-adcb4aac3622_jpg.rf.78780f33ec642080187f26937e8005be.jpg,1,0.4218396842479706,0.43548300862312317,0.3870556950569153,0.6069288849830627,0.002685495186597109
0313fdea-c8b1-458b-adac-adcb4aac3622_jpg.rf.78780f33ec642080187f26937e8005be.jpg,1,0.570513129234314,0.26151880621910095,0.5968790054321289,0.5228983163833618,0.002556901890784502
0313fdea-c8b1-458b-adac-adcb4aac3622_jpg.rf.78780f33ec642080187f26937e8005be.jpg,1,0.3667706549167633,0.11740264296531677,0.73036789894104,0.23480528593063354,0.0022481123451143503
0313fdea-c8b1-458b-adac-adcb4aac3622_jpg.rf.78780f33ec642080187f26937e8005be.jpg,1,0.3925929069519043,0.1602007895708084,0.782133936882019,0.32004284858703613,0.0022418650332838297
0313fdea-c8b1-458b-adac-adcb4aac3622_jpg.rf.78780f33ec642080187f26937e8005be.jpg,1,0.4400610625743866,0.30201777815818787,0.8595913052558899,0.6040355563163757,0.0017234201077371836
0313fdea-c8b1-458b-adac-adcb4aac3622_jpg.rf.78780f33ec642080187f26937e8005be.jpg,1,0.6077622175216675,0.20693613588809967,0.5235632658004761,0.41387227177619934,0.0016574874753132463
0313fdea-c8b1-458b-adac-adcb4aac3622_jpg.rf.78780f33ec642080187f26937e8005be.jpg,1,0.6005601286888123,0.3580814003944397,0.5378667116165161,0.7161628007888794,0.001606933306902647
0313fdea-c8b1-458b-adac-adcb4aac3622_jpg.rf.78780f33ec642080187f26937e8005be.jpg,1,0.4375043213367462,0.20735792815685272,0.8585569858551025,0.4143489897251129,0.001465584384277463
0313fdea-c8b1-458b-adac-adcb4aac3622_jpg.rf.78780f33ec642080187f26937e8005be.jpg,1,0.4663666784763336,0.4434948265552521,0.6260191798210144,0.8430412411689758,0.0010616295039653778
0313fdea-c8b1-458b-adac-adcb4aac3622_jpg.rf.78780f33ec642080187f26937e8005be.jpg,1,0.13275273144245148,0.4728550612926483,0.26550546288490295,0.9457101225852966,0.0010314849205315113
0590a57d-491c-4322-b287-594d5511e79b_jpg.rf.654f0a4f98fad473e55cc437d1c9d902.jpg,0,0.4736481010913849,0.551823616027832,0.6590982675552368,0.8100812435150146,0.8783800601959229
0590a57d-491c-4322-b287-594d5511e79b_jpg.rf.654f0a4f98fad473e55cc437d1c9d902.jpg,1,0.8381263017654419,0.48144662380218506,0.32374757528305054,0.9537348747253418,0.3913889229297638
0590a57d-491c-4322-b287-594d5511e79b_jpg.rf.654f0a4f98fad473e55cc437d1c9d902.jpg,0,0.18481595814228058,0.4843473732471466,0.36963191628456116,0.9686947464942932,0.15745104849338531
0590a57d-491c-4322-b287-594d5511e79b_jpg.rf.654f0a4f98fad473e55cc437d1c9d902.jpg,1,0.5756732225418091,0.2860528528690338,0.8373817801475525,0.5714207887649536,0.13817808032035828
0590a57d-491c-4322-b287-594d5511e79b_jpg.rf.654f0a4f98fad473e55cc437d1c9d902.jpg,0,0.2682616710662842,0.4840490221977234,0.5365233421325684,0.9680980443954468,0.10913664102554321
0590a57d-491c-4322-b287-594d5511e79b_jpg.rf.654f0a4f98fad473e55cc437d1c9d902.jpg,1,0.9117526412010193,0.49744555354118347,0.1764947474002838,0.9285114407539368,0.051132313907146454
0590a57d-491c-4322-b287-594d5511e79b_jpg.rf.654f0a4f98fad473e55cc437d1c9d902.jpg,0,0.8891339302062988,0.585021436214447,0.2217322140932083,0.7062098979949951,0.04748609662055969
0590a57d-491c-4322-b287-594d5511e79b_jpg.rf.654f0a4f98fad473e55cc437d1c9d902.jpg,1,0.11395163834095001,0.5042732954025269,0.22790327668190002,0.9357507824897766,0.039300836622714996
0590a57d-491c-4322-b287-594d5511e79b_jpg.rf.654f0a4f98fad473e55cc437d1c9d902.jpg,1,0.4403716027736664,0.3273670971393585,0.8764217495918274,0.6497026085853577,0.03298399969935417
0590a57d-491c-4322-b287-594d5511e79b_jpg.rf.654f0a4f98fad473e55cc437d1c9d902.jpg,1,0.17415936291217804,0.4853966534137726,0.3483187258243561,0.9679513573646545,0.02389848791062832
0590a57d-491c-4322-b287-594d5511e79b_jpg.rf.654f0a4f98fad473e55cc437d1c9d902.jpg,0,0.8409034013748169,0.6313790678977966,0.3181932866573334,0.7372419238090515,0.014886393211781979
0590a57d-491c-4322-b287-594d5511e79b_jpg.rf.654f0a4f98fad473e55cc437d1c9d902.jpg,0,0.7272785305976868,0.504344642162323,0.5449575185775757,0.8929304480552673,0.01436198316514492
0590a57d-491c-4322-b287-594d5511e79b_jpg.rf.654f0a4f98fad473e55cc437d1c9d902.jpg,0,0.8549364805221558,0.5483453869819641,0.2901270389556885,0.8123376965522766,0.011232882738113403
0590a57d-491c-4322-b287-594d5511e79b_jpg.rf.654f0a4f98fad473e55cc437d1c9d902.jpg,0,0.13561242818832397,0.49958616495132446,0.27122485637664795,0.9069958925247192,0.010149574838578701
0590a57d-491c-4322-b287-594d5511e79b_jpg.rf.654f0a4f98fad473e55cc437d1c9d902.jpg,1,0.4948938488960266,0.4869498014450073,0.5269098281860352,0.7070168852806091,0.009741798043251038
0590a57d-491c-4322-b287-594d5511e79b_jpg.rf.654f0a4f98fad473e55cc437d1c9d902.jpg,1,0.7638720273971558,0.47077980637550354,0.4722560942173004,0.9369388222694397,0.009550094604492188
0590a57d-491c-4322-b287-594d5511e79b_jpg.rf.654f0a4f98fad473e55cc437d1c9d902.jpg,1,0.9148609638214111,0.6177284121513367,0.17027804255485535,0.6537386178970337,0.009488577023148537
0590a57d-491c-4322-b287-594d5511e79b_jpg.rf.654f0a4f98fad473e55cc437d1c9d902.jpg,0,0.6095601320266724,0.5396226048469543,0.7785433530807495,0.8564220666885376,0.008524797856807709
0590a57d-491c-4322-b287-594d5511e79b_jpg.rf.654f0a4f98fad473e55cc437d1c9d902.jpg,0,0.3804530203342438,0.4793104827404022,0.7605379223823547,0.9548745155334473,0.007688549812883139
0590a57d-491c-4322-b287-594d5511e79b_jpg.rf.654f0a4f98fad473e55cc437d1c9d902.jpg,1,0.4588405191898346,0.2215779572725296,0.9143932461738586,0.4431559145450592,0.007262684870511293
0590a57d-491c-4322-b287-594d5511e79b_jpg.rf.654f0a4f98fad473e55cc437d1c9d902.jpg,1,0.3117636740207672,0.48471519351005554,0.6235273480415344,0.964932382106781,0.007069988641887903
0590a57d-491c-4322-b287-594d5511e79b_jpg.rf.654f0a4f98fad473e55cc437d1c9d902.jpg,0,0.9041949510574341,0.6179202198982239,0.19141535460948944,0.652747631072998,0.006596186198294163
0590a57d-491c-4322-b287-594d5511e79b_jpg.rf.654f0a4f98fad473e55cc437d1c9d902.jpg,0,0.8101484775543213,0.6365824937820435,0.3797031044960022,0.6754480600357056,0.004406590946018696
0590a57d-491c-4322-b287-594d5511e79b_jpg.rf.654f0a4f98fad473e55cc437d1c9d902.jpg,1,0.8891858458518982,0.4307909905910492,0.22162826359272003,0.8615819811820984,0.004343862645328045
0590a57d-491c-4322-b287-594d5511e79b_jpg.rf.654f0a4f98fad473e55cc437d1c9d902.jpg,0,0.09340367466211319,0.5149968266487122,0.18680734932422638,0.8802310824394226,0.0041545843705534935
0590a57d-491c-4322-b287-594d5511e79b_jpg.rf.654f0a4f98fad473e55cc437d1c9d902.jpg,1,0.3979707360267639,0.14525485038757324,0.7939763069152832,0.2899554371833801,0.003013086738064885
0590a57d-491c-4322-b287-594d5511e79b_jpg.rf.654f0a4f98fad473e55cc437d1c9d902.jpg,1,0.5496562719345093,0.14915621280670166,0.8895657062530518,0.2982412874698639,0.0028910746332257986
0590a57d-491c-4322-b287-594d5511e79b_jpg.rf.654f0a4f98fad473e55cc437d1c9d902.jpg,0,0.49610385298728943,0.7637346982955933,0.989745020866394,0.47253063321113586,0.0028394930996000767
0590a57d-491c-4322-b287-594d5511e79b_jpg.rf.654f0a4f98fad473e55cc437d1c9d902.jpg,0,0.8773676156997681,0.5388657450675964,0.24526472389698029,0.9222685098648071,0.0026946982834488153
0590a57d-491c-4322-b287-594d5511e79b_jpg.rf.654f0a4f98fad473e55cc437d1c9d902.jpg,1,0.8617507219314575,0.22853118181228638,0.2763361632823944,0.4556896686553955,0.0017768734833225608
0590a57d-491c-4322-b287-594d5511e79b_jpg.rf.654f0a4f98fad473e55cc437d1c9d902.jpg,1,0.5844680666923523,0.418615460395813,0.7985855340957642,0.837230920791626,0.0017760500777512789
0590a57d-491c-4322-b287-594d5511e79b_jpg.rf.654f0a4f98fad473e55cc437d1c9d902.jpg,1,0.5521336793899536,0.10820410400629044,0.8319922089576721,0.21640820801258087,0.0017194621032103896
0590a57d-491c-4322-b287-594d5511e79b_jpg.rf.654f0a4f98fad473e55cc437d1c9d902.jpg,0,0.5,0.6887644529342651,1.0,0.6224711537361145,0.0016750737559050322
0590a57d-491c-4322-b287-594d5511e79b_jpg.rf.654f0a4f98fad473e55cc437d1c9d902.jpg,0,0.9167909026145935,0.5425189733505249,0.16641822457313538,0.9149620532989502,0.0015947965439409018
0590a57d-491c-4322-b287-594d5511e79b_jpg.rf.654f0a4f98fad473e55cc437d1c9d902.jpg,1,0.7979406714439392,0.2156403660774231,0.4041052460670471,0.4312807321548462,0.0015858473489060998
0590a57d-491c-4322-b287-594d5511e79b_jpg.rf.654f0a4f98fad473e55cc437d1c9d902.jpg,1,0.19155213236808777,0.36499541997909546,0.38295212388038635,0.7291667461395264,0.0015717115020379424
0590a57d-491c-4322-b287-594d5511e79b_jpg.rf.654f0a4f98fad473e55cc437d1c9d902.jpg,1,0.32365551590919495,0.2247265875339508,0.6473110318183899,0.44909363985061646,0.0014771416317671537
0590a57d-491c-4322-b287-594d5511e79b_jpg.rf.654f0a4f98fad473e55cc437d1c9d902.jpg,1,0.08285006135702133,0.4301069378852844,0.16570012271404266,0.8602138757705688,0.001391344703733921
0590a57d-491c-4322-b287-594d5511e79b_jpg.rf.654f0a4f98fad473e55cc437d1c9d902.jpg,1,0.9291781783103943,0.41056814789772034,0.1416436731815338,0.8211362957954407,0.0010423552012071013
0590a57d-491c-4322-b287-594d5511e79b_jpg.rf.654f0a4f98fad473e55cc437d1c9d902.jpg,1,0.07634945213794708,0.5692058205604553,0.15269890427589417,0.7643991708755493,0.001022892422042787
0590a57d-491c-4322-b287-594d5511e79b_jpg.rf.654f0a4f98fad473e55cc437d1c9d902.jpg,1,0.775560200214386,0.878172755241394,0.4488796889781952,0.2436545491218567,0.0010162164689972997
0629fae7-2357-4fa2-a599-750358cf7e2e_jpg.rf.363911291d5f6f7fe0e031331fd7e4e9.jpg,0,0.5074684619903564,0.5300625562667847,0.7908546924591064,0.8620703220367432,0.8846142888069153
0629fae7-2357-4fa2-a599-750358cf7e2e_jpg.rf.363911291d5f6f7fe0e031331fd7e4e9.jpg,1,0.13734202086925507,0.454514741897583,0.27413228154182434,0.9072763323783875,0.5950974822044373
0629fae7-2357-4fa2-a599-750358cf7e2e_jpg.rf.363911291d5f6f7fe0e031331fd7e4e9.jpg,0,0.8706066012382507,0.49636614322662354,0.25863662362098694,0.9671301245689392,0.5155166983604431
0629fae7-2357-4fa2-a599-750358cf7e2e_jpg.rf.363911291d5f6f7fe0e031331fd7e4e9.jpg,1,0.8709017038345337,0.4791567623615265,0.25819653272628784,0.958313524723053,0.32310420274734497
0629fae7-2357-4fa2-a599-750358cf7e2e_jpg.rf.363911291d5f6f7fe0e031331fd7e4e9.jpg,1,0.4903680682182312,0.39050015807151794,0.8113757371902466,0.7810003161430359,0.32149046659469604
0629fae7-2357-4fa2-a599-750358cf7e2e_jpg.rf.363911291d5f6f7fe0e031331fd7e4e9.jpg,1,0.6743840575218201,0.30677446722984314,0.6512319445610046,0.6126009225845337,0.15378043055534363
0629fae7-2357-4fa2-a599-750358cf7e2e_jpg.rf.363911291d5f6f7fe0e031331fd7e4e9.jpg,1,0.6759455800056458,0.15516002476215363,0.6451294422149658,0.3101547062397003,0.07734186202287674
0629fae7-2357-4fa2-a599-750358cf7e2e_jpg.rf.363911291d5f6f7fe0e031331fd7e4e9.jpg,1,0.5252618789672852,0.28783145546913147,0.8921146988868713,0.5747035145759583,0.0270448699593544
0629fae7-2357-4fa2-a599-750358cf7e2e_jpg.rf.363911291d5f6f7fe0e031331fd7e4e9.jpg,1,0.2468997836112976,0.448043555021286,0.4937995672225952,0.8903397917747498,0.01565982773900032
0629fae7-2357-4fa2-a599-750358cf7e2e_jpg.rf.363911291d5f6f7fe0e031331fd7e4e9.jpg,0,0.5,0.9399635791778564,1.0,0.12007281184196472,0.014111057855188847
0629fae7-2357-4fa2-a599-750358cf7e2e_jpg.rf.363911291d5f6f7fe0e031331fd7e4e9.jpg,0,0.5018264055252075,0.9330456256866455,0.9963473081588745,0.13390886783599854,0.011701234616339207
0629fae7-2357-4fa2-a599-750358cf7e2e_jpg.rf.363911291d5f6f7fe0e031331fd7e4e9.jpg,1,0.7759783864021301,0.32329046726226807,0.4480433166027069,0.6462241411209106,0.009666847065091133
0629fae7-2357-4fa2-a599-750358cf7e2e_jpg.rf.363911291d5f6f7fe0e031331fd7e4e9.jpg,0,0.829974889755249,0.5004696846008301,0.34005042910575867,0.9990606904029846,0.0082405349239707
0629fae7-2357-4fa2-a599-750358cf7e2e_jpg.rf.363911291d5f6f7fe0e031331fd7e4e9.jpg,0,0.7393152117729187,0.5,0.5213695764541626,1.0,0.007859925739467144
0629fae7-2357-4fa2-a599-750358cf7e2e_jpg.rf.363911291d5f6f7fe0e031331fd7e4e9.jpg,10,0.49817144870758057,0.9477435350418091,0.9963428974151611,0.1045130267739296,0.006112813483923674
0629fae7-2357-4fa2-a599-750358cf7e2e_jpg.rf.363911291d5f6f7fe0e031331fd7e4e9.jpg,1,0.30545058846473694,0.33476316928863525,0.6109011769294739,0.6695263385772705,0.005838906392455101
0629fae7-2357-4fa2-a599-750358cf7e2e_jpg.rf.363911291d5f6f7fe0e031331fd7e4e9.jpg,0,0.5,0.8902177214622498,1.0,0.21956466138362885,0.005781996995210648
0629fae7-2357-4fa2-a599-750358cf7e2e_jpg.rf.363911291d5f6f7fe0e031331fd7e4e9.jpg,1,0.46187078952789307,0.32969555258750916,0.6552892923355103,0.6572399139404297,0.0057320320047438145
0629fae7-2357-4fa2-a599-750358cf7e2e_jpg.rf.363911291d5f6f7fe0e031331fd7e4e9.jpg,1,0.5200700759887695,0.18556393682956696,0.9164565205574036,0.37100815773010254,0.003537998767569661
0629fae7-2357-4fa2-a599-750358cf7e2e_jpg.rf.363911291d5f6f7fe0e031331fd7e4e9.jpg,1,0.6795623302459717,0.10764681547880173,0.6339981555938721,0.21506743133068085,0.0033016030211001635
0629fae7-2357-4fa2-a599-750358cf7e2e_jpg.rf.363911291d5f6f7fe0e031331fd7e4e9.jpg,1,0.09139468520879745,0.5027192831039429,0.1827893704175949,0.9662179350852966,0.003109951503574848
0629fae7-2357-4fa2-a599-750358cf7e2e_jpg.rf.363911291d5f6f7fe0e031331fd7e4e9.jpg,1,0.822481095790863,0.4498071074485779,0.3550378382205963,0.8944178819656372,0.0028508310206234455
0629fae7-2357-4fa2-a599-750358cf7e2e_jpg.rf.363911291d5f6f7fe0e031331fd7e4e9.jpg,1,0.6810746192932129,0.49941542744636536,0.6378508806228638,0.9967026710510254,0.002603214932605624
0629fae7-2357-4fa2-a599-750358cf7e2e_jpg.rf.363911291d5f6f7fe0e031331fd7e4e9.jpg,1,0.7152158617973328,0.20782998204231262,0.569568395614624,0.4155876934528351,0.002499352442100644
0629fae7-2357-4fa2-a599-750358cf7e2e_jpg.rf.363911291d5f6f7fe0e031331fd7e4e9.jpg,1,0.12583856284618378,0.5816421508789062,0.25167712569236755,0.8178236484527588,0.0020711952820420265
0629fae7-2357-4fa2-a599-750358cf7e2e_jpg.rf.363911291d5f6f7fe0e031331fd7e4e9.jpg,0,0.16153915226459503,0.5190870761871338,0.32307830452919006,0.9308894872665405,0.0017058354569599032
0629fae7-2357-4fa2-a599-750358cf7e2e_jpg.rf.363911291d5f6f7fe0e031331fd7e4e9.jpg,1,0.16051852703094482,0.33936744928359985,0.32103705406188965,0.6787348985671997,0.0016398403095081449
0629fae7-2357-4fa2-a599-750358cf7e2e_jpg.rf.363911291d5f6f7fe0e031331fd7e4e9.jpg,1,0.8442293405532837,0.30547723174095154,0.31116846203804016,0.610320508480072,0.0014261689502745867
0629fae7-2357-4fa2-a599-750358cf7e2e_jpg.rf.363911291d5f6f7fe0e031331fd7e4e9.jpg,0,0.6808362603187561,0.49181273579597473,0.5253069996833801,0.9441252946853638,0.0012942262692376971
0629fae7-2357-4fa2-a599-750358cf7e2e_jpg.rf.363911291d5f6f7fe0e031331fd7e4e9.jpg,1,0.888145923614502,0.5007826685905457,0.2237081676721573,0.9984347820281982,0.0012427747715264559
080e28db-6b07-4f03-a3c3-0803f43cc2ea_jpg.rf.8db090c85fe85dbff2c2f30a30efb0e1.jpg,1,0.5424006581306458,0.48686984181404114,0.5405921936035156,0.8470522165298462,0.6107808947563171
080e28db-6b07-4f03-a3c3-0803f43cc2ea_jpg.rf.8db090c85fe85dbff2c2f30a30efb0e1.jpg,1,0.6113659143447876,0.5054329633712769,0.7772085070610046,0.9891340732574463,0.4700694680213928
080e28db-6b07-4f03-a3c3-0803f43cc2ea_jpg.rf.8db090c85fe85dbff2c2f30a30efb0e1.jpg,1,0.4199087917804718,0.485450804233551,0.7729202508926392,0.8623948693275452,0.21701908111572266
080e28db-6b07-4f03-a3c3-0803f43cc2ea_jpg.rf.8db090c85fe85dbff2c2f30a30efb0e1.jpg,1,0.8130402565002441,0.500668466091156,0.3739195764064789,0.9324163794517517,0.209524005651474
080e28db-6b07-4f03-a3c3-0803f43cc2ea_jpg.rf.8db090c85fe85dbff2c2f30a30efb0e1.jpg,1,0.15995505452156067,0.48729777336120605,0.3198000490665436,0.9107709527015686,0.17294704914093018
080e28db-6b07-4f03-a3c3-0803f43cc2ea_jpg.rf.8db090c85fe85dbff2c2f30a30efb0e1.jpg,1,0.10066234320402145,0.4918338656425476,0.2012556940317154,0.841012716293335,0.11764536798000336
080e28db-6b07-4f03-a3c3-0803f43cc2ea_jpg.rf.8db090c85fe85dbff2c2f30a30efb0e1.jpg,10,0.3875691592693329,0.1227884590625763,0.7719041705131531,0.2455749809741974,0.056988827884197235
080e28db-6b07-4f03-a3c3-0803f43cc2ea_jpg.rf.8db090c85fe85dbff2c2f30a30efb0e1.jpg,10,0.17834390699863434,0.46532362699508667,0.3566878139972687,0.8239348530769348,0.04227765277028084
080e28db-6b07-4f03-a3c3-0803f43cc2ea_jpg.rf.8db090c85fe85dbff2c2f30a30efb0e1.jpg,10,0.09321609139442444,0.3164474070072174,0.18643218278884888,0.4360182285308838,0.0399513766169548
080e28db-6b07-4f03-a3c3-0803f43cc2ea_jpg.rf.8db090c85fe85dbff2c2f30a30efb0e1.jpg,6,0.19796456396579742,0.48161780834198,0.39592912793159485,0.8770896196365356,0.03343607857823372
080e28db-6b07-4f03-a3c3-0803f43cc2ea_jpg.rf.8db090c85fe85dbff2c2f30a30efb0e1.jpg,1,0.08599668741226196,0.3773128092288971,0.17190413177013397,0.5112029314041138,0.031996916979551315
080e28db-6b07-4f03-a3c3-0803f43cc2ea_jpg.rf.8db090c85fe85dbff2c2f30a30efb0e1.jpg,1,0.22790251672267914,0.46617716550827026,0.4557308554649353,0.9058032631874084,0.031501200050115585
080e28db-6b07-4f03-a3c3-0803f43cc2ea_jpg.rf.8db090c85fe85dbff2c2f30a30efb0e1.jpg,10,0.09637174010276794,0.40100428462028503,0.1927434802055359,0.5876069068908691,0.02725859172642231
080e28db-6b07-4f03-a3c3-0803f43cc2ea_jpg.rf.8db090c85fe85dbff2c2f30a30efb0e1.jpg,1,0.37886807322502136,0.173875629901886,0.7577361464500427,0.3476318418979645,0.025426186621189117
080e28db-6b07-4f03-a3c3-0803f43cc2ea_jpg.rf.8db090c85fe85dbff2c2f30a30efb0e1.jpg,10,0.11441029608249664,0.46267277002334595,0.2288205921649933,0.76267009973526,0.02245243638753891
080e28db-6b07-4f03-a3c3-0803f43cc2ea_jpg.rf.8db090c85fe85dbff2c2f30a30efb0e1.jpg,10,0.38065779209136963,0.08219142258167267,0.7333968281745911,0.16437235474586487,0.018307257443666458
080e28db-6b07-4f03-a3c3-0803f43cc2ea_jpg.rf.8db090c85fe85dbff2c2f30a30efb0e1.jpg,10,0.38611647486686707,0.1813250333070755,0.7722329497337341,0.36261531710624695,0.01758567988872528
080e28db-6b07-4f03-a3c3-0803f43cc2ea_jpg.rf.8db090c85fe85dbff2c2f30a30efb0e1.jpg,1,0.08232583850622177,0.3110191524028778,0.16465167701244354,0.35676366090774536,0.013018603436648846
080e28db-6b07-4f03-a3c3-0803f43cc2ea_jpg.rf.8db090c85fe85dbff2c2f30a30efb0e1.jpg,1,0.7205935716629028,0.2752769887447357,0.558326005935669,0.5501296520233154,0.010641676373779774
080e28db-6b07-4f03-a3c3-0803f43cc2ea_jpg.rf.8db090c85fe85dbff2c2f30a30efb0e1.jpg,1,0.8193582892417908,0.6334965229034424,0.361283540725708,0.7175297737121582,0.00899400096386671
080e28db-6b07-4f03-a3c3-0803f43cc2ea_jpg.rf.8db090c85fe85dbff2c2f30a30efb0e1.jpg,1,0.8389928340911865,0.28214597702026367,0.32201454043388367,0.5216161012649536,0.008420128375291824
080e28db-6b07-4f03-a3c3-0803f43cc2ea_jpg.rf.8db090c85fe85dbff2c2f30a30efb0e1.jpg,0,0.8149047493934631,0.26632991433143616,0.3701905608177185,0.5266159176826477,0.007674969732761383
080e28db-6b07-4f03-a3c3-0803f43cc2ea_jpg.rf.8db090c85fe85dbff2c2f30a30efb0e1.jpg,1,0.7022356390953064,0.12760110199451447,0.595420777797699,0.2549514174461365,0.006388614885509014
080e28db-6b07-4f03-a3c3-0803f43cc2ea_jpg.rf.8db090c85fe85dbff2c2f30a30efb0e1.jpg,10,0.3243543803691864,0.15087418258190155,0.6487087607383728,0.3017483651638031,0.004944491200149059
080e28db-6b07-4f03-a3c3-0803f43cc2ea_jpg.rf.8db090c85fe85dbff2c2f30a30efb0e1.jpg,1,0.11743675917387009,0.34165310859680176,0.23487351834774017,0.6492958068847656,0.004917867016047239
080e28db-6b07-4f03-a3c3-0803f43cc2ea_jpg.rf.8db090c85fe85dbff2c2f30a30efb0e1.jpg,1,0.5481793880462646,0.3707737922668457,0.4649656116962433,0.5911787152290344,0.004851775709539652
080e28db-6b07-4f03-a3c3-0803f43cc2ea_jpg.rf.8db090c85fe85dbff2c2f30a30efb0e1.jpg,1,0.4047732651233673,0.2524459958076477,0.8095465302467346,0.5037460327148438,0.004150660242885351
080e28db-6b07-4f03-a3c3-0803f43cc2ea_jpg.rf.8db090c85fe85dbff2c2f30a30efb0e1.jpg,1,0.3487262427806854,0.3444192707538605,0.6974524855613708,0.6886416673660278,0.003899528179317713
080e28db-6b07-4f03-a3c3-0803f43cc2ea_jpg.rf.8db090c85fe85dbff2c2f30a30efb0e1.jpg,10,0.41761741042137146,0.2873239815235138,0.8337271213531494,0.5738765597343445,0.0037968808319419622
080e28db-6b07-4f03-a3c3-0803f43cc2ea_jpg.rf.8db090c85fe85dbff2c2f30a30efb0e1.jpg,1,0.6806052327156067,0.8380574584007263,0.6283386945724487,0.32388511300086975,0.003795537631958723
080e28db-6b07-4f03-a3c3-0803f43cc2ea_jpg.rf.8db090c85fe85dbff2c2f30a30efb0e1.jpg,1,0.37611451745033264,0.5931779146194458,0.7473800182342529,0.8136442303657532,0.0035149939358234406
080e28db-6b07-4f03-a3c3-0803f43cc2ea_jpg.rf.8db090c85fe85dbff2c2f30a30efb0e1.jpg,9,0.6383557319641113,0.9128117561340332,0.7212280631065369,0.17437656223773956,0.003410669509321451
080e28db-6b07-4f03-a3c3-0803f43cc2ea_jpg.rf.8db090c85fe85dbff2c2f30a30efb0e1.jpg,11,0.864503026008606,0.28441667556762695,0.2709941267967224,0.49779266119003296,0.0033125721383839846
080e28db-6b07-4f03-a3c3-0803f43cc2ea_jpg.rf.8db090c85fe85dbff2c2f30a30efb0e1.jpg,1,0.9064756631851196,0.6493492126464844,0.1867261379957199,0.7013015747070312,0.0029564460273832083
080e28db-6b07-4f03-a3c3-0803f43cc2ea_jpg.rf.8db090c85fe85dbff2c2f30a30efb0e1.jpg,14,0.5551299452781677,0.5968952178955078,0.8827999830245972,0.8062096238136292,0.002618972212076187
080e28db-6b07-4f03-a3c3-0803f43cc2ea_jpg.rf.8db090c85fe85dbff2c2f30a30efb0e1.jpg,11,0.4356830418109894,0.3381853699684143,0.8678803443908691,0.6763707399368286,0.002544173039495945
080e28db-6b07-4f03-a3c3-0803f43cc2ea_jpg.rf.8db090c85fe85dbff2c2f30a30efb0e1.jpg,1,0.5034651756286621,0.7873349785804749,0.9930697083473206,0.42533010244369507,0.002511535072699189
080e28db-6b07-4f03-a3c3-0803f43cc2ea_jpg.rf.8db090c85fe85dbff2c2f30a30efb0e1.jpg,1,0.2983696162700653,0.5205011963844299,0.5967392325401306,0.9245782494544983,0.0023783680517226458
080e28db-6b07-4f03-a3c3-0803f43cc2ea_jpg.rf.8db090c85fe85dbff2c2f30a30efb0e1.jpg,1,0.7266605496406555,0.5043336153030396,0.5466789603233337,0.9913328289985657,0.0023616731632500887
080e28db-6b07-4f03-a3c3-0803f43cc2ea_jpg.rf.8db090c85fe85dbff2c2f30a30efb0e1.jpg,6,0.6343697905540466,0.929892361164093,0.725737988948822,0.14021536707878113,0.00219934806227684
080e28db-6b07-4f03-a3c3-0803f43cc2ea_jpg.rf.8db090c85fe85dbff2c2f30a30efb0e1.jpg,1,0.5112856030464172,0.7257577180862427,0.9313345551490784,0.5484846830368042,0.002191420877352357
080e28db-6b07-4f03-a3c3-0803f43cc2ea_jpg.rf.8db090c85fe85dbff2c2f30a30efb0e1.jpg,1,0.9086102843284607,0.5102435350418091,0.18277278542518616,0.8973857164382935,0.00218632398173213
080e28db-6b07-4f03-a3c3-0803f43cc2ea_jpg.rf.8db090c85fe85dbff2c2f30a30efb0e1.jpg,10,0.8712582588195801,0.27776843309402466,0.2574836313724518,0.4853014349937439,0.00218311813659966
080e28db-6b07-4f03-a3c3-0803f43cc2ea_jpg.rf.8db090c85fe85dbff2c2f30a30efb0e1.jpg,1,0.8580445647239685,0.42526838183403015,0.28391098976135254,0.7728022933006287,0.0020790405105799437
080e28db-6b07-4f03-a3c3-0803f43cc2ea_jpg.rf.8db090c85fe85dbff2c2f30a30efb0e1.jpg,10,0.6958942413330078,0.2917560040950775,0.6060964465141296,0.5827368497848511,0.001981854671612382
080e28db-6b07-4f03-a3c3-0803f43cc2ea_jpg.rf.8db090c85fe85dbff2c2f30a30efb0e1.jpg,1,0.8635516166687012,0.6586741805076599,0.2728968560695648,0.682651698589325,0.0018849291373044252
080e28db-6b07-4f03-a3c3-0803f43cc2ea_jpg.rf.8db090c85fe85dbff2c2f30a30efb0e1.jpg,11,0.6485206484794617,0.8868787884712219,0.7009629607200623,0.22624251246452332,0.001828158856369555
080e28db-6b07-4f03-a3c3-0803f43cc2ea_jpg.rf.8db090c85fe85dbff2c2f30a30efb0e1.jpg,1,0.6120864748954773,0.2613155245780945,0.7737760543823242,0.522631049156189,0.001797697157599032
080e28db-6b07-4f03-a3c3-0803f43cc2ea_jpg.rf.8db090c85fe85dbff2c2f30a30efb0e1.jpg,10,0.5382049679756165,0.16485992074012756,0.9042589068412781,0.3295012414455414,0.0016888612881302834
080e28db-6b07-4f03-a3c3-0803f43cc2ea_jpg.rf.8db090c85fe85dbff2c2f30a30efb0e1.jpg,11,0.387599378824234,0.14752064645290375,0.775198757648468,0.2949371337890625,0.0016797586577013135
080e28db-6b07-4f03-a3c3-0803f43cc2ea_jpg.rf.8db090c85fe85dbff2c2f30a30efb0e1.jpg,10,0.43845945596694946,0.06398892402648926,0.5819665193557739,0.12797784805297852,0.0016235350631177425
080e28db-6b07-4f03-a3c3-0803f43cc2ea_jpg.rf.8db090c85fe85dbff2c2f30a30efb0e1.jpg,10,0.23664407432079315,0.9531147480010986,0.4732881486415863,0.09377061575651169,0.0016160006634891033
080e28db-6b07-4f03-a3c3-0803f43cc2ea_jpg.rf.8db090c85fe85dbff2c2f30a30efb0e1.jpg,1,0.5148417353630066,0.864920437335968,0.9703165292739868,0.27015921473503113,0.001607423764653504
080e28db-6b07-4f03-a3c3-0803f43cc2ea_jpg.rf.8db090c85fe85dbff2c2f30a30efb0e1.jpg,8,0.4157889187335968,0.0667354092001915,0.4610382318496704,0.133470818400383,0.0015112529508769512
080e28db-6b07-4f03-a3c3-0803f43cc2ea_jpg.rf.8db090c85fe85dbff2c2f30a30efb0e1.jpg,14,0.9114766120910645,0.6747724413871765,0.17704692482948303,0.6504551768302917,0.0014441058738157153
080e28db-6b07-4f03-a3c3-0803f43cc2ea_jpg.rf.8db090c85fe85dbff2c2f30a30efb0e1.jpg,1,0.28147584199905396,0.1343448907136917,0.5629516839981079,0.2684729993343353,0.0014033080078661442
080e28db-6b07-4f03-a3c3-0803f43cc2ea_jpg.rf.8db090c85fe85dbff2c2f30a30efb0e1.jpg,1,0.26659494638442993,0.9351117610931396,0.5331898927688599,0.12977667152881622,0.0013495942112058401
080e28db-6b07-4f03-a3c3-0803f43cc2ea_jpg.rf.8db090c85fe85dbff2c2f30a30efb0e1.jpg,10,0.5469455718994141,0.09562656283378601,0.8738604784011841,0.1911986917257309,0.0011775330640375614
080e28db-6b07-4f03-a3c3-0803f43cc2ea_jpg.rf.8db090c85fe85dbff2c2f30a30efb0e1.jpg,1,0.556795597076416,0.24393723905086517,0.46638357639312744,0.3911522626876831,0.0011250649113208055
080e28db-6b07-4f03-a3c3-0803f43cc2ea_jpg.rf.8db090c85fe85dbff2c2f30a30efb0e1.jpg,1,0.30401191115379333,0.902449369430542,0.6080238223075867,0.19510138034820557,0.0011089055333286524
080e28db-6b07-4f03-a3c3-0803f43cc2ea_jpg.rf.8db090c85fe85dbff2c2f30a30efb0e1.jpg,6,0.3396431505680084,0.9398828744888306,0.6792863011360168,0.12023427337408066,0.0010987226851284504
080e28db-6b07-4f03-a3c3-0803f43cc2ea_jpg.rf.8db090c85fe85dbff2c2f30a30efb0e1.jpg,1,0.7595036029815674,0.6868306398391724,0.48099285364151,0.6263388395309448,0.0010782367317005992
080e28db-6b07-4f03-a3c3-0803f43cc2ea_jpg.rf.8db090c85fe85dbff2c2f30a30efb0e1.jpg,10,0.70633864402771,0.1086665689945221,0.5871091485023499,0.2173331379890442,0.0010735527612268925
080e28db-6b07-4f03-a3c3-0803f43cc2ea_jpg.rf.8db090c85fe85dbff2c2f30a30efb0e1.jpg,1,0.07686617225408554,0.5665379762649536,0.15373234450817108,0.8477317094802856,0.0010222269920632243
0866866d-298d-4bff-afa0-6456ad7fd807_jpg.rf.3bcf97c79a92aac15ad03419bbadf199.jpg,1,0.4176879823207855,0.4682914912700653,0.6511539816856384,0.9096560478210449,0.8149219751358032
0866866d-298d-4bff-afa0-6456ad7fd807_jpg.rf.3bcf97c79a92aac15ad03419bbadf199.jpg,1,0.8604064583778381,0.5,0.2791871428489685,1.0,0.6504723429679871
0866866d-298d-4bff-afa0-6456ad7fd807_jpg.rf.3bcf97c79a92aac15ad03419bbadf199.jpg,1,0.5512787699699402,0.48911282420158386,0.7819966077804565,0.9660051465034485,0.07544181495904922
0866866d-298d-4bff-afa0-6456ad7fd807_jpg.rf.3bcf97c79a92aac15ad03419bbadf199.jpg,1,0.27994629740715027,0.4683417081832886,0.5598925948143005,0.9326974749565125,0.06804737448692322
0866866d-298d-4bff-afa0-6456ad7fd807_jpg.rf.3bcf97c79a92aac15ad03419bbadf199.jpg,1,0.8269860744476318,0.5055028796195984,0.3460279703140259,0.9889943599700928,0.00910712406039238
0866866d-298d-4bff-afa0-6456ad7fd807_jpg.rf.3bcf97c79a92aac15ad03419bbadf199.jpg,1,0.7511670589447021,0.5014970898628235,0.4976660907268524,0.9939151406288147,0.006534471642225981
0866866d-298d-4bff-afa0-6456ad7fd807_jpg.rf.3bcf97c79a92aac15ad03419bbadf199.jpg,1,0.15559832751750946,0.50063556432724,0.3111966550350189,0.9987289309501648,0.005356707144528627
0866866d-298d-4bff-afa0-6456ad7fd807_jpg.rf.3bcf97c79a92aac15ad03419bbadf199.jpg,1,0.8855220079421997,0.5091490149497986,0.22895601391792297,0.9817020297050476,0.004060073755681515
0866866d-298d-4bff-afa0-6456ad7fd807_jpg.rf.3bcf97c79a92aac15ad03419bbadf199.jpg,1,0.17513851821422577,0.502254843711853,0.34973621368408203,0.995490312576294,0.0033888749312609434
0866866d-298d-4bff-afa0-6456ad7fd807_jpg.rf.3bcf97c79a92aac15ad03419bbadf199.jpg,1,0.6366894245147705,0.255262553691864,0.7266212105751038,0.5104537010192871,0.0031792207155376673
0866866d-298d-4bff-afa0-6456ad7fd807_jpg.rf.3bcf97c79a92aac15ad03419bbadf199.jpg,1,0.48893702030181885,0.3071785569190979,0.4185315668582916,0.5338830947875977,0.003028034931048751
0866866d-298d-4bff-afa0-6456ad7fd807_jpg.rf.3bcf97c79a92aac15ad03419bbadf199.jpg,1,0.34861621260643005,0.5007311105728149,0.6972324252128601,0.9985378384590149,0.0026687532663345337
0866866d-298d-4bff-afa0-6456ad7fd807_jpg.rf.3bcf97c79a92aac15ad03419bbadf199.jpg,1,0.456875205039978,0.7980377078056335,0.913750410079956,0.40392470359802246,0.002397387521341443
0866866d-298d-4bff-afa0-6456ad7fd807_jpg.rf.3bcf97c79a92aac15ad03419bbadf199.jpg,1,0.6512526273727417,0.4409312903881073,0.6974949240684509,0.8780672550201416,0.00233850977383554
0866866d-298d-4bff-afa0-6456ad7fd807_jpg.rf.3bcf97c79a92aac15ad03419bbadf199.jpg,1,0.5191451907157898,0.4624379873275757,0.6012235283851624,0.8541684746742249,0.0017780698835849762
0866866d-298d-4bff-afa0-6456ad7fd807_jpg.rf.3bcf97c79a92aac15ad03419bbadf199.jpg,1,0.10483572632074356,0.5009705424308777,0.20967145264148712,0.9980589151382446,0.0017448564758524299
0866866d-298d-4bff-afa0-6456ad7fd807_jpg.rf.3bcf97c79a92aac15ad03419bbadf199.jpg,1,0.4577919542789459,0.23179812729358673,0.9155839085578918,0.46359625458717346,0.001677200198173523
08724eba-901b-4e19-883d-1cc236532391_jpg.rf.58818e500202bb38a13268b4cd2c4f4a.jpg,0,0.5795482993125916,0.5450708866119385,0.5445734858512878,0.7910797595977783,0.8946561217308044
08724eba-901b-4e19-883d-1cc236532391_jpg.rf.58818e500202bb38a13268b4cd2c4f4a.jpg,0,0.42049673199653625,0.48622629046440125,0.8398184180259705,0.9389021396636963,0.4423431158065796
08724eba-901b-4e19-883d-1cc236532391_jpg.rf.58818e500202bb38a13268b4cd2c4f4a.jpg,0,0.7868813276290894,0.47016340494155884,0.4262373745441437,0.9403268098831177,0.41679152846336365
08724eba-901b-4e19-883d-1cc236532391_jpg.rf.58818e500202bb38a13268b4cd2c4f4a.jpg,1,0.8511141538619995,0.32909291982650757,0.2977718412876129,0.6559576392173767,0.10100545734167099
08724eba-901b-4e19-883d-1cc236532391_jpg.rf.58818e500202bb38a13268b4cd2c4f4a.jpg,1,0.27037906646728516,0.48150700330734253,0.5407581329345703,0.9630140066146851,0.07668491452932358
08724eba-901b-4e19-883d-1cc236532391_jpg.rf.58818e500202bb38a13268b4cd2c4f4a.jpg,0,0.8584031462669373,0.47854116559028625,0.2831937372684479,0.9570823311805725,0.07606572657823563
08724eba-901b-4e19-883d-1cc236532391_jpg.rf.58818e500202bb38a13268b4cd2c4f4a.jpg,0,0.6834223866462708,0.4676670730113983,0.633155345916748,0.9353341460227966,0.05969111993908882
08724eba-901b-4e19-883d-1cc236532391_jpg.rf.58818e500202bb38a13268b4cd2c4f4a.jpg,1,0.5620251893997192,0.24904559552669525,0.8719470500946045,0.4980911910533905,0.05456792935729027
08724eba-901b-4e19-883d-1cc236532391_jpg.rf.58818e500202bb38a13268b4cd2c4f4a.jpg,0,0.27765369415283203,0.48693811893463135,0.5553073883056641,0.9535179734230042,0.02015487104654312
08724eba-901b-4e19-883d-1cc236532391_jpg.rf.58818e500202bb38a13268b4cd2c4f4a.jpg,1,0.5615126490592957,0.17152471840381622,0.8769748210906982,0.3427697718143463,0.012292556464672089
08724eba-901b-4e19-883d-1cc236532391_jpg.rf.58818e500202bb38a13268b4cd2c4f4a.jpg,1,0.4512386918067932,0.31163910031318665,0.8987627625465393,0.6232782006263733,0.010076017118990421
08724eba-901b-4e19-883d-1cc236532391_jpg.rf.58818e500202bb38a13268b4cd2c4f4a.jpg,1,0.17039020359516144,0.5077234506607056,0.3407804071903229,0.9845531582832336,0.009082912467420101
08724eba-901b-4e19-883d-1cc236532391_jpg.rf.58818e500202bb38a13268b4cd2c4f4a.jpg,1,0.11831165105104446,0.5052602887153625,0.2362741380929947,0.9894794821739197,0.004672139883041382
08724eba-901b-4e19-883d-1cc236532391_jpg.rf.58818e500202bb38a13268b4cd2c4f4a.jpg,1,0.4384465515613556,0.21002371609210968,0.8638812899589539,0.4196120500564575,0.004630307201296091
08724eba-901b-4e19-883d-1cc236532391_jpg.rf.58818e500202bb38a13268b4cd2c4f4a.jpg,1,0.7199962735176086,0.3769736886024475,0.5594047904014587,0.7505207061767578,0.0039552138186991215
08724eba-901b-4e19-883d-1cc236532391_jpg.rf.58818e500202bb38a13268b4cd2c4f4a.jpg,1,0.28879937529563904,0.3061600625514984,0.5775987505912781,0.6114554405212402,0.00391759118065238
08724eba-901b-4e19-883d-1cc236532391_jpg.rf.58818e500202bb38a13268b4cd2c4f4a.jpg,0,0.9290321469306946,0.49119898676872253,0.141935795545578,0.9486104846000671,0.0034617155324667692
08724eba-901b-4e19-883d-1cc236532391_jpg.rf.58818e500202bb38a13268b4cd2c4f4a.jpg,0,0.5003033876419067,0.7048206329345703,0.9993932843208313,0.5903587341308594,0.002359493635594845
08724eba-901b-4e19-883d-1cc236532391_jpg.rf.58818e500202bb38a13268b4cd2c4f4a.jpg,1,0.4574289917945862,0.10968583077192307,0.9115386009216309,0.21937166154384613,0.0022127756383270025
08724eba-901b-4e19-883d-1cc236532391_jpg.rf.58818e500202bb38a13268b4cd2c4f4a.jpg,1,0.1963568776845932,0.31419557332992554,0.3924863934516907,0.6273086667060852,0.0020487126894295216
08724eba-901b-4e19-883d-1cc236532391_jpg.rf.58818e500202bb38a13268b4cd2c4f4a.jpg,0,0.2801735997200012,0.3050997853279114,0.5603471994400024,0.6090033650398254,0.001968702767044306
08724eba-901b-4e19-883d-1cc236532391_jpg.rf.58818e500202bb38a13268b4cd2c4f4a.jpg,1,0.7836161851882935,0.32287412881851196,0.4327678084373474,0.6415727734565735,0.0016001382609829307
08724eba-901b-4e19-883d-1cc236532391_jpg.rf.58818e500202bb38a13268b4cd2c4f4a.jpg,1,0.5648167729377747,0.5032936930656433,0.48618149757385254,0.7137136459350586,0.0014030374586582184
08724eba-901b-4e19-883d-1cc236532391_jpg.rf.58818e500202bb38a13268b4cd2c4f4a.jpg,0,0.8425588011741638,0.697293758392334,0.3147331476211548,0.4565109610557556,0.0013288737973198295
08724eba-901b-4e19-883d-1cc236532391_jpg.rf.58818e500202bb38a13268b4cd2c4f4a.jpg,1,0.0659792572259903,0.5049059987068176,0.1319585144519806,0.972255527973175,0.0012083303881809115
08724eba-901b-4e19-883d-1cc236532391_jpg.rf.58818e500202bb38a13268b4cd2c4f4a.jpg,1,0.5902621746063232,0.3581211566925049,0.7745601534843445,0.7011823058128357,0.0010247051250189543
08724eba-901b-4e19-883d-1cc236532391_jpg.rf.58818e500202bb38a13268b4cd2c4f4a.jpg,1,0.18826909363269806,0.7210429310798645,0.3765381872653961,0.557914137840271,0.0010048154508695006
09282467-3e63-4506-9252-a0fd5b913deb_jpg.rf.7c3a79616a712d7b1f231bc9108d8db7.jpg,0,0.5275605320930481,0.47306057810783386,0.6994460225105286,0.8369251489639282,0.9144651293754578
09282467-3e63-4506-9252-a0fd5b913deb_jpg.rf.7c3a79616a712d7b1f231bc9108d8db7.jpg,0,0.2835571765899658,0.45610883831977844,0.5671143531799316,0.9102326035499573,0.08461115509271622
09282467-3e63-4506-9252-a0fd5b913deb_jpg.rf.7c3a79616a712d7b1f231bc9108d8db7.jpg,1,0.8496960997581482,0.5076621770858765,0.300607830286026,0.9846757650375366,0.04320565238595009
09282467-3e63-4506-9252-a0fd5b913deb_jpg.rf.7c3a79616a712d7b1f231bc9108d8db7.jpg,1,0.2768715023994446,0.4791663885116577,0.5537430047988892,0.9583327770233154,0.012697971425950527
09282467-3e63-4506-9252-a0fd5b913deb_jpg.rf.7c3a79616a712d7b1f231bc9108d8db7.jpg,1,0.18023031949996948,0.48438042402267456,0.36046063899993896,0.9687608480453491,0.012603627517819405
09282467-3e63-4506-9252-a0fd5b913deb_jpg.rf.7c3a79616a712d7b1f231bc9108d8db7.jpg,0,0.1388358622789383,0.4734771251678467,0.2775586247444153,0.9398977756500244,0.012544536031782627
09282467-3e63-4506-9252-a0fd5b913deb_jpg.rf.7c3a79616a712d7b1f231bc9108d8db7.jpg,0,0.19598388671875,0.45860111713409424,0.3919677734375,0.8667874932289124,0.008799152448773384
09282467-3e63-4506-9252-a0fd5b913deb_jpg.rf.7c3a79616a712d7b1f231bc9108d8db7.jpg,1,0.9273537397384644,0.507876992225647,0.14529258012771606,0.9842460751533508,0.007448283955454826
09282467-3e63-4506-9252-a0fd5b913deb_jpg.rf.7c3a79616a712d7b1f231bc9108d8db7.jpg,1,0.8906884789466858,0.49168241024017334,0.21846801042556763,0.9690529108047485,0.0030383088160306215
09282467-3e63-4506-9252-a0fd5b913deb_jpg.rf.7c3a79616a712d7b1f231bc9108d8db7.jpg,1,0.540490984916687,0.12297196686267853,0.9150869250297546,0.24588337540626526,0.0029027946293354034
09282467-3e63-4506-9252-a0fd5b913deb_jpg.rf.7c3a79616a712d7b1f231bc9108d8db7.jpg,1,0.5377827286720276,0.18899059295654297,0.9190450310707092,0.3713257312774658,0.0025468210224062204
09282467-3e63-4506-9252-a0fd5b913deb_jpg.rf.7c3a79616a712d7b1f231bc9108d8db7.jpg,1,0.7144812345504761,0.5121350884437561,0.5710376501083374,0.9757298827171326,0.0019147871062159538
09282467-3e63-4506-9252-a0fd5b913deb_jpg.rf.7c3a79616a712d7b1f231bc9108d8db7.jpg,0,0.10212404280900955,0.49023157358169556,0.2042480856180191,0.8012027144432068,0.0017635722178965807
09282467-3e63-4506-9252-a0fd5b913deb_jpg.rf.7c3a79616a712d7b1f231bc9108d8db7.jpg,1,0.917426347732544,0.37542110681533813,0.1651473492383957,0.7302283048629761,0.0014313727151602507
09282467-3e63-4506-9252-a0fd5b913deb_jpg.rf.7c3a79616a712d7b1f231bc9108d8db7.jpg,1,0.12358195334672928,0.4597904682159424,0.24716390669345856,0.914772093296051,0.001200769911520183
09282467-3e63-4506-9252-a0fd5b913deb_jpg.rf.7c3a79616a712d7b1f231bc9108d8db7.jpg,1,0.9390885829925537,0.4334445595741272,0.1218230202794075,0.8174722194671631,0.0011972738429903984
09282467-3e63-4506-9252-a0fd5b913deb_jpg.rf.7c3a79616a712d7b1f231bc9108d8db7.jpg,1,0.7915674448013306,0.47204887866973877,0.41686511039733887,0.9019744396209717,0.0010450173867866397
09282467-3e63-4506-9252-a0fd5b913deb_jpg.rf.7c3a79616a712d7b1f231bc9108d8db7.jpg,0,0.45491036772727966,0.7204343676567078,0.9098207354545593,0.5591312646865845,0.0010207963641732931
098904b8-c355-46e6-b644-52387480db96_jpg.rf.ed1b718605fa48e5c0cfbc438da6d050.jpg,1,0.5339466333389282,0.5002484917640686,0.6602226495742798,0.9238315224647522,0.7167592644691467
098904b8-c355-46e6-b644-52387480db96_jpg.rf.ed1b718605fa48e5c0cfbc438da6d050.jpg,0,0.5118823647499084,0.5028050541877747,0.6751898527145386,0.9286872148513794,0.4319157600402832
098904b8-c355-46e6-b644-52387480db96_jpg.rf.ed1b718605fa48e5c0cfbc438da6d050.jpg,1,0.8479759693145752,0.5034433603286743,0.3040480315685272,0.9910674095153809,0.23229534924030304
098904b8-c355-46e6-b644-52387480db96_jpg.rf.ed1b718605fa48e5c0cfbc438da6d050.jpg,1,0.14447064697742462,0.4909815490245819,0.28894129395484924,0.9810855984687805,0.21483510732650757
098904b8-c355-46e6-b644-52387480db96_jpg.rf.ed1b718605fa48e5c0cfbc438da6d050.jpg,0,0.8616242408752441,0.4875778555870056,0.27636799216270447,0.9751557111740112,0.06428157538175583
098904b8-c355-46e6-b644-52387480db96_jpg.rf.ed1b718605fa48e5c0cfbc438da6d050.jpg,1,0.21807654201984406,0.4838099181652069,0.4361530840396881,0.9673022031784058,0.05464468151330948
098904b8-c355-46e6-b644-52387480db96_jpg.rf.ed1b718605fa48e5c0cfbc438da6d050.jpg,1,0.5138900876045227,0.2675812244415283,0.9666376709938049,0.5351624488830566,0.02421167865395546
098904b8-c355-46e6-b644-52387480db96_jpg.rf.ed1b718605fa48e5c0cfbc438da6d050.jpg,1,0.8848302364349365,0.4626578092575073,0.23033972084522247,0.9185842871665955,0.020091991871595383
098904b8-c355-46e6-b644-52387480db96_jpg.rf.ed1b718605fa48e5c0cfbc438da6d050.jpg,1,0.515483021736145,0.17260737717151642,0.913032054901123,0.34521475434303284,0.010920431464910507
098904b8-c355-46e6-b644-52387480db96_jpg.rf.ed1b718605fa48e5c0cfbc438da6d050.jpg,1,0.7372863292694092,0.5025553107261658,0.5254274606704712,0.9662011861801147,0.008120759390294552
098904b8-c355-46e6-b644-52387480db96_jpg.rf.ed1b718605fa48e5c0cfbc438da6d050.jpg,0,0.14377711713314056,0.5011679530143738,0.28755423426628113,0.997664213180542,0.00725063169375062
098904b8-c355-46e6-b644-52387480db96_jpg.rf.ed1b718605fa48e5c0cfbc438da6d050.jpg,1,0.5070074796676636,0.0904143750667572,0.9675229787826538,0.1808287501335144,0.005283628590404987
098904b8-c355-46e6-b644-52387480db96_jpg.rf.ed1b718605fa48e5c0cfbc438da6d050.jpg,0,0.0999610424041748,0.4916878044605255,0.1999220848083496,0.9750285744667053,0.0032676015980541706
098904b8-c355-46e6-b644-52387480db96_jpg.rf.ed1b718605fa48e5c0cfbc438da6d050.jpg,1,0.6689032316207886,0.09310100227594376,0.6580276489257812,0.1860181987285614,0.0031089552212506533
098904b8-c355-46e6-b644-52387480db96_jpg.rf.ed1b718605fa48e5c0cfbc438da6d050.jpg,1,0.3715311586856842,0.4987623989582062,0.7430623173713684,0.9772763848304749,0.0024113457184284925
098904b8-c355-46e6-b644-52387480db96_jpg.rf.ed1b718605fa48e5c0cfbc438da6d050.jpg,1,0.5062876343727112,0.13524918258190155,0.7715582847595215,0.2704983651638031,0.0023395579773932695
098904b8-c355-46e6-b644-52387480db96_jpg.rf.ed1b718605fa48e5c0cfbc438da6d050.jpg,1,0.49040722846984863,0.07868916541337967,0.760137140750885,0.15737833082675934,0.0022939839400351048
10a18f3d-79d7-447f-ab9e-6de78b09477f_jpg.rf.8ce6805731f28537f453028a8d5a4885.jpg,1,0.5509049892425537,0.46713531017303467,0.8368297815322876,0.9143571257591248,0.8805656433105469
10a18f3d-79d7-447f-ab9e-6de78b09477f_jpg.rf.8ce6805731f28537f453028a8d5a4885.jpg,0,0.5,0.7519339323043823,1.0,0.4961322546005249,0.006188483908772469
10a18f3d-79d7-447f-ab9e-6de78b09477f_jpg.rf.8ce6805731f28537f453028a8d5a4885.jpg,1,0.9088099002838135,0.4968768060207367,0.18220418691635132,0.9912228584289551,0.005453863181173801
10a18f3d-79d7-447f-ab9e-6de78b09477f_jpg.rf.8ce6805731f28537f453028a8d5a4885.jpg,1,0.43857866525650024,0.43116432428359985,0.6517291069030762,0.8536902666091919,0.005026681814342737
10a18f3d-79d7-447f-ab9e-6de78b09477f_jpg.rf.8ce6805731f28537f453028a8d5a4885.jpg,1,0.34025993943214417,0.4797775447368622,0.6805198788642883,0.9595550894737244,0.0040639182552695274
10a18f3d-79d7-447f-ab9e-6de78b09477f_jpg.rf.8ce6805731f28537f453028a8d5a4885.jpg,1,0.5,0.7765420079231262,1.0,0.44691601395606995,0.0034568302799016237
10a18f3d-79d7-447f-ab9e-6de78b09477f_jpg.rf.8ce6805731f28537f453028a8d5a4885.jpg,1,0.9373005032539368,0.49327677488327026,0.12524069845676422,0.9634659290313721,0.0028475907165557146
10a18f3d-79d7-447f-ab9e-6de78b09477f_jpg.rf.8ce6805731f28537f453028a8d5a4885.jpg,0,0.5,0.860437273979187,1.0,0.279125452041626,0.0027986718341708183
10a18f3d-79d7-447f-ab9e-6de78b09477f_jpg.rf.8ce6805731f28537f453028a8d5a4885.jpg,0,0.4990103542804718,0.915510892868042,0.9980207085609436,0.16897833347320557,0.0018748438451439142
10a18f3d-79d7-447f-ab9e-6de78b09477f_jpg.rf.8ce6805731f28537f453028a8d5a4885.jpg,1,0.842091977596283,0.47825849056243896,0.31575584411621094,0.9528965353965759,0.0017818036722019315
10a18f3d-79d7-447f-ab9e-6de78b09477f_jpg.rf.8ce6805731f28537f453028a8d5a4885.jpg,1,0.21832938492298126,0.26214513182640076,0.4366587698459625,0.5234954953193665,0.0016473218565806746
10a18f3d-79d7-447f-ab9e-6de78b09477f_jpg.rf.8ce6805731f28537f453028a8d5a4885.jpg,1,0.1371019035577774,0.5,0.2739926874637604,1.0,0.0013813857221975923
10a18f3d-79d7-447f-ab9e-6de78b09477f_jpg.rf.8ce6805731f28537f453028a8d5a4885.jpg,1,0.20567291975021362,0.466549813747406,0.41134583950042725,0.929053544998169,0.0012839239789173007
10a18f3d-79d7-447f-ab9e-6de78b09477f_jpg.rf.8ce6805731f28537f453028a8d5a4885.jpg,1,0.07489582896232605,0.48814842104911804,0.1497916579246521,0.9681405425071716,0.001010145409964025
1141c383-3413-40a0-a550-7253129d4a4a_jpg.rf.5d2d3eba0b2dbca166bc5c51fe7e607d.jpg,0,0.5927707552909851,0.4885860085487366,0.7019599080085754,0.8622412085533142,0.9159241914749146
1141c383-3413-40a0-a550-7253129d4a4a_jpg.rf.5d2d3eba0b2dbca166bc5c51fe7e607d.jpg,1,0.14564020931720734,0.45164892077445984,0.2909395694732666,0.9010439515113831,0.12555374205112457
1141c383-3413-40a0-a550-7253129d4a4a_jpg.rf.5d2d3eba0b2dbca166bc5c51fe7e607d.jpg,1,0.5852422118186951,0.28844577074050903,0.818891704082489,0.5765531659126282,0.12032580375671387
1141c383-3413-40a0-a550-7253129d4a4a_jpg.rf.5d2d3eba0b2dbca166bc5c51fe7e607d.jpg,0,0.8958672881126404,0.48044145107269287,0.2080976814031601,0.9140204787254333,0.07918962836265564
1141c383-3413-40a0-a550-7253129d4a4a_jpg.rf.5d2d3eba0b2dbca166bc5c51fe7e607d.jpg,0,0.8382721543312073,0.47788187861442566,0.32345589995384216,0.9152590036392212,0.06730349361896515
1141c383-3413-40a0-a550-7253129d4a4a_jpg.rf.5d2d3eba0b2dbca166bc5c51fe7e607d.jpg,1,0.11645715683698654,0.5314189195632935,0.23285280168056488,0.9370989799499512,0.04804844781756401
1141c383-3413-40a0-a550-7253129d4a4a_jpg.rf.5d2d3eba0b2dbca166bc5c51fe7e607d.jpg,0,0.2610141336917877,0.472951203584671,0.5220282673835754,0.9392409324645996,0.03729904443025589
1141c383-3413-40a0-a550-7253129d4a4a_jpg.rf.5d2d3eba0b2dbca166bc5c51fe7e607d.jpg,1,0.29078155755996704,0.5186166167259216,0.5815631151199341,0.9566524624824524,0.02445664070546627
1141c383-3413-40a0-a550-7253129d4a4a_jpg.rf.5d2d3eba0b2dbca166bc5c51fe7e607d.jpg,1,0.085239477455616,0.5586031079292297,0.170478954911232,0.8795579075813293,0.02217969484627247
1141c383-3413-40a0-a550-7253129d4a4a_jpg.rf.5d2d3eba0b2dbca166bc5c51fe7e607d.jpg,1,0.9221661686897278,0.4822436571121216,0.15566767752170563,0.9176246523857117,0.020146336406469345
1141c383-3413-40a0-a550-7253129d4a4a_jpg.rf.5d2d3eba0b2dbca166bc5c51fe7e607d.jpg,0,0.14976809918880463,0.44358548521995544,0.29953619837760925,0.8838493824005127,0.01551804319024086
1141c383-3413-40a0-a550-7253129d4a4a_jpg.rf.5d2d3eba0b2dbca166bc5c51fe7e607d.jpg,1,0.09542497992515564,0.44578731060028076,0.19084995985031128,0.8672724962234497,0.007901222445070744
1141c383-3413-40a0-a550-7253129d4a4a_jpg.rf.5d2d3eba0b2dbca166bc5c51fe7e607d.jpg,0,0.37961307168006897,0.4822387397289276,0.7592261433601379,0.9560643434524536,0.007849840447306633
1141c383-3413-40a0-a550-7253129d4a4a_jpg.rf.5d2d3eba0b2dbca166bc5c51fe7e607d.jpg,0,0.9286767840385437,0.510830819606781,0.1426464319229126,0.8538298010826111,0.007789537776261568
1141c383-3413-40a0-a550-7253129d4a4a_jpg.rf.5d2d3eba0b2dbca166bc5c51fe7e607d.jpg,0,0.5,0.6652443408966064,1.0,0.6695114374160767,0.0073351566679775715
1141c383-3413-40a0-a550-7253129d4a4a_jpg.rf.5d2d3eba0b2dbca166bc5c51fe7e607d.jpg,1,0.08002582937479019,0.672609806060791,0.16005165874958038,0.6511633396148682,0.006030568853020668
1141c383-3413-40a0-a550-7253129d4a4a_jpg.rf.5d2d3eba0b2dbca166bc5c51fe7e607d.jpg,0,0.5122411251068115,0.795677661895752,0.9755178093910217,0.4023950397968292,0.004316525999456644
1141c383-3413-40a0-a550-7253129d4a4a_jpg.rf.5d2d3eba0b2dbca166bc5c51fe7e607d.jpg,0,0.5070012211799622,0.9130124449729919,0.9859976172447205,0.1739751398563385,0.004234847612679005
1141c383-3413-40a0-a550-7253129d4a4a_jpg.rf.5d2d3eba0b2dbca166bc5c51fe7e607d.jpg,1,0.2225389927625656,0.4434204697608948,0.4450779855251312,0.8863750696182251,0.004125051666051149
1141c383-3413-40a0-a550-7253129d4a4a_jpg.rf.5d2d3eba0b2dbca166bc5c51fe7e607d.jpg,1,0.5672241449356079,0.36325833201408386,0.6967563033103943,0.7215855717658997,0.003138997359201312
1141c383-3413-40a0-a550-7253129d4a4a_jpg.rf.5d2d3eba0b2dbca166bc5c51fe7e607d.jpg,1,0.1467016637325287,0.6880760192871094,0.2934033274650574,0.6238479018211365,0.0029526706784963608
1141c383-3413-40a0-a550-7253129d4a4a_jpg.rf.5d2d3eba0b2dbca166bc5c51fe7e607d.jpg,1,0.4916643798351288,0.20251145958900452,0.9833287596702576,0.4044681787490845,0.002804976189509034
1141c383-3413-40a0-a550-7253129d4a4a_jpg.rf.5d2d3eba0b2dbca166bc5c51fe7e607d.jpg,0,0.10035649687051773,0.4379037916660309,0.20071299374103546,0.857620120048523,0.002743085380643606
1141c383-3413-40a0-a550-7253129d4a4a_jpg.rf.5d2d3eba0b2dbca166bc5c51fe7e607d.jpg,0,0.5,0.8946900367736816,1.0,0.21062007546424866,0.0025008805096149445
1141c383-3413-40a0-a550-7253129d4a4a_jpg.rf.5d2d3eba0b2dbca166bc5c51fe7e607d.jpg,0,0.5,0.8683760166168213,1.0,0.2632480263710022,0.002108342945575714
1141c383-3413-40a0-a550-7253129d4a4a_jpg.rf.5d2d3eba0b2dbca166bc5c51fe7e607d.jpg,1,0.654829204082489,0.15712982416152954,0.6848333477973938,0.3141104280948639,0.0012927448842674494
1141c383-3413-40a0-a550-7253129d4a4a_jpg.rf.5d2d3eba0b2dbca166bc5c51fe7e607d.jpg,1,0.4846506416797638,0.13091334700584412,0.9693012833595276,0.26161354780197144,0.0010610859608277678
1141c383-3413-40a0-a550-7253129d4a4a_jpg.rf.5d2d3eba0b2dbca166bc5c51fe7e607d.jpg,0,0.14778588712215424,0.6193828582763672,0.29557177424430847,0.7584787011146545,0.001029857899993658
182a7c98-60cb-46a4-a89b-ad3500515c3a_jpg.rf.2a5a1477064c1cd7dbe34e2e9a982a9e.jpg,0,0.47951996326446533,0.48755162954330444,0.9336720705032349,0.9751032590866089,0.8223970532417297
182a7c98-60cb-46a4-a89b-ad3500515c3a_jpg.rf.2a5a1477064c1cd7dbe34e2e9a982a9e.jpg,1,0.5312488079071045,0.47923868894577026,0.8525831699371338,0.9465216398239136,0.6312771439552307
182a7c98-60cb-46a4-a89b-ad3500515c3a_jpg.rf.2a5a1477064c1cd7dbe34e2e9a982a9e.jpg,1,0.12301947921514511,0.39660322666168213,0.24552121758460999,0.7910551428794861,0.33235251903533936
182a7c98-60cb-46a4-a89b-ad3500515c3a_jpg.rf.2a5a1477064c1cd7dbe34e2e9a982a9e.jpg,0,0.17102645337581635,0.4310706853866577,0.3420529067516327,0.8596953749656677,0.2583402395248413
182a7c98-60cb-46a4-a89b-ad3500515c3a_jpg.rf.2a5a1477064c1cd7dbe34e2e9a982a9e.jpg,1,0.8860592842102051,0.4847196638584137,0.22756071388721466,0.9694393277168274,0.20044279098510742
182a7c98-60cb-46a4-a89b-ad3500515c3a_jpg.rf.2a5a1477064c1cd7dbe34e2e9a982a9e.jpg,0,0.265438437461853,0.4982968270778656,0.530876874923706,0.9908497333526611,0.1805236041545868
182a7c98-60cb-46a4-a89b-ad3500515c3a_jpg.rf.2a5a1477064c1cd7dbe34e2e9a982a9e.jpg,0,0.88831627368927,0.4823451638221741,0.2233082801103592,0.9594776630401611,0.12771391868591309
182a7c98-60cb-46a4-a89b-ad3500515c3a_jpg.rf.2a5a1477064c1cd7dbe34e2e9a982a9e.jpg,1,0.9229125380516052,0.472711443901062,0.15417495369911194,0.945422887802124,0.09094743430614471
182a7c98-60cb-46a4-a89b-ad3500515c3a_jpg.rf.2a5a1477064c1cd7dbe34e2e9a982a9e.jpg,1,0.21256496012210846,0.4103296995162964,0.4251299202442169,0.8167536854743958,0.04971592500805855
182a7c98-60cb-46a4-a89b-ad3500515c3a_jpg.rf.2a5a1477064c1cd7dbe34e2e9a982a9e.jpg,1,0.7889288663864136,0.4761769771575928,0.4221424162387848,0.9523539543151855,0.03556470200419426
182a7c98-60cb-46a4-a89b-ad3500515c3a_jpg.rf.2a5a1477064c1cd7dbe34e2e9a982a9e.jpg,1,0.8889127969741821,0.34541189670562744,0.22162188589572906,0.6908237934112549,0.032414667308330536
182a7c98-60cb-46a4-a89b-ad3500515c3a_jpg.rf.2a5a1477064c1cd7dbe34e2e9a982a9e.jpg,1,0.8503809571266174,0.17171460390090942,0.2992382049560547,0.34342920780181885,0.028120482340455055
182a7c98-60cb-46a4-a89b-ad3500515c3a_jpg.rf.2a5a1477064c1cd7dbe34e2e9a982a9e.jpg,0,0.9245851635932922,0.507412850856781,0.1508297622203827,0.8702496886253357,0.023214606568217278
182a7c98-60cb-46a4-a89b-ad3500515c3a_jpg.rf.2a5a1477064c1cd7dbe34e2e9a982a9e.jpg,1,0.8477699756622314,0.3102828562259674,0.3044600188732147,0.6201346516609192,0.018716910853981972
182a7c98-60cb-46a4-a89b-ad3500515c3a_jpg.rf.2a5a1477064c1cd7dbe34e2e9a982a9e.jpg,1,0.44908785820007324,0.18770214915275574,0.8919317722320557,0.3754042983055115,0.017716480419039726
182a7c98-60cb-46a4-a89b-ad3500515c3a_jpg.rf.2a5a1477064c1cd7dbe34e2e9a982a9e.jpg,1,0.4630616307258606,0.360199511051178,0.9198049902915955,0.7195898294448853,0.01702570542693138
182a7c98-60cb-46a4-a89b-ad3500515c3a_jpg.rf.2a5a1477064c1cd7dbe34e2e9a982a9e.jpg,1,0.8993630409240723,0.1546606719493866,0.2012740671634674,0.3093213438987732,0.016071364283561707
182a7c98-60cb-46a4-a89b-ad3500515c3a_jpg.rf.2a5a1477064c1cd7dbe34e2e9a982a9e.jpg,1,0.865122377872467,0.11417315900325775,0.26930031180381775,0.22834041714668274,0.013312069699168205
182a7c98-60cb-46a4-a89b-ad3500515c3a_jpg.rf.2a5a1477064c1cd7dbe34e2e9a982a9e.jpg,1,0.8022065758705139,0.14645345509052277,0.39492377638816833,0.29290691018104553,0.012830929830670357
182a7c98-60cb-46a4-a89b-ad3500515c3a_jpg.rf.2a5a1477064c1cd7dbe34e2e9a982a9e.jpg,0,0.11598162353038788,0.42916086316108704,0.23196324706077576,0.8557212948799133,0.012173924595117569
182a7c98-60cb-46a4-a89b-ad3500515c3a_jpg.rf.2a5a1477064c1cd7dbe34e2e9a982a9e.jpg,0,0.5323337316513062,0.760545015335083,0.9192100167274475,0.4612947702407837,0.01056706253439188
182a7c98-60cb-46a4-a89b-ad3500515c3a_jpg.rf.2a5a1477064c1cd7dbe34e2e9a982a9e.jpg,1,0.9047922492027283,0.10225071758031845,0.19041560590267181,0.2045014351606369,0.007747082971036434
182a7c98-60cb-46a4-a89b-ad3500515c3a_jpg.rf.2a5a1477064c1cd7dbe34e2e9a982a9e.jpg,1,0.4265344440937042,0.13242849707603455,0.8075225949287415,0.2648569941520691,0.007470352575182915
182a7c98-60cb-46a4-a89b-ad3500515c3a_jpg.rf.2a5a1477064c1cd7dbe34e2e9a982a9e.jpg,1,0.9144812226295471,0.23600611090660095,0.170999675989151,0.4718056321144104,0.007232647389173508
182a7c98-60cb-46a4-a89b-ad3500515c3a_jpg.rf.2a5a1477064c1cd7dbe34e2e9a982a9e.jpg,1,0.7978894710540771,0.2735089659690857,0.40392327308654785,0.5465568900108337,0.007096075918525457
182a7c98-60cb-46a4-a89b-ad3500515c3a_jpg.rf.2a5a1477064c1cd7dbe34e2e9a982a9e.jpg,0,0.1771787703037262,0.591864824295044,0.3543575406074524,0.8162704110145569,0.006539370398968458
182a7c98-60cb-46a4-a89b-ad3500515c3a_jpg.rf.2a5a1477064c1cd7dbe34e2e9a982a9e.jpg,0,0.7966622114181519,0.48438918590545654,0.40667569637298584,0.9592767953872681,0.005926246754825115
182a7c98-60cb-46a4-a89b-ad3500515c3a_jpg.rf.2a5a1477064c1cd7dbe34e2e9a982a9e.jpg,1,0.07771608978509903,0.39748281240463257,0.15543217957019806,0.7949656248092651,0.00436141062527895
182a7c98-60cb-46a4-a89b-ad3500515c3a_jpg.rf.2a5a1477064c1cd7dbe34e2e9a982a9e.jpg,0,0.5057141780853271,0.7130334377288818,0.9885717034339905,0.5739332437515259,0.004352466203272343
182a7c98-60cb-46a4-a89b-ad3500515c3a_jpg.rf.2a5a1477064c1cd7dbe34e2e9a982a9e.jpg,1,0.811241626739502,0.10634027421474457,0.3773014545440674,0.21248705685138702,0.004296908620744944
182a7c98-60cb-46a4-a89b-ad3500515c3a_jpg.rf.2a5a1477064c1cd7dbe34e2e9a982a9e.jpg,0,0.29673299193382263,0.2719229757785797,0.5882053375244141,0.5438459515571594,0.0038965956773608923
182a7c98-60cb-46a4-a89b-ad3500515c3a_jpg.rf.2a5a1477064c1cd7dbe34e2e9a982a9e.jpg,1,0.38352906703948975,0.29570138454437256,0.7326347231864929,0.5914027690887451,0.003653627121821046
182a7c98-60cb-46a4-a89b-ad3500515c3a_jpg.rf.2a5a1477064c1cd7dbe34e2e9a982a9e.jpg,1,0.11103345453739166,0.5150408744812012,0.22206690907478333,0.9699183106422424,0.003643967676907778
182a7c98-60cb-46a4-a89b-ad3500515c3a_jpg.rf.2a5a1477064c1cd7dbe34e2e9a982a9e.jpg,0,0.12639103829860687,0.5576184391975403,0.25278207659721375,0.8196008205413818,0.0034483675844967365
182a7c98-60cb-46a4-a89b-ad3500515c3a_jpg.rf.2a5a1477064c1cd7dbe34e2e9a982a9e.jpg,1,0.0667441114783287,0.5485443472862244,0.1334882229566574,0.8363312482833862,0.0032071261666715145
182a7c98-60cb-46a4-a89b-ad3500515c3a_jpg.rf.2a5a1477064c1cd7dbe34e2e9a982a9e.jpg,1,0.7512416839599609,0.16645340621471405,0.4973585903644562,0.3329068124294281,0.00301029602997005
182a7c98-60cb-46a4-a89b-ad3500515c3a_jpg.rf.2a5a1477064c1cd7dbe34e2e9a982a9e.jpg,1,0.6233391165733337,0.29608532786369324,0.5636920928955078,0.589775025844574,0.002764596836641431
182a7c98-60cb-46a4-a89b-ad3500515c3a_jpg.rf.2a5a1477064c1cd7dbe34e2e9a982a9e.jpg,0,0.06504777818918228,0.5351360440254211,0.13009555637836456,0.8230925798416138,0.002719191135838628
182a7c98-60cb-46a4-a89b-ad3500515c3a_jpg.rf.2a5a1477064c1cd7dbe34e2e9a982a9e.jpg,1,0.05776258558034897,0.4311026930809021,0.11552517116069794,0.6934670805931091,0.0025631249882280827
182a7c98-60cb-46a4-a89b-ad3500515c3a_jpg.rf.2a5a1477064c1cd7dbe34e2e9a982a9e.jpg,1,0.7059063911437988,0.09769723564386368,0.5876282453536987,0.19536192715168,0.002376117743551731
182a7c98-60cb-46a4-a89b-ad3500515c3a_jpg.rf.2a5a1477064c1cd7dbe34e2e9a982a9e.jpg,0,0.23172220587730408,0.8271682858467102,0.46344441175460815,0.345663458108902,0.002292997669428587
182a7c98-60cb-46a4-a89b-ad3500515c3a_jpg.rf.2a5a1477064c1cd7dbe34e2e9a982a9e.jpg,1,0.29287633299827576,0.23104797303676605,0.576694905757904,0.46155601739883423,0.0020886221900582314
182a7c98-60cb-46a4-a89b-ad3500515c3a_jpg.rf.2a5a1477064c1cd7dbe34e2e9a982a9e.jpg,1,0.3482261598110199,0.18074049055576324,0.6432965397834778,0.3610806465148926,0.0019996948540210724
182a7c98-60cb-46a4-a89b-ad3500515c3a_jpg.rf.2a5a1477064c1cd7dbe34e2e9a982a9e.jpg,1,0.38658881187438965,0.098769411444664,0.712225079536438,0.19704464077949524,0.0019366631750017405
182a7c98-60cb-46a4-a89b-ad3500515c3a_jpg.rf.2a5a1477064c1cd7dbe34e2e9a982a9e.jpg,1,0.3778854012489319,0.4447650611400604,0.7248884439468384,0.8839778304100037,0.0019113118760287762
182a7c98-60cb-46a4-a89b-ad3500515c3a_jpg.rf.2a5a1477064c1cd7dbe34e2e9a982a9e.jpg,0,0.29676681756973267,0.8827701807022095,0.5935336351394653,0.23445966839790344,0.001692219520919025
182a7c98-60cb-46a4-a89b-ad3500515c3a_jpg.rf.2a5a1477064c1cd7dbe34e2e9a982a9e.jpg,1,0.3051837086677551,0.12492238730192184,0.5883402228355408,0.2492971569299698,0.0014865219127386808
182a7c98-60cb-46a4-a89b-ad3500515c3a_jpg.rf.2a5a1477064c1cd7dbe34e2e9a982a9e.jpg,1,0.31854596734046936,0.3642674386501312,0.619255006313324,0.7262551784515381,0.0012504869373515248
182a7c98-60cb-46a4-a89b-ad3500515c3a_jpg.rf.2a5a1477064c1cd7dbe34e2e9a982a9e.jpg,0,0.22769029438495636,0.38634803891181946,0.4553805887699127,0.7710371017456055,0.0012238147901371121
182a7c98-60cb-46a4-a89b-ad3500515c3a_jpg.rf.2a5a1477064c1cd7dbe34e2e9a982a9e.jpg,0,0.7526037693023682,0.42005497217178345,0.49479252099990845,0.8398637175559998,0.0012013270752504468
182a7c98-60cb-46a4-a89b-ad3500515c3a_jpg.rf.2a5a1477064c1cd7dbe34e2e9a982a9e.jpg,1,0.5878065228462219,0.38574138283729553,0.6196081042289734,0.7705740332603455,0.001171282259747386
182a7c98-60cb-46a4-a89b-ad3500515c3a_jpg.rf.2a5a1477064c1cd7dbe34e2e9a982a9e.jpg,0,0.14038151502609253,0.8312109708786011,0.28076303005218506,0.3375781178474426,0.001146577182225883
182a7c98-60cb-46a4-a89b-ad3500515c3a_jpg.rf.2a5a1477064c1cd7dbe34e2e9a982a9e.jpg,1,0.6993652582168579,0.46368443965911865,0.601269543170929,0.9094401001930237,0.0010641742264851928
182a7c98-60cb-46a4-a89b-ad3500515c3a_jpg.rf.2a5a1477064c1cd7dbe34e2e9a982a9e.jpg,0,0.26705965399742126,0.7654776573181152,0.5341193079948425,0.4690448045730591,0.001010066014714539
182a7c98-60cb-46a4-a89b-ad3500515c3a_jpg.rf.2a5a1477064c1cd7dbe34e2e9a982a9e.jpg,1,0.676611065864563,0.19443048536777496,0.6467779874801636,0.3888609707355499,0.0010096696205437183
2257b962-595c-43ae-8f0d-575f1b55beb8_jpg.rf.d8ba84a72e00584f12f54d3cf03c8dc0.jpg,0,0.5262096524238586,0.4832300841808319,0.5451135039329529,0.8563199043273926,0.8215371370315552
2257b962-595c-43ae-8f0d-575f1b55beb8_jpg.rf.d8ba84a72e00584f12f54d3cf03c8dc0.jpg,1,0.5239436030387878,0.4656600058078766,0.5106053352355957,0.8005386590957642,0.42675888538360596
2257b962-595c-43ae-8f0d-575f1b55beb8_jpg.rf.d8ba84a72e00584f12f54d3cf03c8dc0.jpg,0,0.23984459042549133,0.5031956434249878,0.47968918085098267,0.993608832359314,0.264841765165329
2257b962-595c-43ae-8f0d-575f1b55beb8_jpg.rf.d8ba84a72e00584f12f54d3cf03c8dc0.jpg,1,0.8484804034233093,0.5005354285240173,0.3027295470237732,0.9989292025566101,0.20459787547588348
2257b962-595c-43ae-8f0d-575f1b55beb8_jpg.rf.d8ba84a72e00584f12f54d3cf03c8dc0.jpg,1,0.6195025444030762,0.49649736285209656,0.7603225708007812,0.9907110333442688,0.12919099628925323
2257b962-595c-43ae-8f0d-575f1b55beb8_jpg.rf.d8ba84a72e00584f12f54d3cf03c8dc0.jpg,1,0.2343275099992752,0.5042348504066467,0.4686550199985504,0.9915303587913513,0.09123912453651428
2257b962-595c-43ae-8f0d-575f1b55beb8_jpg.rf.d8ba84a72e00584f12f54d3cf03c8dc0.jpg,1,0.4295283854007721,0.4272922873497009,0.8581786751747131,0.8544173240661621,0.03791455924510956
2257b962-595c-43ae-8f0d-575f1b55beb8_jpg.rf.d8ba84a72e00584f12f54d3cf03c8dc0.jpg,1,0.9005166292190552,0.502504825592041,0.1989392638206482,0.9949904084205627,0.03764907643198967
2257b962-595c-43ae-8f0d-575f1b55beb8_jpg.rf.d8ba84a72e00584f12f54d3cf03c8dc0.jpg,1,0.148881196975708,0.45700886845588684,0.29730892181396484,0.9140177369117737,0.02375420741736889
2257b962-595c-43ae-8f0d-575f1b55beb8_jpg.rf.d8ba84a72e00584f12f54d3cf03c8dc0.jpg,1,0.5946361422538757,0.2253827452659607,0.7714937329292297,0.4503697156906128,0.02107122726738453
2257b962-595c-43ae-8f0d-575f1b55beb8_jpg.rf.d8ba84a72e00584f12f54d3cf03c8dc0.jpg,1,0.5446612238883972,0.11524425446987152,0.751581609249115,0.230474054813385,0.019144359976053238
2257b962-595c-43ae-8f0d-575f1b55beb8_jpg.rf.d8ba84a72e00584f12f54d3cf03c8dc0.jpg,0,0.5942049026489258,0.5011126399040222,0.811590313911438,0.9977748394012451,0.01861456222832203
2257b962-595c-43ae-8f0d-575f1b55beb8_jpg.rf.d8ba84a72e00584f12f54d3cf03c8dc0.jpg,1,0.46768495440483093,0.3119879961013794,0.9353699088096619,0.6239759922027588,0.018056336790323257
2257b962-595c-43ae-8f0d-575f1b55beb8_jpg.rf.d8ba84a72e00584f12f54d3cf03c8dc0.jpg,1,0.5300790071487427,0.1776869297027588,0.7701945900917053,0.3553738594055176,0.017801955342292786
2257b962-595c-43ae-8f0d-575f1b55beb8_jpg.rf.d8ba84a72e00584f12f54d3cf03c8dc0.jpg,1,0.5548862814903259,0.3360470235347748,0.59552001953125,0.6716059446334839,0.014790428802371025
2257b962-595c-43ae-8f0d-575f1b55beb8_jpg.rf.d8ba84a72e00584f12f54d3cf03c8dc0.jpg,0,0.4044826328754425,0.4856240451335907,0.8073673844337463,0.9605116248130798,0.009722336195409298
2257b962-595c-43ae-8f0d-575f1b55beb8_jpg.rf.d8ba84a72e00584f12f54d3cf03c8dc0.jpg,1,0.43875226378440857,0.21742427349090576,0.81845623254776,0.4348485469818115,0.005385841708630323
2257b962-595c-43ae-8f0d-575f1b55beb8_jpg.rf.d8ba84a72e00584f12f54d3cf03c8dc0.jpg,1,0.5657416582107544,0.08148075640201569,0.718595027923584,0.1625315397977829,0.004093264229595661
2257b962-595c-43ae-8f0d-575f1b55beb8_jpg.rf.d8ba84a72e00584f12f54d3cf03c8dc0.jpg,0,0.21637381613254547,0.603567898273468,0.43274763226509094,0.7459956407546997,0.004084950778633356
2257b962-595c-43ae-8f0d-575f1b55beb8_jpg.rf.d8ba84a72e00584f12f54d3cf03c8dc0.jpg,1,0.0917886421084404,0.4467121660709381,0.1835772842168808,0.8934243321418762,0.0034796770196408033
2257b962-595c-43ae-8f0d-575f1b55beb8_jpg.rf.d8ba84a72e00584f12f54d3cf03c8dc0.jpg,1,0.5082850456237793,0.33733123540878296,0.4663679003715515,0.5240035057067871,0.00332393916323781
2257b962-595c-43ae-8f0d-575f1b55beb8_jpg.rf.d8ba84a72e00584f12f54d3cf03c8dc0.jpg,1,0.18954038619995117,0.5765663385391235,0.37908077239990234,0.8250956535339355,0.002403784543275833
2257b962-595c-43ae-8f0d-575f1b55beb8_jpg.rf.d8ba84a72e00584f12f54d3cf03c8dc0.jpg,0,0.20194663107395172,0.38217732310295105,0.40389326214790344,0.7603614330291748,0.001901257666759193
2257b962-595c-43ae-8f0d-575f1b55beb8_jpg.rf.d8ba84a72e00584f12f54d3cf03c8dc0.jpg,1,0.29732102155685425,0.43856728076934814,0.5946420431137085,0.8717465996742249,0.0018278778297826648
2257b962-595c-43ae-8f0d-575f1b55beb8_jpg.rf.d8ba84a72e00584f12f54d3cf03c8dc0.jpg,0,0.5,0.6725028157234192,1.0,0.6549944281578064,0.0015298526268452406
2257b962-595c-43ae-8f0d-575f1b55beb8_jpg.rf.d8ba84a72e00584f12f54d3cf03c8dc0.jpg,1,0.7884750366210938,0.48847243189811707,0.4230499565601349,0.9688876867294312,0.001411602133885026
2257b962-595c-43ae-8f0d-575f1b55beb8_jpg.rf.d8ba84a72e00584f12f54d3cf03c8dc0.jpg,1,0.24962733685970306,0.3437134027481079,0.49925467371940613,0.6867919564247131,0.001239495468325913
2257b962-595c-43ae-8f0d-575f1b55beb8_jpg.rf.d8ba84a72e00584f12f54d3cf03c8dc0.jpg,1,0.3014228343963623,0.24049697816371918,0.6028456687927246,0.4805660545825958,0.0010069913696497679
24085f02-5dde-4b59-ad8e-887935bd08e1_jpg.rf.d216c61af0d1adf927b98f242a4fe85f.jpg,0,0.44740039110183716,0.49295151233673096,0.795232355594635,0.9854826927185059,0.8493582606315613
24085f02-5dde-4b59-ad8e-887935bd08e1_jpg.rf.d216c61af0d1adf927b98f242a4fe85f.jpg,1,0.12556256353855133,0.45762214064598083,0.25062012672424316,0.9145413637161255,0.11158071458339691
24085f02-5dde-4b59-ad8e-887935bd08e1_jpg.rf.d216c61af0d1adf927b98f242a4fe85f.jpg,1,0.18109403550624847,0.4547826945781708,0.36218807101249695,0.9076129794120789,0.08311787247657776
24085f02-5dde-4b59-ad8e-887935bd08e1_jpg.rf.d216c61af0d1adf927b98f242a4fe85f.jpg,1,0.07897970825433731,0.4252796471118927,0.15795941650867462,0.8498152494430542,0.0476720966398716
24085f02-5dde-4b59-ad8e-887935bd08e1_jpg.rf.d216c61af0d1adf927b98f242a4fe85f.jpg,0,0.7315859198570251,0.6268764734268188,0.5368282198905945,0.7425204515457153,0.04120595380663872
24085f02-5dde-4b59-ad8e-887935bd08e1_jpg.rf.d216c61af0d1adf927b98f242a4fe85f.jpg,0,0.1327270120382309,0.4951156973838806,0.2654540240764618,0.9881612062454224,0.035751134157180786
24085f02-5dde-4b59-ad8e-887935bd08e1_jpg.rf.d216c61af0d1adf927b98f242a4fe85f.jpg,0,0.07245822250843048,0.39908015727996826,0.14470365643501282,0.7917931079864502,0.024123825132846832
24085f02-5dde-4b59-ad8e-887935bd08e1_jpg.rf.d216c61af0d1adf927b98f242a4fe85f.jpg,1,0.8591681718826294,0.7777937650680542,0.022259052842855453,0.05006225407123566,0.020850632339715958
24085f02-5dde-4b59-ad8e-887935bd08e1_jpg.rf.d216c61af0d1adf927b98f242a4fe85f.jpg,0,0.05718260258436203,0.43654704093933105,0.11436520516872406,0.6643149256706238,0.017104370519518852
24085f02-5dde-4b59-ad8e-887935bd08e1_jpg.rf.d216c61af0d1adf927b98f242a4fe85f.jpg,1,0.7883228659629822,0.499112993478775,0.4233544170856476,0.9929625988006592,0.014462552033364773
24085f02-5dde-4b59-ad8e-887935bd08e1_jpg.rf.d216c61af0d1adf927b98f242a4fe85f.jpg,1,0.4505813419818878,0.4713704586029053,0.7690893411636353,0.9392021894454956,0.01369189191609621
24085f02-5dde-4b59-ad8e-887935bd08e1_jpg.rf.d216c61af0d1adf927b98f242a4fe85f.jpg,1,0.8113870024681091,0.6345588564872742,0.3772260248661041,0.7308824062347412,0.010550190694630146
24085f02-5dde-4b59-ad8e-887935bd08e1_jpg.rf.d216c61af0d1adf927b98f242a4fe85f.jpg,1,0.8532396554946899,0.5019387602806091,0.29352065920829773,0.9961225390434265,0.009675214067101479
24085f02-5dde-4b59-ad8e-887935bd08e1_jpg.rf.d216c61af0d1adf927b98f242a4fe85f.jpg,1,0.6527504324913025,0.492121160030365,0.6933412551879883,0.9819734692573547,0.008950305171310902
24085f02-5dde-4b59-ad8e-887935bd08e1_jpg.rf.d216c61af0d1adf927b98f242a4fe85f.jpg,1,0.8708654642105103,0.3278227746486664,0.2582690119743347,0.6529434323310852,0.008116098120808601
24085f02-5dde-4b59-ad8e-887935bd08e1_jpg.rf.d216c61af0d1adf927b98f242a4fe85f.jpg,0,0.6295797228813171,0.717355489730835,0.7330121994018555,0.5652890801429749,0.004766804166138172
24085f02-5dde-4b59-ad8e-887935bd08e1_jpg.rf.d216c61af0d1adf927b98f242a4fe85f.jpg,1,0.4623790979385376,0.3532363474369049,0.71048903465271,0.7054247260093689,0.003885426791384816
24085f02-5dde-4b59-ad8e-887935bd08e1_jpg.rf.d216c61af0d1adf927b98f242a4fe85f.jpg,0,0.195445254445076,0.5030351281166077,0.390890508890152,0.9939298033714294,0.0035470323637127876
24085f02-5dde-4b59-ad8e-887935bd08e1_jpg.rf.d216c61af0d1adf927b98f242a4fe85f.jpg,1,0.060310933738946915,0.4582347571849823,0.12062186747789383,0.7360594272613525,0.003516270313411951
24085f02-5dde-4b59-ad8e-887935bd08e1_jpg.rf.d216c61af0d1adf927b98f242a4fe85f.jpg,1,0.26839491724967957,0.4375760555267334,0.5367898344993591,0.8751521110534668,0.0030721670482307673
24085f02-5dde-4b59-ad8e-887935bd08e1_jpg.rf.d216c61af0d1adf927b98f242a4fe85f.jpg,0,0.5,0.7188703417778015,1.0,0.5622593760490417,0.0028339847922325134
24085f02-5dde-4b59-ad8e-887935bd08e1_jpg.rf.d216c61af0d1adf927b98f242a4fe85f.jpg,1,0.8722229599952698,0.6170106530189514,0.25555428862571716,0.7659787535667419,0.002397897420451045
24085f02-5dde-4b59-ad8e-887935bd08e1_jpg.rf.d216c61af0d1adf927b98f242a4fe85f.jpg,1,0.7989124655723572,0.7484807968139648,0.4018346071243286,0.5030384063720703,0.0021839006803929806
24085f02-5dde-4b59-ad8e-887935bd08e1_jpg.rf.d216c61af0d1adf927b98f242a4fe85f.jpg,1,0.05175376310944557,0.5062307119369507,0.10300392657518387,0.5839245319366455,0.002140467055141926
24085f02-5dde-4b59-ad8e-887935bd08e1_jpg.rf.d216c61af0d1adf927b98f242a4fe85f.jpg,1,0.8458800911903381,0.24917271733283997,0.30798113346099854,0.49834543466567993,0.0020508538000285625
24085f02-5dde-4b59-ad8e-887935bd08e1_jpg.rf.d216c61af0d1adf927b98f242a4fe85f.jpg,1,0.8078110218048096,0.35011789202690125,0.38437792658805847,0.697799801826477,0.0018929148791357875
24085f02-5dde-4b59-ad8e-887935bd08e1_jpg.rf.d216c61af0d1adf927b98f242a4fe85f.jpg,0,0.7458116412162781,0.7292920351028442,0.5079987049102783,0.5414160490036011,0.0018873249646276236
24085f02-5dde-4b59-ad8e-887935bd08e1_jpg.rf.d216c61af0d1adf927b98f242a4fe85f.jpg,0,0.6880212426185608,0.49887245893478394,0.6234793066978455,0.9898534417152405,0.0017334469594061375
24085f02-5dde-4b59-ad8e-887935bd08e1_jpg.rf.d216c61af0d1adf927b98f242a4fe85f.jpg,0,0.2894408702850342,0.5020955801010132,0.5788817405700684,0.9958089590072632,0.0017126536695286632
24085f02-5dde-4b59-ad8e-887935bd08e1_jpg.rf.d216c61af0d1adf927b98f242a4fe85f.jpg,0,0.5476199388504028,0.7971682548522949,0.8982024192810059,0.4056635797023773,0.0016008783131837845
24085f02-5dde-4b59-ad8e-887935bd08e1_jpg.rf.d216c61af0d1adf927b98f242a4fe85f.jpg,0,0.0885130763053894,0.5127074122428894,0.1770261526107788,0.9711741209030151,0.0012897306587547064
24085f02-5dde-4b59-ad8e-887935bd08e1_jpg.rf.d216c61af0d1adf927b98f242a4fe85f.jpg,0,0.8147542476654053,0.5832616090774536,0.37005549669265747,0.7904727458953857,0.0010347393108531833
24085f02-5dde-4b59-ad8e-887935bd08e1_jpg.rf.d216c61af0d1adf927b98f242a4fe85f.jpg,1,0.09531453996896744,0.5061352849006653,0.19062907993793488,0.9752988219261169,0.0010265832534059882
27beeb65-e6ea-4c4a-9dea-597500f26e7f_jpg.rf.29ca4c588d77178889b70d59993eb0ff.jpg,0,0.5616539120674133,0.4634994864463806,0.7446159720420837,0.8897656202316284,0.9048848152160645
27beeb65-e6ea-4c4a-9dea-597500f26e7f_jpg.rf.29ca4c588d77178889b70d59993eb0ff.jpg,0,0.8551302552223206,0.46875569224357605,0.28973960876464844,0.9365944266319275,0.3348997235298157
27beeb65-e6ea-4c4a-9dea-597500f26e7f_jpg.rf.29ca4c588d77178889b70d59993eb0ff.jpg,0,0.23408041894435883,0.46512314677238464,0.46816083788871765,0.9302462935447693,0.2727198898792267
27beeb65-e6ea-4c4a-9dea-597500f26e7f_jpg.rf.29ca4c588d77178889b70d59993eb0ff.jpg,0,0.8974586725234985,0.47595375776290894,0.20508268475532532,0.9391351342201233,0.24800093472003937
27beeb65-e6ea-4c4a-9dea-597500f26e7f_jpg.rf.29ca4c588d77178889b70d59993eb0ff.jpg,0,0.8792192339897156,0.2742120325565338,0.24156160652637482,0.5481278896331787,0.22087079286575317
27beeb65-e6ea-4c4a-9dea-597500f26e7f_jpg.rf.29ca4c588d77178889b70d59993eb0ff.jpg,0,0.17204612493515015,0.5,0.3440922498703003,1.0,0.09516485780477524
27beeb65-e6ea-4c4a-9dea-597500f26e7f_jpg.rf.29ca4c588d77178889b70d59993eb0ff.jpg,0,0.9185805916786194,0.27148380875587463,0.16283893585205078,0.5429676175117493,0.07675456255674362
27beeb65-e6ea-4c4a-9dea-597500f26e7f_jpg.rf.29ca4c588d77178889b70d59993eb0ff.jpg,0,0.33476439118385315,0.44848787784576416,0.6695287823677063,0.8945393562316895,0.05693242326378822
27beeb65-e6ea-4c4a-9dea-597500f26e7f_jpg.rf.29ca4c588d77178889b70d59993eb0ff.jpg,1,0.200239360332489,0.23429200053215027,0.400478720664978,0.46858400106430054,0.05557584762573242
27beeb65-e6ea-4c4a-9dea-597500f26e7f_jpg.rf.29ca4c588d77178889b70d59993eb0ff.jpg,1,0.13918434083461761,0.4889006018638611,0.2778416574001312,0.9778012037277222,0.03514489531517029
27beeb65-e6ea-4c4a-9dea-597500f26e7f_jpg.rf.29ca4c588d77178889b70d59993eb0ff.jpg,1,0.11670499294996262,0.49313971400260925,0.2331450879573822,0.8180505633354187,0.02040489763021469
27beeb65-e6ea-4c4a-9dea-597500f26e7f_jpg.rf.29ca4c588d77178889b70d59993eb0ff.jpg,0,0.14121250808238983,0.5549224019050598,0.2817225158214569,0.6900455355644226,0.019616570323705673
27beeb65-e6ea-4c4a-9dea-597500f26e7f_jpg.rf.29ca4c588d77178889b70d59993eb0ff.jpg,0,0.1636858731508255,0.23141978681087494,0.32687950134277344,0.462515264749527,0.01711718551814556
27beeb65-e6ea-4c4a-9dea-597500f26e7f_jpg.rf.29ca4c588d77178889b70d59993eb0ff.jpg,1,0.14053018391132355,0.2306372970342636,0.28091564774513245,0.4612133502960205,0.01585485227406025
27beeb65-e6ea-4c4a-9dea-597500f26e7f_jpg.rf.29ca4c588d77178889b70d59993eb0ff.jpg,0,0.824889600276947,0.2777671217918396,0.35022082924842834,0.5546210408210754,0.014221790246665478
27beeb65-e6ea-4c4a-9dea-597500f26e7f_jpg.rf.29ca4c588d77178889b70d59993eb0ff.jpg,1,0.08339513838291168,0.5164750814437866,0.16679027676582336,0.786188006401062,0.011636014096438885
27beeb65-e6ea-4c4a-9dea-597500f26e7f_jpg.rf.29ca4c588d77178889b70d59993eb0ff.jpg,0,0.934417188167572,0.47715646028518677,0.13116565346717834,0.8390772342681885,0.011277381330728531
27beeb65-e6ea-4c4a-9dea-597500f26e7f_jpg.rf.29ca4c588d77178889b70d59993eb0ff.jpg,1,0.5641573667526245,0.09795612841844559,0.8714567422866821,0.1957932710647583,0.010713409632444382
27beeb65-e6ea-4c4a-9dea-597500f26e7f_jpg.rf.29ca4c588d77178889b70d59993eb0ff.jpg,0,0.5007779598236084,0.6970702409744263,0.998444139957428,0.6058595776557922,0.009359580464661121
27beeb65-e6ea-4c4a-9dea-597500f26e7f_jpg.rf.29ca4c588d77178889b70d59993eb0ff.jpg,0,0.7945289015769958,0.4654986262321472,0.41094228625297546,0.924745500087738,0.009006761014461517
27beeb65-e6ea-4c4a-9dea-597500f26e7f_jpg.rf.29ca4c588d77178889b70d59993eb0ff.jpg,0,0.09766235947608948,0.5061208605766296,0.19532471895217896,0.9877583980560303,0.008350702933967113
27beeb65-e6ea-4c4a-9dea-597500f26e7f_jpg.rf.29ca4c588d77178889b70d59993eb0ff.jpg,1,0.31374913454055786,0.16657431423664093,0.6259989738464355,0.33314862847328186,0.0060295346193015575
27beeb65-e6ea-4c4a-9dea-597500f26e7f_jpg.rf.29ca4c588d77178889b70d59993eb0ff.jpg,0,0.2803185284137726,0.2658674120903015,0.5606370568275452,0.531257152557373,0.005669128615409136
27beeb65-e6ea-4c4a-9dea-597500f26e7f_jpg.rf.29ca4c588d77178889b70d59993eb0ff.jpg,1,0.5593876242637634,0.17398984730243683,0.8803598284721375,0.3473612070083618,0.005546325817704201
27beeb65-e6ea-4c4a-9dea-597500f26e7f_jpg.rf.29ca4c588d77178889b70d59993eb0ff.jpg,1,0.635540783405304,0.07214615494012833,0.7283387780189514,0.1441105604171753,0.005284891929477453
27beeb65-e6ea-4c4a-9dea-597500f26e7f_jpg.rf.29ca4c588d77178889b70d59993eb0ff.jpg,0,0.4094131588935852,0.7566882371902466,0.783845841884613,0.4866236448287964,0.004146389197558165
27beeb65-e6ea-4c4a-9dea-597500f26e7f_jpg.rf.29ca4c588d77178889b70d59993eb0ff.jpg,1,0.2528958022594452,0.20061220228672028,0.5057916045188904,0.40122440457344055,0.004043994005769491
27beeb65-e6ea-4c4a-9dea-597500f26e7f_jpg.rf.29ca4c588d77178889b70d59993eb0ff.jpg,0,0.3493252396583557,0.655960738658905,0.6984946727752686,0.6880785226821899,0.003964487463235855
27beeb65-e6ea-4c4a-9dea-597500f26e7f_jpg.rf.29ca4c588d77178889b70d59993eb0ff.jpg,1,0.3794082701206207,0.11710415780544281,0.7579771280288696,0.23420831561088562,0.003750190371647477
27beeb65-e6ea-4c4a-9dea-597500f26e7f_jpg.rf.29ca4c588d77178889b70d59993eb0ff.jpg,0,0.10558471828699112,0.6054837107658386,0.21107156574726105,0.5839588046073914,0.003725511720404029
27beeb65-e6ea-4c4a-9dea-597500f26e7f_jpg.rf.29ca4c588d77178889b70d59993eb0ff.jpg,0,0.7867186069488525,0.1872369945049286,0.4265628755092621,0.3744739890098572,0.003493514144793153
27beeb65-e6ea-4c4a-9dea-597500f26e7f_jpg.rf.29ca4c588d77178889b70d59993eb0ff.jpg,0,0.16367188096046448,0.33724313974380493,0.32734376192092896,0.6744862794876099,0.0029835819732397795
27beeb65-e6ea-4c4a-9dea-597500f26e7f_jpg.rf.29ca4c588d77178889b70d59993eb0ff.jpg,1,0.5469969511032104,0.24549904465675354,0.890800416469574,0.4905628561973572,0.002669063163921237
27beeb65-e6ea-4c4a-9dea-597500f26e7f_jpg.rf.29ca4c588d77178889b70d59993eb0ff.jpg,1,0.7060396075248718,0.09806685894727707,0.5874959230422974,0.19613371789455414,0.0026248141657561064
27beeb65-e6ea-4c4a-9dea-597500f26e7f_jpg.rf.29ca4c588d77178889b70d59993eb0ff.jpg,0,0.9535831212997437,0.5455954074859619,0.09283389151096344,0.7025508880615234,0.0023081847466528416
27beeb65-e6ea-4c4a-9dea-597500f26e7f_jpg.rf.29ca4c588d77178889b70d59993eb0ff.jpg,0,0.12985138595104218,0.27199599146842957,0.25970277190208435,0.5439919829368591,0.002288362942636013
27beeb65-e6ea-4c4a-9dea-597500f26e7f_jpg.rf.29ca4c588d77178889b70d59993eb0ff.jpg,0,0.7913250923156738,0.10956228524446487,0.4173499047756195,0.21904343366622925,0.00205248617567122
27beeb65-e6ea-4c4a-9dea-597500f26e7f_jpg.rf.29ca4c588d77178889b70d59993eb0ff.jpg,0,0.2509900629520416,0.5958961844444275,0.5019801259040833,0.7661941051483154,0.0019057239405810833
27beeb65-e6ea-4c4a-9dea-597500f26e7f_jpg.rf.29ca4c588d77178889b70d59993eb0ff.jpg,0,0.08800730854272842,0.5980609059333801,0.17601461708545685,0.7312291264533997,0.0015394716756418347
27beeb65-e6ea-4c4a-9dea-597500f26e7f_jpg.rf.29ca4c588d77178889b70d59993eb0ff.jpg,0,0.8341304659843445,0.13138437271118164,0.3317391574382782,0.26273664832115173,0.001278728130273521
27beeb65-e6ea-4c4a-9dea-597500f26e7f_jpg.rf.29ca4c588d77178889b70d59993eb0ff.jpg,1,0.3431073725223541,0.2292696088552475,0.6837180256843567,0.45815494656562805,0.0012517530703917146
27beeb65-e6ea-4c4a-9dea-597500f26e7f_jpg.rf.29ca4c588d77178889b70d59993eb0ff.jpg,1,0.40920865535736084,0.07602328062057495,0.8184173107147217,0.15146958827972412,0.0012294286862015724
27beeb65-e6ea-4c4a-9dea-597500f26e7f_jpg.rf.29ca4c588d77178889b70d59993eb0ff.jpg,0,0.19303596019744873,0.5381990671157837,0.38607192039489746,0.7764979600906372,0.0012072622776031494
643854b9-b9d9-4b74-99fb-830fde4a0b74_jpg.rf.4d252deec56db095b1acab7c1c0f1bdc.jpg,1,0.5188540816307068,0.48689743876457214,0.7196507453918457,0.86175137758255,0.8995784521102905
643854b9-b9d9-4b74-99fb-830fde4a0b74_jpg.rf.4d252deec56db095b1acab7c1c0f1bdc.jpg,1,0.866310715675354,0.48871859908103943,0.2673785090446472,0.9379737377166748,0.38966506719589233
643854b9-b9d9-4b74-99fb-830fde4a0b74_jpg.rf.4d252deec56db095b1acab7c1c0f1bdc.jpg,1,0.11702287942171097,0.4528864622116089,0.23363608121871948,0.895338237285614,0.29411378502845764
643854b9-b9d9-4b74-99fb-830fde4a0b74_jpg.rf.4d252deec56db095b1acab7c1c0f1bdc.jpg,0,0.17081789672374725,0.4698775112628937,0.3416357934474945,0.9249809980392456,0.2768462896347046
643854b9-b9d9-4b74-99fb-830fde4a0b74_jpg.rf.4d252deec56db095b1acab7c1c0f1bdc.jpg,1,0.7573723793029785,0.4761452376842499,0.48525533080101013,0.9408148527145386,0.22690507769584656
643854b9-b9d9-4b74-99fb-830fde4a0b74_jpg.rf.4d252deec56db095b1acab7c1c0f1bdc.jpg,1,0.9065478444099426,0.4930632710456848,0.1869044005870819,0.9210581183433533,0.19633623957633972
643854b9-b9d9-4b74-99fb-830fde4a0b74_jpg.rf.4d252deec56db095b1acab7c1c0f1bdc.jpg,1,0.5052756071090698,0.0956856906414032,0.8490322828292847,0.1913713812828064,0.14117488265037537
643854b9-b9d9-4b74-99fb-830fde4a0b74_jpg.rf.4d252deec56db095b1acab7c1c0f1bdc.jpg,1,0.507739245891571,0.14716315269470215,0.8776862621307373,0.2943263053894043,0.13638627529144287
643854b9-b9d9-4b74-99fb-830fde4a0b74_jpg.rf.4d252deec56db095b1acab7c1c0f1bdc.jpg,1,0.17386941611766815,0.45885536074638367,0.34733617305755615,0.9147321581840515,0.12693189084529877
643854b9-b9d9-4b74-99fb-830fde4a0b74_jpg.rf.4d252deec56db095b1acab7c1c0f1bdc.jpg,1,0.5120556950569153,0.2391553372144699,0.8677818179130554,0.47741246223449707,0.0757375955581665
643854b9-b9d9-4b74-99fb-830fde4a0b74_jpg.rf.4d252deec56db095b1acab7c1c0f1bdc.jpg,1,0.07992751896381378,0.47259804606437683,0.15964911878108978,0.8471888899803162,0.07305001467466354
643854b9-b9d9-4b74-99fb-830fde4a0b74_jpg.rf.4d252deec56db095b1acab7c1c0f1bdc.jpg,0,0.08695943653583527,0.47790682315826416,0.17391887307167053,0.9271507859230042,0.05350582301616669
643854b9-b9d9-4b74-99fb-830fde4a0b74_jpg.rf.4d252deec56db095b1acab7c1c0f1bdc.jpg,1,0.372708797454834,0.4658406972885132,0.7439348697662354,0.9123201966285706,0.04971441626548767
643854b9-b9d9-4b74-99fb-830fde4a0b74_jpg.rf.4d252deec56db095b1acab7c1c0f1bdc.jpg,1,0.4350208044052124,0.08459145575761795,0.6588560938835144,0.1691829115152359,0.02730739489197731
643854b9-b9d9-4b74-99fb-830fde4a0b74_jpg.rf.4d252deec56db095b1acab7c1c0f1bdc.jpg,1,0.2548182010650635,0.45611077547073364,0.50960373878479,0.9031863212585449,0.026763977482914925
643854b9-b9d9-4b74-99fb-830fde4a0b74_jpg.rf.4d252deec56db095b1acab7c1c0f1bdc.jpg,1,0.5,0.9104366898536682,1.0,0.1791268140077591,0.012445931322872639
643854b9-b9d9-4b74-99fb-830fde4a0b74_jpg.rf.4d252deec56db095b1acab7c1c0f1bdc.jpg,1,0.4955928921699524,0.9167441129684448,0.916558563709259,0.16651175916194916,0.007679928094148636
643854b9-b9d9-4b74-99fb-830fde4a0b74_jpg.rf.4d252deec56db095b1acab7c1c0f1bdc.jpg,1,0.5,0.7919883728027344,1.0,0.4160233438014984,0.007293619215488434
643854b9-b9d9-4b74-99fb-830fde4a0b74_jpg.rf.4d252deec56db095b1acab7c1c0f1bdc.jpg,1,0.5937759280204773,0.20146095752716064,0.7190842628479004,0.40232089161872864,0.00668539572507143
643854b9-b9d9-4b74-99fb-830fde4a0b74_jpg.rf.4d252deec56db095b1acab7c1c0f1bdc.jpg,1,0.4797951579093933,0.9548166990280151,0.864281415939331,0.09036673605442047,0.006647702772170305
643854b9-b9d9-4b74-99fb-830fde4a0b74_jpg.rf.4d252deec56db095b1acab7c1c0f1bdc.jpg,1,0.41128507256507874,0.8691731095314026,0.8225701451301575,0.2616538405418396,0.005366708151996136
643854b9-b9d9-4b74-99fb-830fde4a0b74_jpg.rf.4d252deec56db095b1acab7c1c0f1bdc.jpg,1,0.6411458253860474,0.476775199174881,0.6691164374351501,0.9094410538673401,0.0049596140161156654
643854b9-b9d9-4b74-99fb-830fde4a0b74_jpg.rf.4d252deec56db095b1acab7c1c0f1bdc.jpg,1,0.5710427761077881,0.33976998925209045,0.6629707217216492,0.6765664219856262,0.004850840661674738
643854b9-b9d9-4b74-99fb-830fde4a0b74_jpg.rf.4d252deec56db095b1acab7c1c0f1bdc.jpg,1,0.5,0.9624654650688171,1.0,0.07506906241178513,0.004235431086272001
643854b9-b9d9-4b74-99fb-830fde4a0b74_jpg.rf.4d252deec56db095b1acab7c1c0f1bdc.jpg,1,0.05799119919538498,0.4923297166824341,0.11598239839076996,0.8036348819732666,0.0037470203824341297
643854b9-b9d9-4b74-99fb-830fde4a0b74_jpg.rf.4d252deec56db095b1acab7c1c0f1bdc.jpg,1,0.6478261947631836,0.14476211369037628,0.7043476104736328,0.2893802225589752,0.002892585936933756
643854b9-b9d9-4b74-99fb-830fde4a0b74_jpg.rf.4d252deec56db095b1acab7c1c0f1bdc.jpg,1,0.38374805450439453,0.06446750462055206,0.5509657859802246,0.12890398502349854,0.0026895159389823675
643854b9-b9d9-4b74-99fb-830fde4a0b74_jpg.rf.4d252deec56db095b1acab7c1c0f1bdc.jpg,1,0.4898538887500763,0.6548830270767212,0.6902778744697571,0.5656723380088806,0.0025879903696477413
643854b9-b9d9-4b74-99fb-830fde4a0b74_jpg.rf.4d252deec56db095b1acab7c1c0f1bdc.jpg,1,0.6822071075439453,0.09102863818407059,0.6354328989982605,0.18159273266792297,0.001966597745195031
643854b9-b9d9-4b74-99fb-830fde4a0b74_jpg.rf.4d252deec56db095b1acab7c1c0f1bdc.jpg,1,0.3857780992984772,0.9427524209022522,0.7715561985969543,0.11449513584375381,0.001492841518484056
FisheyeCamera_1_00000_png.rf.51e7c2d131818f5ac51613cb3d152380.jpg,14,0.6044029593467712,0.543546199798584,0.022637074813246727,0.032358281314373016,0.9076526165008545
FisheyeCamera_1_00000_png.rf.51e7c2d131818f5ac51613cb3d152380.jpg,6,0.44473662972450256,0.544938862323761,0.007588643580675125,0.012667362578213215,0.1308809071779251
FisheyeCamera_1_00000_png.rf.51e7c2d131818f5ac51613cb3d152380.jpg,0,0.4646744430065155,0.5196031332015991,0.005256909877061844,0.0039722369983792305,0.0427933968603611
FisheyeCamera_1_00000_png.rf.51e7c2d131818f5ac51613cb3d152380.jpg,6,0.4440447986125946,0.546385645866394,0.0069281873293221,0.009622317738831043,0.029312394559383392
FisheyeCamera_1_00000_png.rf.51e7c2d131818f5ac51613cb3d152380.jpg,1,0.4672170877456665,0.5202499032020569,0.007434074766933918,0.003972494043409824,0.011710407212376595
FisheyeCamera_1_00000_png.rf.51e7c2d131818f5ac51613cb3d152380.jpg,0,0.4040040373802185,0.5316850543022156,0.008238792419433594,0.008738555014133453,0.01103877928107977
FisheyeCamera_1_00000_png.rf.51e7c2d131818f5ac51613cb3d152380.jpg,6,0.44118979573249817,0.5461532473564148,0.008559154346585274,0.009654008783400059,0.007983536459505558
FisheyeCamera_1_00000_png.rf.51e7c2d131818f5ac51613cb3d152380.jpg,1,0.4641728103160858,0.518964409828186,0.00490570068359375,0.004732389003038406,0.004744116682559252
FisheyeCamera_1_00000_png.rf.51e7c2d131818f5ac51613cb3d152380.jpg,1,0.38709476590156555,0.5210951566696167,0.0043019517324864864,0.0042254007421433926,0.004549727775156498
FisheyeCamera_1_00000_png.rf.51e7c2d131818f5ac51613cb3d152380.jpg,0,0.4445692300796509,0.5096732378005981,0.009998762048780918,0.00978722982108593,0.004207988735288382
FisheyeCamera_1_00000_png.rf.51e7c2d131818f5ac51613cb3d152380.jpg,10,0.44556865096092224,0.5501294732093811,0.004933797754347324,0.009008554741740227,0.0035641752183437347
FisheyeCamera_1_00000_png.rf.51e7c2d131818f5ac51613cb3d152380.jpg,1,0.4521065056324005,0.5176908373832703,0.0038521841634064913,0.0034836623817682266,0.0034072028938680887
FisheyeCamera_1_00000_png.rf.51e7c2d131818f5ac51613cb3d152380.jpg,1,0.44684338569641113,0.5199790000915527,0.0050837076269090176,0.00424564816057682,0.002754152286797762
FisheyeCamera_1_00000_png.rf.51e7c2d131818f5ac51613cb3d152380.jpg,0,0.4807359576225281,0.3592189848423004,0.9530267119407654,0.717742919921875,0.0013863279018551111
FisheyeCamera_1_00000_png.rf.51e7c2d131818f5ac51613cb3d152380.jpg,1,0.5529754757881165,0.37084221839904785,0.8846181035041809,0.7393102049827576,0.0013643463607877493
FisheyeCamera_1_00000_png.rf.51e7c2d131818f5ac51613cb3d152380.jpg,1,0.44563889503479004,0.5137235522270203,0.00665917806327343,0.006572210229933262,0.0012956619029864669
FisheyeCamera_1_00000_png.rf.51e7c2d131818f5ac51613cb3d152380.jpg,1,0.469541996717453,0.519558846950531,0.007437889464199543,0.0059451693668961525,0.0011695203138515353
FisheyeCamera_1_00000_png.rf.51e7c2d131818f5ac51613cb3d152380.jpg,1,0.06304778903722763,0.5263811349868774,0.12609557807445526,0.9472377896308899,0.0010098577477037907
FisheyeCamera_1_00005_png.rf.2c3a5ef517c817ce7872439ac76a7c08.jpg,14,0.6440756916999817,0.5379593968391418,0.031276777386665344,0.04614144191145897,0.9279825687408447
FisheyeCamera_1_00005_png.rf.2c3a5ef517c817ce7872439ac76a7c08.jpg,0,0.46258744597435,0.5166134834289551,0.0059833526611328125,0.004347984679043293,0.1671076864004135
FisheyeCamera_1_00005_png.rf.2c3a5ef517c817ce7872439ac76a7c08.jpg,0,0.46324166655540466,0.518215537071228,0.005285630002617836,0.00538191432133317,0.15409772098064423
FisheyeCamera_1_00005_png.rf.2c3a5ef517c817ce7872439ac76a7c08.jpg,6,0.4343627989292145,0.5453840494155884,0.00699046952649951,0.010359580628573895,0.04035378620028496
FisheyeCamera_1_00005_png.rf.2c3a5ef517c817ce7872439ac76a7c08.jpg,6,0.43665242195129395,0.5472156405448914,0.005832342430949211,0.008728541433811188,0.021092360839247704
FisheyeCamera_1_00005_png.rf.2c3a5ef517c817ce7872439ac76a7c08.jpg,0,0.3993091583251953,0.5256670117378235,0.010123913176357746,0.00856762658804655,0.00850009173154831
FisheyeCamera_1_00005_png.rf.2c3a5ef517c817ce7872439ac76a7c08.jpg,6,0.4327455759048462,0.5463846921920776,0.008136382326483727,0.008811437524855137,0.007125199306756258
FisheyeCamera_1_00005_png.rf.2c3a5ef517c817ce7872439ac76a7c08.jpg,0,0.4630042016506195,0.5162768959999084,0.0054987394250929356,0.007662956602871418,0.005138716660439968
FisheyeCamera_1_00005_png.rf.2c3a5ef517c817ce7872439ac76a7c08.jpg,0,0.5657838582992554,0.5077412724494934,0.011376308277249336,0.009636622853577137,0.003395077306777239
FisheyeCamera_1_00005_png.rf.2c3a5ef517c817ce7872439ac76a7c08.jpg,1,0.44417765736579895,0.5177187323570251,0.006845217663794756,0.0043163299560546875,0.0032168955076485872
FisheyeCamera_1_00005_png.rf.2c3a5ef517c817ce7872439ac76a7c08.jpg,1,0.4554441273212433,0.5170971751213074,0.0067609273828566074,0.004132381174713373,0.0016136473277583718
FisheyeCamera_1_00005_png.rf.2c3a5ef517c817ce7872439ac76a7c08.jpg,7,0.35073238611221313,0.5415826439857483,0.004828196484595537,0.009746551513671875,0.0016026084776967764
FisheyeCamera_1_00005_png.rf.2c3a5ef517c817ce7872439ac76a7c08.jpg,10,0.4436856806278229,0.5521484613418579,0.005243558436632156,0.005650593899190426,0.0015755854547023773
FisheyeCamera_1_00005_png.rf.2c3a5ef517c817ce7872439ac76a7c08.jpg,7,0.35047340393066406,0.5436761379241943,0.005194737575948238,0.008538319729268551,0.001570081920363009
FisheyeCamera_1_00005_png.rf.2c3a5ef517c817ce7872439ac76a7c08.jpg,7,0.34835678339004517,0.5461342930793762,0.005253718700259924,0.006896606180816889,0.001283704536035657
FisheyeCamera_1_00005_png.rf.2c3a5ef517c817ce7872439ac76a7c08.jpg,6,0.43883630633354187,0.5474143624305725,0.009222984313964844,0.008671027608215809,0.0010296449763700366
FisheyeCamera_1_00005_png.rf.2c3a5ef517c817ce7872439ac76a7c08.jpg,0,0.5684745907783508,0.5073848962783813,0.010905560106039047,0.011231019161641598,0.0010039767948910594
FisheyeCamera_1_00012_png.rf.72d6e678caad674f4fe8c948471cf743.jpg,2,0.3306751251220703,0.5189657211303711,0.0347297377884388,0.04539768770337105,0.6639351844787598
FisheyeCamera_1_00012_png.rf.72d6e678caad674f4fe8c948471cf743.jpg,11,0.3306242525577545,0.5188719034194946,0.0335870161652565,0.04589627683162689,0.5329362154006958
FisheyeCamera_1_00012_png.rf.72d6e678caad674f4fe8c948471cf743.jpg,11,0.3975411057472229,0.5386702418327332,0.014301080256700516,0.019983768463134766,0.27551349997520447
FisheyeCamera_1_00012_png.rf.72d6e678caad674f4fe8c948471cf743.jpg,2,0.6128368377685547,0.5345155596733093,0.0191497802734375,0.02634052187204361,0.24911782145500183
FisheyeCamera_1_00012_png.rf.72d6e678caad674f4fe8c948471cf743.jpg,2,0.3982899487018585,0.5383680462837219,0.015154472552239895,0.020751073956489563,0.026096131652593613
FisheyeCamera_1_00012_png.rf.72d6e678caad674f4fe8c948471cf743.jpg,7,0.3977109491825104,0.5390406847000122,0.01511643547564745,0.020262792706489563,0.010511747561395168
FisheyeCamera_1_00012_png.rf.72d6e678caad674f4fe8c948471cf743.jpg,7,0.557159960269928,0.5425769090652466,0.011407999321818352,0.01764756068587303,0.00609311368316412
FisheyeCamera_1_00012_png.rf.72d6e678caad674f4fe8c948471cf743.jpg,7,0.415706068277359,0.544420599937439,0.009567664936184883,0.01458611898124218,0.00488589983433485
FisheyeCamera_1_00012_png.rf.72d6e678caad674f4fe8c948471cf743.jpg,1,0.5575868487358093,0.5420129299163818,0.011762215755879879,0.018076090142130852,0.0036191721446812153
FisheyeCamera_1_00012_png.rf.72d6e678caad674f4fe8c948471cf743.jpg,1,0.5143190622329712,0.4071815311908722,0.9618221521377563,0.8099125027656555,0.001517796190455556
FisheyeCamera_1_00012_png.rf.72d6e678caad674f4fe8c948471cf743.jpg,2,0.5576594471931458,0.5421866774559021,0.01218656450510025,0.01818084716796875,0.0011581447906792164
FisheyeCamera_1_00018_png.rf.765c48e66c9a0a7d70f6e4b0af00494c.jpg,2,0.6397374272346497,0.5220190286636353,0.0295028705149889,0.04429817199707031,0.824985921382904
FisheyeCamera_1_00018_png.rf.765c48e66c9a0a7d70f6e4b0af00494c.jpg,7,0.3030356764793396,0.5274438858032227,0.022173864766955376,0.033275458961725235,0.2839576303958893
FisheyeCamera_1_00018_png.rf.765c48e66c9a0a7d70f6e4b0af00494c.jpg,6,0.5349199175834656,0.5389306545257568,0.017857221886515617,0.0239615086466074,0.25528037548065186
FisheyeCamera_1_00018_png.rf.765c48e66c9a0a7d70f6e4b0af00494c.jpg,8,0.30302101373672485,0.5274340510368347,0.022514857351779938,0.03294794633984566,0.25004908442497253
FisheyeCamera_1_00018_png.rf.765c48e66c9a0a7d70f6e4b0af00494c.jpg,2,0.039840586483478546,0.4386621117591858,0.03502897545695305,0.11182939261198044,0.20350496470928192
FisheyeCamera_1_00018_png.rf.765c48e66c9a0a7d70f6e4b0af00494c.jpg,6,0.6405234336853027,0.5216934680938721,0.029511086642742157,0.04342347010970116,0.17322523891925812
FisheyeCamera_1_00018_png.rf.765c48e66c9a0a7d70f6e4b0af00494c.jpg,11,0.04026815667748451,0.43804728984832764,0.0346975177526474,0.11316674202680588,0.16851286590099335
FisheyeCamera_1_00018_png.rf.765c48e66c9a0a7d70f6e4b0af00494c.jpg,11,0.3033696115016937,0.5271468162536621,0.021702639758586884,0.03181564062833786,0.14119258522987366
FisheyeCamera_1_00018_png.rf.765c48e66c9a0a7d70f6e4b0af00494c.jpg,7,0.04017862305045128,0.4379767179489136,0.03441569209098816,0.11378039419651031,0.10647472739219666
FisheyeCamera_1_00018_png.rf.765c48e66c9a0a7d70f6e4b0af00494c.jpg,11,0.5349637269973755,0.5388790965080261,0.017614291980862617,0.02342858724296093,0.09840323030948639
FisheyeCamera_1_00018_png.rf.765c48e66c9a0a7d70f6e4b0af00494c.jpg,2,0.5354595184326172,0.5377228260040283,0.017618436366319656,0.02355179563164711,0.07418304681777954
FisheyeCamera_1_00018_png.rf.765c48e66c9a0a7d70f6e4b0af00494c.jpg,8,0.04182250052690506,0.43865448236465454,0.03328016772866249,0.10596276074647903,0.062039103358983994
FisheyeCamera_1_00018_png.rf.765c48e66c9a0a7d70f6e4b0af00494c.jpg,5,0.04088987037539482,0.437343031167984,0.03693515807390213,0.11107169836759567,0.05933478847146034
FisheyeCamera_1_00018_png.rf.765c48e66c9a0a7d70f6e4b0af00494c.jpg,11,0.34898486733436584,0.5397858619689941,0.013767646625638008,0.02161242440342903,0.02816670387983322
FisheyeCamera_1_00018_png.rf.765c48e66c9a0a7d70f6e4b0af00494c.jpg,9,0.03970642387866974,0.4369999170303345,0.03545461967587471,0.11662421375513077,0.02364359237253666
FisheyeCamera_1_00018_png.rf.765c48e66c9a0a7d70f6e4b0af00494c.jpg,3,0.038960762321949005,0.43810349702835083,0.04175437614321709,0.11252330243587494,0.022261636331677437
FisheyeCamera_1_00018_png.rf.765c48e66c9a0a7d70f6e4b0af00494c.jpg,7,0.48398643732070923,0.5463107228279114,0.008277160115540028,0.013230397365987301,0.02121761441230774
FisheyeCamera_1_00018_png.rf.765c48e66c9a0a7d70f6e4b0af00494c.jpg,7,0.5354728698730469,0.537674069404602,0.01758711226284504,0.02311350777745247,0.01407778449356556
FisheyeCamera_1_00018_png.rf.765c48e66c9a0a7d70f6e4b0af00494c.jpg,12,0.037936143577098846,0.4381701648235321,0.0422685444355011,0.11515878140926361,0.013555573299527168
FisheyeCamera_1_00018_png.rf.765c48e66c9a0a7d70f6e4b0af00494c.jpg,9,0.041413601487874985,0.4242261052131653,0.03312394395470619,0.08377255499362946,0.01159124169498682
FisheyeCamera_1_00018_png.rf.765c48e66c9a0a7d70f6e4b0af00494c.jpg,0,0.0507160983979702,0.48903292417526245,0.00705072982236743,0.012093654833734035,0.01135202869772911
FisheyeCamera_1_00018_png.rf.765c48e66c9a0a7d70f6e4b0af00494c.jpg,11,0.3761529326438904,0.5467259287834167,0.00810979027301073,0.012697990983724594,0.0031728455796837807
FisheyeCamera_1_00018_png.rf.765c48e66c9a0a7d70f6e4b0af00494c.jpg,7,0.3489837050437927,0.5400675535202026,0.013644145801663399,0.02218576706945896,0.002442001597955823
FisheyeCamera_1_00018_png.rf.765c48e66c9a0a7d70f6e4b0af00494c.jpg,12,0.03156869858503342,0.4399738013744354,0.05326475203037262,0.1291027069091797,0.0022940407507121563
FisheyeCamera_1_00018_png.rf.765c48e66c9a0a7d70f6e4b0af00494c.jpg,8,0.03345758840441704,0.43654897809028625,0.053687259554862976,0.11939404904842377,0.0015730933519080281
FisheyeCamera_1_00018_png.rf.765c48e66c9a0a7d70f6e4b0af00494c.jpg,1,0.06407441943883896,0.509809672832489,0.12814883887767792,0.980380654335022,0.0011833085445687175
FisheyeCamera_1_00021_png.rf.703e3c27438f8fe990ef8ffbd48f2b51.jpg,6,0.3512757420539856,0.5310910940170288,0.019565913826227188,0.028951792046427727,0.9489654898643494
FisheyeCamera_1_00021_png.rf.703e3c27438f8fe990ef8ffbd48f2b51.jpg,0,0.45606738328933716,0.5099082589149475,0.0059125241823494434,0.005329865962266922,0.34826165437698364
FisheyeCamera_1_00021_png.rf.703e3c27438f8fe990ef8ffbd48f2b51.jpg,9,0.35089126229286194,0.5303744673728943,0.019648075103759766,0.030085638165473938,0.2107539176940918
FisheyeCamera_1_00021_png.rf.703e3c27438f8fe990ef8ffbd48f2b51.jpg,0,0.4563186764717102,0.50941401720047,0.008251776918768883,0.0057337102480232716,0.1186685711145401
FisheyeCamera_1_00021_png.rf.703e3c27438f8fe990ef8ffbd48f2b51.jpg,0,0.45871442556381226,0.5096467733383179,0.00936137791723013,0.006120425183326006,0.03166038915514946
FisheyeCamera_1_00021_png.rf.703e3c27438f8fe990ef8ffbd48f2b51.jpg,1,0.5379446744918823,0.3751036822795868,0.9241107702255249,0.7488934993743896,0.01485738717019558
FisheyeCamera_1_00021_png.rf.703e3c27438f8fe990ef8ffbd48f2b51.jpg,1,0.4556877613067627,0.5080050826072693,0.0057538473047316074,0.00778568722307682,0.012510235421359539
FisheyeCamera_1_00021_png.rf.703e3c27438f8fe990ef8ffbd48f2b51.jpg,1,0.45817428827285767,0.5101239085197449,0.00881334487348795,0.0052388631738722324,0.006829347927123308
FisheyeCamera_1_00021_png.rf.703e3c27438f8fe990ef8ffbd48f2b51.jpg,6,0.38610678911209106,0.5473069548606873,0.007193382363766432,0.006544370204210281,0.005972508806735277
FisheyeCamera_1_00021_png.rf.703e3c27438f8fe990ef8ffbd48f2b51.jpg,0,0.35211870074272156,0.5296220779418945,0.02242807298898697,0.03166114538908005,0.004855145234614611
FisheyeCamera_1_00021_png.rf.703e3c27438f8fe990ef8ffbd48f2b51.jpg,1,0.43337830901145935,0.5076394081115723,0.007009689696133137,0.005236772354692221,0.0047932895831763744
FisheyeCamera_1_00021_png.rf.703e3c27438f8fe990ef8ffbd48f2b51.jpg,6,0.38623905181884766,0.5476051568984985,0.0041776071302592754,0.006110008340328932,0.002608940005302429
FisheyeCamera_1_00021_png.rf.703e3c27438f8fe990ef8ffbd48f2b51.jpg,12,0.8138419389724731,0.6258119940757751,0.37231630086898804,0.5806514620780945,0.0013578104553744197
FisheyeCamera_1_00021_png.rf.703e3c27438f8fe990ef8ffbd48f2b51.jpg,1,0.44653791189193726,0.5087080001831055,0.008912784047424793,0.004907974973320961,0.0013256485108286142
FisheyeCamera_1_00021_png.rf.703e3c27438f8fe990ef8ffbd48f2b51.jpg,1,0.4493211805820465,0.5098767876625061,0.009324257262051105,0.005753297358751297,0.0010121751111000776
FisheyeCamera_1_00021_png.rf.703e3c27438f8fe990ef8ffbd48f2b51.jpg,1,0.4371233284473419,0.511154055595398,0.0049632880836725235,0.004329168237745762,0.0010015496518462896
FisheyeCamera_1_00022_png.rf.783465f75a2393c7aaa0ec3c3cd3ed4d.jpg,6,0.33834517002105713,0.5286852717399597,0.019615063443779945,0.03266099840402603,0.8032812476158142
FisheyeCamera_1_00022_png.rf.783465f75a2393c7aaa0ec3c3cd3ed4d.jpg,9,0.33855319023132324,0.528571605682373,0.02001967839896679,0.032713744789361954,0.4452230632305145
FisheyeCamera_1_00022_png.rf.783465f75a2393c7aaa0ec3c3cd3ed4d.jpg,1,0.4557479918003082,0.5096418261528015,0.00542321614921093,0.005840301513671875,0.20468075573444366
FisheyeCamera_1_00022_png.rf.783465f75a2393c7aaa0ec3c3cd3ed4d.jpg,0,0.455644428730011,0.5089821815490723,0.006998502649366856,0.0052922689355909824,0.137220099568367
FisheyeCamera_1_00022_png.rf.783465f75a2393c7aaa0ec3c3cd3ed4d.jpg,1,0.45553699135780334,0.5078903436660767,0.005285153165459633,0.007548149209469557,0.029439827427268028
FisheyeCamera_1_00022_png.rf.783465f75a2393c7aaa0ec3c3cd3ed4d.jpg,0,0.458554208278656,0.5092417001724243,0.00934611912816763,0.005699964705854654,0.016987061128020287
FisheyeCamera_1_00022_png.rf.783465f75a2393c7aaa0ec3c3cd3ed4d.jpg,1,0.5208025574684143,0.3761504888534546,0.9583949446678162,0.7509611248970032,0.011467504315078259
FisheyeCamera_1_00022_png.rf.783465f75a2393c7aaa0ec3c3cd3ed4d.jpg,1,0.4334612190723419,0.5091637969017029,0.007336543407291174,0.0061870357021689415,0.010999825783073902
FisheyeCamera_1_00022_png.rf.783465f75a2393c7aaa0ec3c3cd3ed4d.jpg,1,0.4582178592681885,0.5099328756332397,0.008754326961934566,0.00563683919608593,0.009832927957177162
FisheyeCamera_1_00022_png.rf.783465f75a2393c7aaa0ec3c3cd3ed4d.jpg,0,0.3848533630371094,0.5475046038627625,0.005441409070044756,0.005493054166436195,0.0067873504012823105
FisheyeCamera_1_00022_png.rf.783465f75a2393c7aaa0ec3c3cd3ed4d.jpg,9,0.09179583191871643,0.35341161489486694,0.013528475537896156,0.02647044137120247,0.003394325729459524
FisheyeCamera_1_00022_png.rf.783465f75a2393c7aaa0ec3c3cd3ed4d.jpg,1,0.4325992166996002,0.5144949555397034,0.008013982325792313,0.0065927510149776936,0.003060444723814726
FisheyeCamera_1_00022_png.rf.783465f75a2393c7aaa0ec3c3cd3ed4d.jpg,0,0.38226714730262756,0.5475270748138428,0.006380998529493809,0.005796066019684076,0.002927395747974515
FisheyeCamera_1_00022_png.rf.783465f75a2393c7aaa0ec3c3cd3ed4d.jpg,6,0.3845115303993225,0.5481208562850952,0.004719807766377926,0.005778753198683262,0.002733781235292554
FisheyeCamera_1_00022_png.rf.783465f75a2393c7aaa0ec3c3cd3ed4d.jpg,7,0.33883243799209595,0.5294626355171204,0.020159795880317688,0.03327729180455208,0.0024163522757589817
FisheyeCamera_1_00022_png.rf.783465f75a2393c7aaa0ec3c3cd3ed4d.jpg,0,0.09184164553880692,0.353496789932251,0.013944928534328938,0.02691470831632614,0.001831562491133809
FisheyeCamera_1_00022_png.rf.783465f75a2393c7aaa0ec3c3cd3ed4d.jpg,13,0.5705739855766296,0.5437265634536743,0.007691456936299801,0.011503476649522781,0.0017777667380869389
FisheyeCamera_1_00022_png.rf.783465f75a2393c7aaa0ec3c3cd3ed4d.jpg,7,0.5268813967704773,0.5527274012565613,0.006076299585402012,0.006589779630303383,0.0015462377341464162
FisheyeCamera_1_00022_png.rf.783465f75a2393c7aaa0ec3c3cd3ed4d.jpg,10,0.4045943021774292,0.5518693327903748,0.002865241141989827,0.00530114583671093,0.001385186449624598
FisheyeCamera_1_00022_png.rf.783465f75a2393c7aaa0ec3c3cd3ed4d.jpg,1,0.449264794588089,0.5097697973251343,0.008646158501505852,0.005891323089599609,0.0012049926444888115
FisheyeCamera_1_00023_png.rf.cd1aa333b9e78ad2f7b2de3c154e7429.jpg,6,0.32491281628608704,0.526146411895752,0.022287113592028618,0.035845428705215454,0.8455913066864014
FisheyeCamera_1_00023_png.rf.cd1aa333b9e78ad2f7b2de3c154e7429.jpg,9,0.3251619338989258,0.5254335999488831,0.022277576848864555,0.036490295082330704,0.4264454245567322
FisheyeCamera_1_00023_png.rf.cd1aa333b9e78ad2f7b2de3c154e7429.jpg,0,0.45462045073509216,0.5080979466438293,0.006376449950039387,0.00437479792162776,0.1908096969127655
FisheyeCamera_1_00023_png.rf.cd1aa333b9e78ad2f7b2de3c154e7429.jpg,1,0.45522186160087585,0.5093372464179993,0.0054181539453566074,0.006389765068888664,0.13465000689029694
FisheyeCamera_1_00023_png.rf.cd1aa333b9e78ad2f7b2de3c154e7429.jpg,1,0.4551481306552887,0.5076180100440979,0.005150905344635248,0.006999529432505369,0.06279756873846054
FisheyeCamera_1_00023_png.rf.cd1aa333b9e78ad2f7b2de3c154e7429.jpg,0,0.38139083981513977,0.546759843826294,0.00473785400390625,0.005086788907647133,0.05970238149166107
FisheyeCamera_1_00023_png.rf.cd1aa333b9e78ad2f7b2de3c154e7429.jpg,9,0.07975760847330093,0.3459484577178955,0.01669921912252903,0.028449757024645805,0.020284775644540787
FisheyeCamera_1_00023_png.rf.cd1aa333b9e78ad2f7b2de3c154e7429.jpg,6,0.35941219329833984,0.5443621873855591,0.006836597807705402,0.0076947580091655254,0.017325786873698235
FisheyeCamera_1_00023_png.rf.cd1aa333b9e78ad2f7b2de3c154e7429.jpg,1,0.43368566036224365,0.5070375204086304,0.00706922123208642,0.0043207681737840176,0.010914083570241928
FisheyeCamera_1_00023_png.rf.cd1aa333b9e78ad2f7b2de3c154e7429.jpg,7,0.32412606477737427,0.525400698184967,0.023851541802287102,0.03614829108119011,0.008384106680750847
FisheyeCamera_1_00023_png.rf.cd1aa333b9e78ad2f7b2de3c154e7429.jpg,1,0.5309988856315613,0.37612685561180115,0.9366831183433533,0.7501682639122009,0.007963072508573532
FisheyeCamera_1_00023_png.rf.cd1aa333b9e78ad2f7b2de3c154e7429.jpg,0,0.35770654678344727,0.5270482897758484,0.009147497825324535,0.008845879696309566,0.006369374226778746
FisheyeCamera_1_00023_png.rf.cd1aa333b9e78ad2f7b2de3c154e7429.jpg,6,0.35737094283103943,0.5447807312011719,0.007087120786309242,0.0071790036745369434,0.0032458496280014515
FisheyeCamera_1_00023_png.rf.cd1aa333b9e78ad2f7b2de3c154e7429.jpg,6,0.38193079829216003,0.5471539497375488,0.0038953928742557764,0.0045430478639900684,0.002694229129701853
FisheyeCamera_1_00023_png.rf.cd1aa333b9e78ad2f7b2de3c154e7429.jpg,0,0.45802170038223267,0.5082600712776184,0.010011453181505203,0.004969303496181965,0.0024480868596583605
FisheyeCamera_1_00023_png.rf.cd1aa333b9e78ad2f7b2de3c154e7429.jpg,6,0.36133649945259094,0.5465043187141418,0.005228226073086262,0.005286033730953932,0.002042856067419052
FisheyeCamera_1_00023_png.rf.cd1aa333b9e78ad2f7b2de3c154e7429.jpg,1,0.47228696942329407,0.5242434740066528,0.0040689981542527676,0.007109201978892088,0.0015102955512702465
FisheyeCamera_1_00023_png.rf.cd1aa333b9e78ad2f7b2de3c154e7429.jpg,1,0.43138575553894043,0.49796679615974426,0.009692045859992504,0.008993076160550117,0.0014743318315595388
FisheyeCamera_1_00023_png.rf.cd1aa333b9e78ad2f7b2de3c154e7429.jpg,1,0.4464128315448761,0.5076528787612915,0.008784551173448563,0.0041058980859816074,0.0010245615849271417
FisheyeCamera_1_00023_png.rf.cd1aa333b9e78ad2f7b2de3c154e7429.jpg,0,0.35794442892074585,0.5234910845756531,0.009516166523098946,0.009959220886230469,0.0010049614356830716
FisheyeCamera_1_00027_png.rf.dfb965799faeb1514f927e69c5ec0fd2.jpg,6,0.23591119050979614,0.5059396028518677,0.027842778712511063,0.05281499773263931,0.7737378478050232
FisheyeCamera_1_00027_png.rf.dfb965799faeb1514f927e69c5ec0fd2.jpg,0,0.4523034691810608,0.5051478147506714,0.006465325132012367,0.004774937406182289,0.35952532291412354
FisheyeCamera_1_00027_png.rf.dfb965799faeb1514f927e69c5ec0fd2.jpg,0,0.4521876275539398,0.5066254734992981,0.00702219782397151,0.0056538949720561504,0.26766476035118103
FisheyeCamera_1_00027_png.rf.dfb965799faeb1514f927e69c5ec0fd2.jpg,9,0.23563316464424133,0.507007896900177,0.02631891705095768,0.051751431077718735,0.09353353083133698
FisheyeCamera_1_00027_png.rf.dfb965799faeb1514f927e69c5ec0fd2.jpg,1,0.42980629205703735,0.5048800706863403,0.006560178939253092,0.004102963954210281,0.032944951206445694
FisheyeCamera_1_00027_png.rf.dfb965799faeb1514f927e69c5ec0fd2.jpg,1,0.43084293603897095,0.5060732364654541,0.006833736784756184,0.004394421353936195,0.015212947502732277
FisheyeCamera_1_00027_png.rf.dfb965799faeb1514f927e69c5ec0fd2.jpg,0,0.5895547270774841,0.5359997749328613,0.008137519471347332,0.007910544984042645,0.012859527952969074
FisheyeCamera_1_00027_png.rf.dfb965799faeb1514f927e69c5ec0fd2.jpg,1,0.5227252840995789,0.37549346685409546,0.9540466666221619,0.7493783235549927,0.008607161231338978
FisheyeCamera_1_00027_png.rf.dfb965799faeb1514f927e69c5ec0fd2.jpg,0,0.37109604477882385,0.5449971556663513,0.004608191084116697,0.0065823704935610294,0.00801127403974533
FisheyeCamera_1_00027_png.rf.dfb965799faeb1514f927e69c5ec0fd2.jpg,1,0.44965335726737976,0.5063454508781433,0.008375277742743492,0.005125816445797682,0.007424094248563051
FisheyeCamera_1_00027_png.rf.dfb965799faeb1514f927e69c5ec0fd2.jpg,13,0.5741375088691711,0.5465695261955261,0.006041086744517088,0.009729385375976562,0.004345128778368235
FisheyeCamera_1_00027_png.rf.dfb965799faeb1514f927e69c5ec0fd2.jpg,7,0.5283840298652649,0.5521758794784546,0.006852847058326006,0.0068598161451518536,0.003938192967325449
FisheyeCamera_1_00027_png.rf.dfb965799faeb1514f927e69c5ec0fd2.jpg,0,0.45240917801856995,0.5084553360939026,0.007011670619249344,0.008200866170227528,0.00325770047493279
FisheyeCamera_1_00027_png.rf.dfb965799faeb1514f927e69c5ec0fd2.jpg,7,0.37104013562202454,0.545228123664856,0.003951879683881998,0.006110778544098139,0.00285165524110198
FisheyeCamera_1_00027_png.rf.dfb965799faeb1514f927e69c5ec0fd2.jpg,1,0.4269144833087921,0.507173478603363,0.009115366265177727,0.005331516265869141,0.0023972392082214355
FisheyeCamera_1_00027_png.rf.dfb965799faeb1514f927e69c5ec0fd2.jpg,0,0.3524095118045807,0.5157318115234375,0.011614102870225906,0.008852958679199219,0.002160758711397648
FisheyeCamera_1_00027_png.rf.dfb965799faeb1514f927e69c5ec0fd2.jpg,1,0.43096551299095154,0.5001510977745056,0.007024324964731932,0.008716070093214512,0.002002971014007926
FisheyeCamera_1_00027_png.rf.dfb965799faeb1514f927e69c5ec0fd2.jpg,13,0.339132696390152,0.5478396415710449,0.004844775889068842,0.007116684690117836,0.0019327629124745727
FisheyeCamera_1_00027_png.rf.dfb965799faeb1514f927e69c5ec0fd2.jpg,0,0.889732837677002,0.3407609462738037,0.01733119785785675,0.01248036976903677,0.0013879084726795554
FisheyeCamera_1_00027_png.rf.dfb965799faeb1514f927e69c5ec0fd2.jpg,1,0.44708457589149475,0.505171000957489,0.009731109254062176,0.005418374203145504,0.0011053349589928985
FisheyeCamera_1_00027_png.rf.dfb965799faeb1514f927e69c5ec0fd2.jpg,0,0.5915881991386414,0.534988284111023,0.008873903192579746,0.008510076440870762,0.0011003095423802733
FisheyeCamera_1_00028_png.rf.f6f0a58dd52d1cf0fe75c8496a37b067.jpg,6,0.20056356489658356,0.49943625926971436,0.02694408781826496,0.05742678418755531,0.6859586834907532
FisheyeCamera_1_00028_png.rf.f6f0a58dd52d1cf0fe75c8496a37b067.jpg,0,0.45105797052383423,0.5047017931938171,0.006614318583160639,0.005060452967882156,0.47732168436050415
FisheyeCamera_1_00028_png.rf.f6f0a58dd52d1cf0fe75c8496a37b067.jpg,5,0.20083828270435333,0.4987451732158661,0.027575915679335594,0.05853550508618355,0.33346569538116455
FisheyeCamera_1_00028_png.rf.f6f0a58dd52d1cf0fe75c8496a37b067.jpg,0,0.4514923393726349,0.506023108959198,0.006847528740763664,0.005116939544677734,0.2849673926830292
FisheyeCamera_1_00028_png.rf.f6f0a58dd52d1cf0fe75c8496a37b067.jpg,9,0.20116432011127472,0.49851638078689575,0.027837881818413734,0.05909516662359238,0.14325135946273804
FisheyeCamera_1_00028_png.rf.f6f0a58dd52d1cf0fe75c8496a37b067.jpg,7,0.3683120310306549,0.5450625419616699,0.005249427165836096,0.007446913048624992,0.06596176326274872
FisheyeCamera_1_00028_png.rf.f6f0a58dd52d1cf0fe75c8496a37b067.jpg,0,0.5923539400100708,0.5352405309677124,0.007437779568135738,0.008502190001308918,0.04334554448723793
FisheyeCamera_1_00028_png.rf.f6f0a58dd52d1cf0fe75c8496a37b067.jpg,0,0.4495561122894287,0.5059730410575867,0.008022675290703773,0.0049190158024430275,0.02110656537115574
FisheyeCamera_1_00028_png.rf.f6f0a58dd52d1cf0fe75c8496a37b067.jpg,7,0.5283956527709961,0.5526835322380066,0.006477503105998039,0.007253390271216631,0.017316600307822227
FisheyeCamera_1_00028_png.rf.f6f0a58dd52d1cf0fe75c8496a37b067.jpg,0,0.5909214019775391,0.5364618301391602,0.00824099313467741,0.008459861390292645,0.01510932669043541
FisheyeCamera_1_00028_png.rf.f6f0a58dd52d1cf0fe75c8496a37b067.jpg,1,0.42963993549346924,0.5052496194839478,0.007228411268442869,0.004083523526787758,0.011442385613918304
FisheyeCamera_1_00028_png.rf.f6f0a58dd52d1cf0fe75c8496a37b067.jpg,1,0.5013671517372131,0.37850484251976013,0.9968270659446716,0.7555417418479919,0.008705267682671547
FisheyeCamera_1_00028_png.rf.f6f0a58dd52d1cf0fe75c8496a37b067.jpg,7,0.369333416223526,0.5452839136123657,0.006503362208604813,0.007061628624796867,0.0052476804703474045
FisheyeCamera_1_00028_png.rf.f6f0a58dd52d1cf0fe75c8496a37b067.jpg,1,0.4320645034313202,0.5054529309272766,0.0062152789905667305,0.0047574411146342754,0.003905312856659293
FisheyeCamera_1_00028_png.rf.f6f0a58dd52d1cf0fe75c8496a37b067.jpg,13,0.5737914443016052,0.5457196235656738,0.004332982935011387,0.008571111597120762,0.0024222349748015404
FisheyeCamera_1_00028_png.rf.f6f0a58dd52d1cf0fe75c8496a37b067.jpg,1,0.4474369287490845,0.5046824812889099,0.009726597927510738,0.005413826089352369,0.00235247821547091
FisheyeCamera_1_00028_png.rf.f6f0a58dd52d1cf0fe75c8496a37b067.jpg,1,0.4301926791667938,0.5095711946487427,0.0070302304811775684,0.007002023980021477,0.0012608789838850498
FisheyeCamera_1_00036_png.rf.a4fcf0fd896e50b389c7a93fae4d3a07.jpg,9,0.0598982609808445,0.473006010055542,0.02698294073343277,0.06322376430034637,0.6222432255744934
FisheyeCamera_1_00036_png.rf.a4fcf0fd896e50b389c7a93fae4d3a07.jpg,7,0.5830299854278564,0.526028037071228,0.029218565672636032,0.040157172828912735,0.31524601578712463
FisheyeCamera_1_00036_png.rf.a4fcf0fd896e50b389c7a93fae4d3a07.jpg,6,0.5819994807243347,0.526943027973175,0.030936572700738907,0.04079363867640495,0.2935393452644348
FisheyeCamera_1_00036_png.rf.a4fcf0fd896e50b389c7a93fae4d3a07.jpg,1,0.06100229173898697,0.47183331847190857,0.025007721036672592,0.06317245215177536,0.2103017121553421
FisheyeCamera_1_00036_png.rf.a4fcf0fd896e50b389c7a93fae4d3a07.jpg,2,0.5821598768234253,0.526492714881897,0.030614450573921204,0.04120470955967903,0.17604310810565948
FisheyeCamera_1_00036_png.rf.a4fcf0fd896e50b389c7a93fae4d3a07.jpg,5,0.06150246039032936,0.4722411334514618,0.02677052468061447,0.06333846598863602,0.14454993605613708
FisheyeCamera_1_00036_png.rf.a4fcf0fd896e50b389c7a93fae4d3a07.jpg,8,0.06129932776093483,0.4721880257129669,0.025833850726485252,0.0629306212067604,0.08928316086530685
FisheyeCamera_1_00036_png.rf.a4fcf0fd896e50b389c7a93fae4d3a07.jpg,7,0.06063493713736534,0.4722605347633362,0.025920571759343147,0.06266051530838013,0.08095820248126984
FisheyeCamera_1_00036_png.rf.a4fcf0fd896e50b389c7a93fae4d3a07.jpg,6,0.061069555580616,0.47252172231674194,0.025217914953827858,0.06317655742168427,0.06465484201908112
FisheyeCamera_1_00036_png.rf.a4fcf0fd896e50b389c7a93fae4d3a07.jpg,11,0.061393290758132935,0.47219982743263245,0.026398012414574623,0.06406600773334503,0.05221172049641609
FisheyeCamera_1_00036_png.rf.a4fcf0fd896e50b389c7a93fae4d3a07.jpg,11,0.3512636423110962,0.5350207090377808,0.016629770398139954,0.022079579532146454,0.03890169411897659
FisheyeCamera_1_00036_png.rf.a4fcf0fd896e50b389c7a93fae4d3a07.jpg,2,0.3510574996471405,0.5356084108352661,0.014776157215237617,0.02106754668056965,0.023398492485284805
FisheyeCamera_1_00036_png.rf.a4fcf0fd896e50b389c7a93fae4d3a07.jpg,7,0.533698558807373,0.5429407954216003,0.011765553615987301,0.018806934356689453,0.0049368841573596
FisheyeCamera_1_00036_png.rf.a4fcf0fd896e50b389c7a93fae4d3a07.jpg,8,0.5821646451950073,0.5267269611358643,0.028894316405057907,0.04030407592654228,0.004077942576259375
FisheyeCamera_1_00036_png.rf.a4fcf0fd896e50b389c7a93fae4d3a07.jpg,2,0.5337601900100708,0.5430086851119995,0.012106712907552719,0.018745936453342438,0.003556528827175498
FisheyeCamera_1_00036_png.rf.a4fcf0fd896e50b389c7a93fae4d3a07.jpg,1,0.5462362170219421,0.37550458312034607,0.897969663143158,0.7492335438728333,0.0034426702186465263
FisheyeCamera_1_00036_png.rf.a4fcf0fd896e50b389c7a93fae4d3a07.jpg,1,0.05896059051156044,0.5233045816421509,0.11792118102312088,0.953390896320343,0.0015032585943117738
FisheyeCamera_1_00041_png.rf.402d963ad90df5846463e66a301debd3.jpg,0,0.44143468141555786,0.4943976104259491,0.0077295308001339436,0.005768079310655594,0.5320025086402893
FisheyeCamera_1_00041_png.rf.402d963ad90df5846463e66a301debd3.jpg,1,0.4646480679512024,0.5195554494857788,0.005056014750152826,0.0035779294557869434,0.10267846286296844
FisheyeCamera_1_00041_png.rf.402d963ad90df5846463e66a301debd3.jpg,0,0.31271034479141235,0.5405341982841492,0.0062046051025390625,0.010558568872511387,0.028701798990368843
FisheyeCamera_1_00041_png.rf.402d963ad90df5846463e66a301debd3.jpg,6,0.31256765127182007,0.5400896072387695,0.006500171031802893,0.010807551443576813,0.022966112941503525
FisheyeCamera_1_00041_png.rf.402d963ad90df5846463e66a301debd3.jpg,7,0.5325471758842468,0.5515176653862,0.0072908406145870686,0.007150907069444656,0.01324702613055706
FisheyeCamera_1_00041_png.rf.402d963ad90df5846463e66a301debd3.jpg,1,0.4671775996685028,0.5199806690216064,0.007466243114322424,0.0035719505976885557,0.012358354404568672
FisheyeCamera_1_00041_png.rf.402d963ad90df5846463e66a301debd3.jpg,7,0.3127425014972687,0.5415179133415222,0.006171593442559242,0.00933074951171875,0.01212406437844038
FisheyeCamera_1_00041_png.rf.402d963ad90df5846463e66a301debd3.jpg,7,0.5338274836540222,0.5516322255134583,0.007454652339220047,0.007025902159512043,0.007577025797218084
FisheyeCamera_1_00041_png.rf.402d963ad90df5846463e66a301debd3.jpg,13,0.5814345479011536,0.5443257093429565,0.009311015717685223,0.009392188861966133,0.0070427157916128635
FisheyeCamera_1_00041_png.rf.402d963ad90df5846463e66a301debd3.jpg,1,0.46500781178474426,0.5193501710891724,0.0053593930788338184,0.0053501129150390625,0.004718080163002014
FisheyeCamera_1_00041_png.rf.402d963ad90df5846463e66a301debd3.jpg,1,0.5446861386299133,0.3705655634403229,0.9065031409263611,0.7396550178527832,0.004205463919788599
FisheyeCamera_1_00041_png.rf.402d963ad90df5846463e66a301debd3.jpg,0,0.4419195353984833,0.4918263554573059,0.007556402124464512,0.009939891286194324,0.0035274906549602747
FisheyeCamera_1_00041_png.rf.402d963ad90df5846463e66a301debd3.jpg,9,0.5341780781745911,0.5511162281036377,0.00802627019584179,0.00939152855426073,0.0021036812104284763
FisheyeCamera_1_00041_png.rf.402d963ad90df5846463e66a301debd3.jpg,1,0.4216395914554596,0.49682384729385376,0.005609916057437658,0.00452987989410758,0.0016560796648263931
FisheyeCamera_1_00041_png.rf.402d963ad90df5846463e66a301debd3.jpg,1,0.06216880679130554,0.5274739265441895,0.12433761358261108,0.9450522065162659,0.0012899356661364436
FisheyeCamera_1_00041_png.rf.402d963ad90df5846463e66a301debd3.jpg,1,0.9536510109901428,0.4951053857803345,0.0926980972290039,0.9540655016899109,0.001226666383445263
FisheyeCamera_1_00041_png.rf.402d963ad90df5846463e66a301debd3.jpg,10,0.4303151071071625,0.5504850149154663,0.0063945334404706955,0.008145259693264961,0.0010878329630941153
FisheyeCamera_1_00041_png.rf.402d963ad90df5846463e66a301debd3.jpg,1,0.4694990813732147,0.5196959972381592,0.0076929242350161076,0.006044754758477211,0.001080003916285932
FisheyeCamera_1_00041_png.rf.402d963ad90df5846463e66a301debd3.jpg,0,0.3133631646633148,0.5361655950546265,0.005962628871202469,0.017813904210925102,0.0010589713929221034
FisheyeCamera_1_00089_png.rf.3a437fe3f7f2a546183b5ef50bf92eab.jpg,7,0.31200310587882996,0.5403213500976562,0.007716326043009758,0.012479929253458977,0.7635820508003235
FisheyeCamera_1_00089_png.rf.3a437fe3f7f2a546183b5ef50bf92eab.jpg,0,0.2617470622062683,0.3000481426715851,0.028354333713650703,0.020679345354437828,0.6684656739234924
FisheyeCamera_1_00089_png.rf.3a437fe3f7f2a546183b5ef50bf92eab.jpg,1,0.4409206211566925,0.4892164468765259,0.007390279322862625,0.005842759273946285,0.074824757874012
FisheyeCamera_1_00089_png.rf.3a437fe3f7f2a546183b5ef50bf92eab.jpg,1,0.4374852776527405,0.4892256557941437,0.010081511922180653,0.006103368941694498,0.02728104218840599
FisheyeCamera_1_00089_png.rf.3a437fe3f7f2a546183b5ef50bf92eab.jpg,1,0.43984633684158325,0.4900575280189514,0.007549909874796867,0.006046955473721027,0.012613962404429913
FisheyeCamera_1_00089_png.rf.3a437fe3f7f2a546183b5ef50bf92eab.jpg,0,0.26258915662765503,0.2979190945625305,0.03060942515730858,0.02776101976633072,0.012526676058769226
FisheyeCamera_1_00089_png.rf.3a437fe3f7f2a546183b5ef50bf92eab.jpg,1,0.44342827796936035,0.48999840021133423,0.007833224721252918,0.006150319240987301,0.003499375656247139
FisheyeCamera_1_00089_png.rf.3a437fe3f7f2a546183b5ef50bf92eab.jpg,0,0.22456422448158264,0.318308025598526,0.014595123939216137,0.012063026428222656,0.003235560143366456
FisheyeCamera_1_00089_png.rf.3a437fe3f7f2a546183b5ef50bf92eab.jpg,10,0.5005658864974976,0.5379936099052429,0.007267878856509924,0.014948295429348946,0.0023955043870955706
FisheyeCamera_1_00089_png.rf.3a437fe3f7f2a546183b5ef50bf92eab.jpg,0,0.46416327357292175,0.5306094288825989,0.006797827314585447,0.008061115629971027,0.002334802644327283
FisheyeCamera_1_00089_png.rf.3a437fe3f7f2a546183b5ef50bf92eab.jpg,0,0.30216720700263977,0.295334130525589,0.012242904864251614,0.008657271973788738,0.0021239269990473986
FisheyeCamera_1_00089_png.rf.3a437fe3f7f2a546183b5ef50bf92eab.jpg,1,0.4787931740283966,0.5223267674446106,0.003919344861060381,0.005139571148902178,0.0015683859819546342
FisheyeCamera_1_00089_png.rf.3a437fe3f7f2a546183b5ef50bf92eab.jpg,0,0.44824114441871643,0.4892593026161194,0.010615862905979156,0.006143863778561354,0.0015182738425210118
FisheyeCamera_1_00089_png.rf.3a437fe3f7f2a546183b5ef50bf92eab.jpg,1,0.5566059350967407,0.3737921416759491,0.8785144090652466,0.7455795407295227,0.0014697123551741242
FisheyeCamera_1_00089_png.rf.3a437fe3f7f2a546183b5ef50bf92eab.jpg,1,0.5308699607849121,0.5032928586006165,0.005158681422472,0.007561757229268551,0.0011366003891453147
FisheyeCamera_1_00089_png.rf.3a437fe3f7f2a546183b5ef50bf92eab.jpg,7,0.37907469272613525,0.5463618040084839,0.007524820975959301,0.008040501736104488,0.0010353234829381108
FisheyeCamera_1_00095_png.rf.7339640275f9c4483536f89fb2c815e0.jpg,7,0.2706727385520935,0.5348682403564453,0.009058989584445953,0.015048247762024403,0.905093252658844
FisheyeCamera_1_00095_png.rf.7339640275f9c4483536f89fb2c815e0.jpg,1,0.4313545525074005,0.4817146062850952,0.007166275754570961,0.005881309509277344,0.19261601567268372
FisheyeCamera_1_00095_png.rf.7339640275f9c4483536f89fb2c815e0.jpg,1,0.4314146339893341,0.48094233870506287,0.007790419273078442,0.008261534385383129,0.19167067110538483
FisheyeCamera_1_00095_png.rf.7339640275f9c4483536f89fb2c815e0.jpg,1,0.17584927380084991,0.1958349049091339,0.037549495697021484,0.03193052113056183,0.15366274118423462
FisheyeCamera_1_00095_png.rf.7339640275f9c4483536f89fb2c815e0.jpg,0,0.17556150257587433,0.199795201420784,0.034302327781915665,0.03410009294748306,0.13945038616657257
FisheyeCamera_1_00095_png.rf.7339640275f9c4483536f89fb2c815e0.jpg,1,0.4308723509311676,0.482808381319046,0.00792939867824316,0.008359395898878574,0.12037508189678192
FisheyeCamera_1_00095_png.rf.7339640275f9c4483536f89fb2c815e0.jpg,0,0.17551276087760925,0.1952696591615677,0.03823038563132286,0.03262525424361229,0.04324982687830925
FisheyeCamera_1_00095_png.rf.7339640275f9c4483536f89fb2c815e0.jpg,1,0.477731317281723,0.5288158059120178,0.004517408553510904,0.0027887271717190742,0.025624709203839302
FisheyeCamera_1_00095_png.rf.7339640275f9c4483536f89fb2c815e0.jpg,1,0.43334290385246277,0.48171713948249817,0.00905997958034277,0.006210584193468094,0.013739632442593575
FisheyeCamera_1_00095_png.rf.7339640275f9c4483536f89fb2c815e0.jpg,1,0.4277258813381195,0.4831956923007965,0.010316152125597,0.007695161737501621,0.013027864508330822
FisheyeCamera_1_00095_png.rf.7339640275f9c4483536f89fb2c815e0.jpg,1,0.17455998063087463,0.19726203382015228,0.041208453476428986,0.04256613552570343,0.010170756839215755
FisheyeCamera_1_00095_png.rf.7339640275f9c4483536f89fb2c815e0.jpg,1,0.42812129855155945,0.48074811697006226,0.01106882095336914,0.008099299855530262,0.005401184316724539
FisheyeCamera_1_00095_png.rf.7339640275f9c4483536f89fb2c815e0.jpg,0,0.7270256280899048,0.5257036089897156,0.007230612449347973,0.011542797088623047,0.003993573598563671
FisheyeCamera_1_00095_png.rf.7339640275f9c4483536f89fb2c815e0.jpg,0,0.17349690198898315,0.19794127345085144,0.040605079382658005,0.0440516471862793,0.003135683946311474
FisheyeCamera_1_00095_png.rf.7339640275f9c4483536f89fb2c815e0.jpg,0,0.6431108713150024,0.5375055074691772,0.01689888909459114,0.020112479105591774,0.00210243440233171
FisheyeCamera_1_00095_png.rf.7339640275f9c4483536f89fb2c815e0.jpg,1,0.5579261183738708,0.3771434426307678,0.8792574405670166,0.7524142861366272,0.0018514309776946902
FisheyeCamera_1_00095_png.rf.7339640275f9c4483536f89fb2c815e0.jpg,0,0.47307413816452026,0.5275693535804749,0.003971503581851721,0.0036008909810334444,0.0016718744300305843
FisheyeCamera_1_00095_png.rf.7339640275f9c4483536f89fb2c815e0.jpg,7,0.37529081106185913,0.5458579063415527,0.007081582210958004,0.009389621205627918,0.0014949768083170056
FisheyeCamera_1_00097_png.rf.fb72097a4038b905024bea71b14c1434.jpg,7,0.2520812749862671,0.5328483581542969,0.009475781582295895,0.01573166623711586,0.6794055700302124
FisheyeCamera_1_00097_png.rf.fb72097a4038b905024bea71b14c1434.jpg,1,0.4273183047771454,0.47873908281326294,0.00868236180394888,0.005986910779029131,0.401094526052475
FisheyeCamera_1_00097_png.rf.fb72097a4038b905024bea71b14c1434.jpg,1,0.42670413851737976,0.4778926968574524,0.008602399379014969,0.006138581782579422,0.16110347211360931
FisheyeCamera_1_00097_png.rf.fb72097a4038b905024bea71b14c1434.jpg,1,0.47822219133377075,0.5288081765174866,0.0032852247823029757,0.0023298996966332197,0.04427925497293472
FisheyeCamera_1_00097_png.rf.fb72097a4038b905024bea71b14c1434.jpg,1,0.4256489872932434,0.4786110818386078,0.010328073054552078,0.006606395822018385,0.04346364364027977
FisheyeCamera_1_00097_png.rf.fb72097a4038b905024bea71b14c1434.jpg,1,0.14114639163017273,0.15225477516651154,0.037996359169483185,0.04302489012479782,0.02820984646677971
FisheyeCamera_1_00097_png.rf.fb72097a4038b905024bea71b14c1434.jpg,1,0.4284953474998474,0.47803741693496704,0.00975817907601595,0.006407994776964188,0.020952098071575165
FisheyeCamera_1_00097_png.rf.fb72097a4038b905024bea71b14c1434.jpg,1,0.5345500707626343,0.375931054353714,0.930899977684021,0.7507815361022949,0.007070260122418404
FisheyeCamera_1_00097_png.rf.fb72097a4038b905024bea71b14c1434.jpg,13,0.5302813053131104,0.5494726896286011,0.0046571954153478146,0.008340725675225258,0.007010102272033691
FisheyeCamera_1_00097_png.rf.fb72097a4038b905024bea71b14c1434.jpg,1,0.47966820001602173,0.528001606464386,0.007410306483507156,0.003489237744361162,0.005103745963424444
FisheyeCamera_1_00097_png.rf.fb72097a4038b905024bea71b14c1434.jpg,0,0.47403213381767273,0.5279418230056763,0.004509449005126953,0.004215167369693518,0.004793617408722639
FisheyeCamera_1_00097_png.rf.fb72097a4038b905024bea71b14c1434.jpg,0,0.522881805896759,0.5284870266914368,0.00826256163418293,0.007372196298092604,0.002716690069064498
FisheyeCamera_1_00097_png.rf.fb72097a4038b905024bea71b14c1434.jpg,1,0.4729612171649933,0.5292198061943054,0.005389947444200516,0.0031013856641948223,0.0026846984401345253
FisheyeCamera_1_00097_png.rf.fb72097a4038b905024bea71b14c1434.jpg,7,0.3737020492553711,0.5460298657417297,0.006699855905026197,0.008228559046983719,0.002671465976163745
FisheyeCamera_1_00097_png.rf.fb72097a4038b905024bea71b14c1434.jpg,1,0.14219877123832703,0.1460963487625122,0.039617400616407394,0.03138510137796402,0.0022425116039812565
FisheyeCamera_1_00097_png.rf.fb72097a4038b905024bea71b14c1434.jpg,0,0.6115729212760925,0.5717337727546692,0.0075337705202400684,0.019026169553399086,0.0020553176291286945
FisheyeCamera_1_00097_png.rf.fb72097a4038b905024bea71b14c1434.jpg,0,0.6111014485359192,0.5747113823890686,0.007668935693800449,0.01614849455654621,0.0019212261540815234
FisheyeCamera_1_00097_png.rf.fb72097a4038b905024bea71b14c1434.jpg,13,0.5309106111526489,0.5516197085380554,0.005056638270616531,0.006570302881300449,0.0018621376948431134
FisheyeCamera_1_00097_png.rf.fb72097a4038b905024bea71b14c1434.jpg,1,0.4980502724647522,0.5308290719985962,0.005443426314741373,0.004651766736060381,0.0011167655466124415
FisheyeCamera_1_00098_png.rf.937d582ee38fb9c9007c37c872df3176.jpg,7,0.24241891503334045,0.5316339731216431,0.008883604779839516,0.016366848722100258,0.9116417169570923
FisheyeCamera_1_00098_png.rf.937d582ee38fb9c9007c37c872df3176.jpg,1,0.4269995391368866,0.47594013810157776,0.009689771570265293,0.006861687172204256,0.2503480315208435
FisheyeCamera_1_00098_png.rf.937d582ee38fb9c9007c37c872df3176.jpg,1,0.42567721009254456,0.47679051756858826,0.011041568592190742,0.007789318449795246,0.01845690794289112
FisheyeCamera_1_00098_png.rf.937d582ee38fb9c9007c37c872df3176.jpg,1,0.4775659441947937,0.5286151170730591,0.0041653928346931934,0.0028879826422780752,0.009856058284640312
FisheyeCamera_1_00098_png.rf.937d582ee38fb9c9007c37c872df3176.jpg,12,0.3733450174331665,0.5465303063392639,0.006899907253682613,0.008222213014960289,0.00814803596585989
FisheyeCamera_1_00098_png.rf.937d582ee38fb9c9007c37c872df3176.jpg,1,0.5409948229789734,0.38191020488739014,0.9180104732513428,0.7621144652366638,0.003189783077687025
FisheyeCamera_1_00098_png.rf.937d582ee38fb9c9007c37c872df3176.jpg,10,0.793390691280365,0.5253489017486572,0.0060291290283203125,0.007981483824551105,0.0019888784736394882
FisheyeCamera_1_00098_png.rf.937d582ee38fb9c9007c37c872df3176.jpg,1,0.42572838068008423,0.4752500653266907,0.011320995166897774,0.009940368123352528,0.001820134581066668
FisheyeCamera_1_00098_png.rf.937d582ee38fb9c9007c37c872df3176.jpg,0,0.6159328818321228,0.5738176703453064,0.007145185023546219,0.013898739591240883,0.001159511273726821
FisheyeCamera_1_00098_png.rf.937d582ee38fb9c9007c37c872df3176.jpg,13,0.5312092304229736,0.5514774322509766,0.0060584363527596,0.00733823049813509,0.0011443964904174209
FisheyeCamera_1_00100_png.rf.683a106328c4647fb8dcd00c1c2af90f.jpg,7,0.22128929197788239,0.5285820960998535,0.009370547719299793,0.019235244020819664,0.7362061142921448
FisheyeCamera_1_00100_png.rf.683a106328c4647fb8dcd00c1c2af90f.jpg,1,0.4222896695137024,0.4733085036277771,0.011954895220696926,0.007699709851294756,0.41411471366882324
FisheyeCamera_1_00100_png.rf.683a106328c4647fb8dcd00c1c2af90f.jpg,0,0.4243721067905426,0.4729629158973694,0.011607720516622066,0.008797352202236652,0.2592898905277252
FisheyeCamera_1_00100_png.rf.683a106328c4647fb8dcd00c1c2af90f.jpg,1,0.4778028726577759,0.5285861492156982,0.005008807871490717,0.003157028928399086,0.03606812655925751
FisheyeCamera_1_00100_png.rf.683a106328c4647fb8dcd00c1c2af90f.jpg,1,0.539340615272522,0.37849292159080505,0.921104907989502,0.7557517886161804,0.007923681288957596
FisheyeCamera_1_00100_png.rf.683a106328c4647fb8dcd00c1c2af90f.jpg,0,0.42610427737236023,0.47288620471954346,0.015358888544142246,0.009785212576389313,0.0055802189745008945
FisheyeCamera_1_00100_png.rf.683a106328c4647fb8dcd00c1c2af90f.jpg,7,0.37222200632095337,0.5463771224021912,0.006245906930416822,0.00813685916364193,0.005291775334626436
FisheyeCamera_1_00100_png.rf.683a106328c4647fb8dcd00c1c2af90f.jpg,1,0.4196073114871979,0.4730948209762573,0.015518445521593094,0.0087611498311162,0.004276092629879713
FisheyeCamera_1_00100_png.rf.683a106328c4647fb8dcd00c1c2af90f.jpg,0,0.4741915762424469,0.5278730988502502,0.00475311279296875,0.004100066144019365,0.0040441034361720085
FisheyeCamera_1_00100_png.rf.683a106328c4647fb8dcd00c1c2af90f.jpg,1,0.3135547637939453,0.53973788022995,0.0041988082230091095,0.008945061825215816,0.00350102037191391
FisheyeCamera_1_00100_png.rf.683a106328c4647fb8dcd00c1c2af90f.jpg,1,0.42343783378601074,0.47423121333122253,0.014150620438158512,0.010169469751417637,0.0022220767568796873
FisheyeCamera_1_00100_png.rf.683a106328c4647fb8dcd00c1c2af90f.jpg,0,0.4790785312652588,0.5276877880096436,0.008435653522610664,0.0040311082266271114,0.001787079032510519
FisheyeCamera_1_00100_png.rf.683a106328c4647fb8dcd00c1c2af90f.jpg,1,0.4747456908226013,0.5291668772697449,0.008286292664706707,0.0038312398828566074,0.0010972102172672749
FisheyeCamera_1_00104_png.rf.4b7fdfa8ad94152180492a204dfd629d.jpg,13,0.3609880208969116,0.5249839425086975,0.027995623648166656,0.040132999420166016,0.49328815937042236
FisheyeCamera_1_00104_png.rf.4b7fdfa8ad94152180492a204dfd629d.jpg,11,0.3601892292499542,0.5253505706787109,0.0277938861399889,0.03992576152086258,0.4800099730491638
FisheyeCamera_1_00104_png.rf.4b7fdfa8ad94152180492a204dfd629d.jpg,4,0.3600620925426483,0.5254769921302795,0.02780045010149479,0.03962498530745506,0.29312676191329956
FisheyeCamera_1_00104_png.rf.4b7fdfa8ad94152180492a204dfd629d.jpg,12,0.361197292804718,0.52475905418396,0.02875533513724804,0.04066621512174606,0.07457032054662704
FisheyeCamera_1_00104_png.rf.4b7fdfa8ad94152180492a204dfd629d.jpg,7,0.7116888761520386,0.534348726272583,0.012487485073506832,0.018812069669365883,0.023544199764728546
FisheyeCamera_1_00104_png.rf.4b7fdfa8ad94152180492a204dfd629d.jpg,1,0.5223102569580078,0.37711045145988464,0.9480820298194885,0.7534739971160889,0.015978865325450897
FisheyeCamera_1_00104_png.rf.4b7fdfa8ad94152180492a204dfd629d.jpg,0,0.4059508442878723,0.5198476910591125,0.006506149657070637,0.004632583353668451,0.008513359352946281
FisheyeCamera_1_00104_png.rf.4b7fdfa8ad94152180492a204dfd629d.jpg,7,0.4539436995983124,0.545908510684967,0.009291905909776688,0.014155315235257149,0.008469294756650925
FisheyeCamera_1_00104_png.rf.4b7fdfa8ad94152180492a204dfd629d.jpg,7,0.4534878432750702,0.547410786151886,0.007656207773834467,0.014168152585625648,0.001977842766791582
FisheyeCamera_1_00104_png.rf.4b7fdfa8ad94152180492a204dfd629d.jpg,1,0.3461149334907532,0.38018906116485596,0.6909255385398865,0.7568230032920837,0.0014214646071195602
FisheyeCamera_1_00104_png.rf.4b7fdfa8ad94152180492a204dfd629d.jpg,11,0.5963490009307861,0.54681396484375,0.006736865732818842,0.008725973777472973,0.0013779334258288145
FisheyeCamera_1_00104_png.rf.4b7fdfa8ad94152180492a204dfd629d.jpg,7,0.4541051983833313,0.549077033996582,0.009234575554728508,0.016970818862318993,0.0010923377703875303
FisheyeCamera_1_00142_png.rf.def6aeee07cff082ea33cd3d659e7024.jpg,9,0.597611129283905,0.5440637469291687,0.00876617431640625,0.013475308194756508,0.856665313243866
FisheyeCamera_1_00142_png.rf.def6aeee07cff082ea33cd3d659e7024.jpg,9,0.5629209280014038,0.548014760017395,0.0063939462415874004,0.009584280662238598,0.6443645358085632
FisheyeCamera_1_00142_png.rf.def6aeee07cff082ea33cd3d659e7024.jpg,1,0.4858078360557556,0.5169475674629211,0.006156481336802244,0.0032380179036408663,0.05023251473903656
FisheyeCamera_1_00142_png.rf.def6aeee07cff082ea33cd3d659e7024.jpg,1,0.4853244423866272,0.5188150405883789,0.005340356379747391,0.00464311009272933,0.02428930439054966
FisheyeCamera_1_00142_png.rf.def6aeee07cff082ea33cd3d659e7024.jpg,1,0.46287956833839417,0.5183259844779968,0.004078461788594723,0.005304593592882156,0.019546229392290115
FisheyeCamera_1_00142_png.rf.def6aeee07cff082ea33cd3d659e7024.jpg,1,0.4599606692790985,0.5168749094009399,0.007479704450815916,0.00346693629398942,0.018850425258278847
FisheyeCamera_1_00142_png.rf.def6aeee07cff082ea33cd3d659e7024.jpg,1,0.454887330532074,0.5169534087181091,0.00754792895168066,0.004869644530117512,0.008056547492742538
FisheyeCamera_1_00142_png.rf.def6aeee07cff082ea33cd3d659e7024.jpg,1,0.5174388885498047,0.3777375817298889,0.9651222825050354,0.7531208992004395,0.00566526735201478
FisheyeCamera_1_00142_png.rf.def6aeee07cff082ea33cd3d659e7024.jpg,1,0.4543246626853943,0.5180394649505615,0.00535455159842968,0.005987314507365227,0.005593570880591869
FisheyeCamera_1_00142_png.rf.def6aeee07cff082ea33cd3d659e7024.jpg,1,0.46799126267433167,0.518633246421814,0.006521628703922033,0.004806922283023596,0.0049318247474730015
FisheyeCamera_1_00142_png.rf.def6aeee07cff082ea33cd3d659e7024.jpg,1,0.4823222756385803,0.5185778737068176,0.006850059609860182,0.00496475538238883,0.004495419096201658
FisheyeCamera_1_00142_png.rf.def6aeee07cff082ea33cd3d659e7024.jpg,1,0.45399564504623413,0.5157280564308167,0.0053647481836378574,0.007157546002417803,0.0041763558983802795
FisheyeCamera_1_00142_png.rf.def6aeee07cff082ea33cd3d659e7024.jpg,1,0.4488583207130432,0.5188549160957336,0.008026783354580402,0.005486855283379555,0.0026815084274858236
FisheyeCamera_1_00142_png.rf.def6aeee07cff082ea33cd3d659e7024.jpg,11,0.345480740070343,0.5435511469841003,0.006663322914391756,0.008522290736436844,0.0026542393025010824
FisheyeCamera_1_00142_png.rf.def6aeee07cff082ea33cd3d659e7024.jpg,1,0.48914632201194763,0.5176647901535034,0.007993404753506184,0.0037992552388459444,0.0025923673529177904
FisheyeCamera_1_00142_png.rf.def6aeee07cff082ea33cd3d659e7024.jpg,9,0.6249443292617798,0.5451472997665405,0.0050794160924851894,0.009594220668077469,0.002530295168980956
FisheyeCamera_1_00142_png.rf.def6aeee07cff082ea33cd3d659e7024.jpg,1,0.0587892085313797,0.5324663519859314,0.1175784170627594,0.935067355632782,0.0019159447401762009
FisheyeCamera_1_00142_png.rf.def6aeee07cff082ea33cd3d659e7024.jpg,1,0.449016809463501,0.5153936147689819,0.00863497145473957,0.007226687390357256,0.0018173202406615019
FisheyeCamera_1_00142_png.rf.def6aeee07cff082ea33cd3d659e7024.jpg,1,0.3263968825340271,0.39089512825012207,0.6527937650680542,0.7794402241706848,0.0015134153654798865
FisheyeCamera_1_00142_png.rf.def6aeee07cff082ea33cd3d659e7024.jpg,1,0.6236535310745239,0.5447738766670227,0.006026781629770994,0.011664831079542637,0.0013932016445323825
FisheyeCamera_1_00142_png.rf.def6aeee07cff082ea33cd3d659e7024.jpg,0,0.44654372334480286,0.517559826374054,0.010746589861810207,0.005309435073286295,0.00128876231610775
FisheyeCamera_1_00142_png.rf.def6aeee07cff082ea33cd3d659e7024.jpg,10,0.4630720913410187,0.5446125268936157,0.00942868459969759,0.012081917375326157,0.0012784694554284215
FisheyeCamera_1_00142_png.rf.def6aeee07cff082ea33cd3d659e7024.jpg,1,0.9541110396385193,0.4947085678577423,0.09177795052528381,0.9516438245773315,0.0011927395826205611
FisheyeCamera_1_00142_png.rf.def6aeee07cff082ea33cd3d659e7024.jpg,10,0.46542441844940186,0.5446426868438721,0.01271941140294075,0.012145225889980793,0.001137793529778719
FisheyeCamera_1_00150_png.rf.59de5a3cfa738990cf21ba7d18b79444.jpg,13,0.36386168003082275,0.5303288102149963,0.021327460184693336,0.03140809014439583,0.45892030000686646
FisheyeCamera_1_00150_png.rf.59de5a3cfa738990cf21ba7d18b79444.jpg,11,0.3644106686115265,0.5289696455001831,0.02220938913524151,0.03199533373117447,0.3530724048614502
FisheyeCamera_1_00150_png.rf.59de5a3cfa738990cf21ba7d18b79444.jpg,10,0.36404940485954285,0.5300194025039673,0.02210642769932747,0.03197009861469269,0.1328011155128479
FisheyeCamera_1_00150_png.rf.59de5a3cfa738990cf21ba7d18b79444.jpg,7,0.363931804895401,0.529897928237915,0.021549224853515625,0.031897399574518204,0.07294069230556488
FisheyeCamera_1_00150_png.rf.59de5a3cfa738990cf21ba7d18b79444.jpg,12,0.3640136122703552,0.5303762555122375,0.02243874780833721,0.03214718773961067,0.05503082275390625
FisheyeCamera_1_00150_png.rf.59de5a3cfa738990cf21ba7d18b79444.jpg,1,0.5170740485191345,0.37800896167755127,0.965067446231842,0.7554501295089722,0.04104013368487358
FisheyeCamera_1_00150_png.rf.59de5a3cfa738990cf21ba7d18b79444.jpg,9,0.36375656723976135,0.530697226524353,0.021767066791653633,0.03234471008181572,0.03326502814888954
FisheyeCamera_1_00150_png.rf.59de5a3cfa738990cf21ba7d18b79444.jpg,11,0.404800146818161,0.5443013310432434,0.008731365203857422,0.013363141566514969,0.025579780340194702
FisheyeCamera_1_00150_png.rf.59de5a3cfa738990cf21ba7d18b79444.jpg,11,0.44547662138938904,0.5498313307762146,0.005939410533756018,0.008148597553372383,0.009486295282840729
FisheyeCamera_1_00150_png.rf.59de5a3cfa738990cf21ba7d18b79444.jpg,11,0.44415047764778137,0.5508954524993896,0.0046144635416567326,0.007480621803551912,0.009125602431595325
FisheyeCamera_1_00150_png.rf.59de5a3cfa738990cf21ba7d18b79444.jpg,12,0.6155723929405212,0.5426360368728638,0.010170387104153633,0.013742594048380852,0.008024665527045727
FisheyeCamera_1_00150_png.rf.59de5a3cfa738990cf21ba7d18b79444.jpg,1,0.34654897451400757,0.3908790946006775,0.6930979490280151,0.7803683280944824,0.004429284483194351
FisheyeCamera_1_00150_png.rf.59de5a3cfa738990cf21ba7d18b79444.jpg,12,0.5323282480239868,0.5478804707527161,0.006379054393619299,0.009178418666124344,0.004067511763423681
FisheyeCamera_1_00150_png.rf.59de5a3cfa738990cf21ba7d18b79444.jpg,1,0.3920699656009674,0.2950974404811859,0.7771574258804321,0.5901948809623718,0.003041606629267335
FisheyeCamera_1_00150_png.rf.59de5a3cfa738990cf21ba7d18b79444.jpg,1,0.38687941431999207,0.49734440445899963,0.008900386281311512,0.006260761991143227,0.0020787366665899754
FisheyeCamera_1_00150_png.rf.59de5a3cfa738990cf21ba7d18b79444.jpg,7,0.531760036945343,0.5492817163467407,0.006524673197418451,0.010065959766507149,0.002038051839917898
FisheyeCamera_1_00150_png.rf.59de5a3cfa738990cf21ba7d18b79444.jpg,11,0.4439895749092102,0.549637496471405,0.004625100642442703,0.008376304991543293,0.0016130235744640231
FisheyeCamera_1_00150_png.rf.59de5a3cfa738990cf21ba7d18b79444.jpg,0,0.3115542232990265,0.5048458576202393,0.007436532527208328,0.005517849698662758,0.0014668271178379655
FisheyeCamera_1_00151_png.rf.ff1355b3e842019c0228380552ea0c2c.jpg,13,0.3542191684246063,0.5274046063423157,0.024297531694173813,0.03453225642442703,0.6875045895576477
FisheyeCamera_1_00151_png.rf.ff1355b3e842019c0228380552ea0c2c.jpg,11,0.3537580668926239,0.5274060368537903,0.02458990551531315,0.03542159125208855,0.4723395109176636
FisheyeCamera_1_00151_png.rf.ff1355b3e842019c0228380552ea0c2c.jpg,12,0.3545806407928467,0.5274503231048584,0.02455931529402733,0.034915778785943985,0.21187430620193481
FisheyeCamera_1_00151_png.rf.ff1355b3e842019c0228380552ea0c2c.jpg,11,0.4035707712173462,0.5442831516265869,0.008991865441203117,0.01376089733093977,0.10579734295606613
FisheyeCamera_1_00151_png.rf.ff1355b3e842019c0228380552ea0c2c.jpg,4,0.35459673404693604,0.5272693037986755,0.025866582989692688,0.035062313079833984,0.06325283646583557
FisheyeCamera_1_00151_png.rf.ff1355b3e842019c0228380552ea0c2c.jpg,11,0.4459042251110077,0.549469530582428,0.006522068753838539,0.008153548464179039,0.02751338668167591
FisheyeCamera_1_00151_png.rf.ff1355b3e842019c0228380552ea0c2c.jpg,12,0.6224692463874817,0.5420674085617065,0.009500137530267239,0.013858539052307606,0.01740267500281334
FisheyeCamera_1_00151_png.rf.ff1355b3e842019c0228380552ea0c2c.jpg,11,0.4465090036392212,0.5507189035415649,0.0050700996071100235,0.00788384210318327,0.008246047422289848
FisheyeCamera_1_00151_png.rf.ff1355b3e842019c0228380552ea0c2c.jpg,1,0.5122779011726379,0.3761124014854431,0.9754443168640137,0.7513654828071594,0.006835223641246557
FisheyeCamera_1_00151_png.rf.ff1355b3e842019c0228380552ea0c2c.jpg,11,0.5345651507377625,0.5489408373832703,0.006643699016422033,0.009198226034641266,0.0042547062039375305
FisheyeCamera_1_00151_png.rf.ff1355b3e842019c0228380552ea0c2c.jpg,1,0.3705696761608124,0.3907089829444885,0.7411393523216248,0.7801797986030579,0.0038934722542762756
FisheyeCamera_1_00151_png.rf.ff1355b3e842019c0228380552ea0c2c.jpg,1,0.3604471981525421,0.49092814326286316,0.0070253522135317326,0.008321358822286129,0.0033771179150789976
FisheyeCamera_1_00151_png.rf.ff1355b3e842019c0228380552ea0c2c.jpg,11,0.6222735643386841,0.5430625081062317,0.01024745125323534,0.014255267567932606,0.0030437272507697344
FisheyeCamera_1_00151_png.rf.ff1355b3e842019c0228380552ea0c2c.jpg,7,0.40316545963287354,0.5433841943740845,0.009091964922845364,0.01308951061218977,0.002832330297678709
FisheyeCamera_1_00151_png.rf.ff1355b3e842019c0228380552ea0c2c.jpg,0,0.38688579201698303,0.4966941177845001,0.008911903016269207,0.00561200687661767,0.002633096184581518
FisheyeCamera_1_00151_png.rf.ff1355b3e842019c0228380552ea0c2c.jpg,12,0.4463142454624176,0.5496671795845032,0.0049687535502016544,0.00837454479187727,0.002387467073276639
FisheyeCamera_1_00151_png.rf.ff1355b3e842019c0228380552ea0c2c.jpg,1,0.435385137796402,0.3076847791671753,0.8523832559585571,0.6153695583343506,0.0018326601712033153
FisheyeCamera_1_00151_png.rf.ff1355b3e842019c0228380552ea0c2c.jpg,0,0.3873335123062134,0.4974163770675659,0.0076152728870511055,0.005910946987569332,0.001374386134557426
FisheyeCamera_1_00151_png.rf.ff1355b3e842019c0228380552ea0c2c.jpg,0,0.3601580560207367,0.49321213364601135,0.007935781031847,0.008108248934149742,0.0012954490957781672
FisheyeCamera_1_00153_png.rf.19444df592470cf02432f62dfd784f12.jpg,9,0.6634696125984192,0.5340831875801086,0.015159093774855137,0.02353745326399803,0.9401014447212219
FisheyeCamera_1_00153_png.rf.19444df592470cf02432f62dfd784f12.jpg,9,0.5860786437988281,0.5454157590866089,0.009454727172851562,0.013486973010003567,0.9025583267211914
FisheyeCamera_1_00153_png.rf.19444df592470cf02432f62dfd784f12.jpg,1,0.48367956280708313,0.5135551691055298,0.005963068921118975,0.007129852660000324,0.10070519149303436
FisheyeCamera_1_00153_png.rf.19444df592470cf02432f62dfd784f12.jpg,1,0.4846556782722473,0.5124121904373169,0.006120755337178707,0.0034567760303616524,0.07381761819124222
FisheyeCamera_1_00153_png.rf.19444df592470cf02432f62dfd784f12.jpg,1,0.45912909507751465,0.5135537385940552,0.007161214016377926,0.00366750149987638,0.06535785645246506
FisheyeCamera_1_00153_png.rf.19444df592470cf02432f62dfd784f12.jpg,1,0.4827713668346405,0.5123257637023926,0.007406235206872225,0.0035788831301033497,0.042711686342954636
FisheyeCamera_1_00153_png.rf.19444df592470cf02432f62dfd784f12.jpg,1,0.4833676218986511,0.5109395980834961,0.0054517160169780254,0.007920595817267895,0.04003053531050682
FisheyeCamera_1_00153_png.rf.19444df592470cf02432f62dfd784f12.jpg,1,0.451676607131958,0.510480523109436,0.0071504670195281506,0.0073361764661967754,0.03482954204082489
FisheyeCamera_1_00153_png.rf.19444df592470cf02432f62dfd784f12.jpg,1,0.4545134902000427,0.5133708715438843,0.006307088769972324,0.007500135339796543,0.027007946744561195
FisheyeCamera_1_00153_png.rf.19444df592470cf02432f62dfd784f12.jpg,1,0.4569234251976013,0.513368546962738,0.006552879698574543,0.003696001600474119,0.02340654470026493
FisheyeCamera_1_00153_png.rf.19444df592470cf02432f62dfd784f12.jpg,1,0.44727975130081177,0.5098618865013123,0.010453077964484692,0.007441557478159666,0.02208012156188488
FisheyeCamera_1_00153_png.rf.19444df592470cf02432f62dfd784f12.jpg,1,0.6864173412322998,0.5371703505516052,0.005687713623046875,0.019045133143663406,0.014005245640873909
FisheyeCamera_1_00153_png.rf.19444df592470cf02432f62dfd784f12.jpg,1,0.4589955806732178,0.5137079358100891,0.008484473451972008,0.006856258492916822,0.013876907527446747
FisheyeCamera_1_00153_png.rf.19444df592470cf02432f62dfd784f12.jpg,9,0.6863729357719421,0.5394574999809265,0.006426371168345213,0.015519692562520504,0.008888204582035542
FisheyeCamera_1_00153_png.rf.19444df592470cf02432f62dfd784f12.jpg,13,0.6865257620811462,0.5417455434799194,0.00798797607421875,0.012669087387621403,0.005235132295638323
FisheyeCamera_1_00153_png.rf.19444df592470cf02432f62dfd784f12.jpg,1,0.4466979205608368,0.5131757259368896,0.005955366417765617,0.003580607008188963,0.005221725441515446
FisheyeCamera_1_00153_png.rf.19444df592470cf02432f62dfd784f12.jpg,6,0.5377314686775208,0.547961950302124,0.006211868021637201,0.010465769097208977,0.004844931419938803
FisheyeCamera_1_00153_png.rf.19444df592470cf02432f62dfd784f12.jpg,1,0.4400566816329956,0.5128357410430908,0.008640913292765617,0.00442112423479557,0.004435567185282707
FisheyeCamera_1_00153_png.rf.19444df592470cf02432f62dfd784f12.jpg,1,0.516980767250061,0.3712421655654907,0.9660385251045227,0.7405548095703125,0.0043364218436181545
FisheyeCamera_1_00153_png.rf.19444df592470cf02432f62dfd784f12.jpg,1,0.45864883065223694,0.5104943513870239,0.009656906127929688,0.00716275442391634,0.0033652863930910826
FisheyeCamera_1_00153_png.rf.19444df592470cf02432f62dfd784f12.jpg,1,0.06023702025413513,0.5330970287322998,0.12047404050827026,0.9338060021400452,0.0031093291472643614
FisheyeCamera_1_00153_png.rf.19444df592470cf02432f62dfd784f12.jpg,1,0.4467776119709015,0.5128862261772156,0.01062400545924902,0.008780590258538723,0.0019315840909257531
FisheyeCamera_1_00153_png.rf.19444df592470cf02432f62dfd784f12.jpg,1,0.9524686336517334,0.49714016914367676,0.09501340240240097,0.9597564339637756,0.0011191287776455283
FisheyeCamera_1_00153_png.rf.19444df592470cf02432f62dfd784f12.jpg,1,0.09059812128543854,0.5093308687210083,0.18107739090919495,0.981338381767273,0.0010510154534131289
FisheyeCamera_1_00154_png.rf.be661e0bba8aead34dbcded1d4e5b260.jpg,9,0.6734041571617126,0.5322908163070679,0.015614217147231102,0.02397955395281315,0.9165188074111938
FisheyeCamera_1_00154_png.rf.be661e0bba8aead34dbcded1d4e5b260.jpg,9,0.5895372033119202,0.5444937944412231,0.00970458984375,0.014127732254564762,0.8906633853912354
FisheyeCamera_1_00154_png.rf.be661e0bba8aead34dbcded1d4e5b260.jpg,1,0.4822722375392914,0.5123566389083862,0.006454724818468094,0.0035059635993093252,0.1020875796675682
FisheyeCamera_1_00154_png.rf.be661e0bba8aead34dbcded1d4e5b260.jpg,1,0.48392656445503235,0.5136889219284058,0.006129338406026363,0.006910471245646477,0.08365194499492645
FisheyeCamera_1_00154_png.rf.be661e0bba8aead34dbcded1d4e5b260.jpg,1,0.45936673879623413,0.5121363401412964,0.006417898461222649,0.0032580082770437002,0.0684487447142601
FisheyeCamera_1_00154_png.rf.be661e0bba8aead34dbcded1d4e5b260.jpg,1,0.4542537331581116,0.5104576945304871,0.0058673713356256485,0.007299680262804031,0.04420924559235573
FisheyeCamera_1_00154_png.rf.be661e0bba8aead34dbcded1d4e5b260.jpg,1,0.4555149972438812,0.5133903622627258,0.006344098597764969,0.0074777607806026936,0.04384142905473709
FisheyeCamera_1_00154_png.rf.be661e0bba8aead34dbcded1d4e5b260.jpg,1,0.4569825232028961,0.5118451118469238,0.0062474473379552364,0.0038718078285455704,0.04268765449523926
FisheyeCamera_1_00154_png.rf.be661e0bba8aead34dbcded1d4e5b260.jpg,1,0.4842115640640259,0.512505829334259,0.006735912058502436,0.0035301356110721827,0.04124186560511589
FisheyeCamera_1_00154_png.rf.be661e0bba8aead34dbcded1d4e5b260.jpg,1,0.48374485969543457,0.5110571980476379,0.005737708415836096,0.008175153285264969,0.03982551768422127
FisheyeCamera_1_00154_png.rf.be661e0bba8aead34dbcded1d4e5b260.jpg,1,0.45915114879608154,0.513550341129303,0.00790254957973957,0.00715439161285758,0.028621643781661987
FisheyeCamera_1_00154_png.rf.be661e0bba8aead34dbcded1d4e5b260.jpg,1,0.6943851709365845,0.5366941094398499,0.006763164885342121,0.019250759854912758,0.02044190838932991
FisheyeCamera_1_00154_png.rf.be661e0bba8aead34dbcded1d4e5b260.jpg,1,0.4589095711708069,0.5105769038200378,0.008501933887600899,0.0072940317913889885,0.019547827541828156
FisheyeCamera_1_00154_png.rf.be661e0bba8aead34dbcded1d4e5b260.jpg,0,0.4995383024215698,0.5382209420204163,0.00780996959656477,0.008326604031026363,0.003941443748772144
FisheyeCamera_1_00154_png.rf.be661e0bba8aead34dbcded1d4e5b260.jpg,1,0.5171502828598022,0.3711673319339752,0.9656994342803955,0.7404955625534058,0.003100832924246788
FisheyeCamera_1_00154_png.rf.be661e0bba8aead34dbcded1d4e5b260.jpg,1,0.44724568724632263,0.5094454288482666,0.010178382508456707,0.0073590646497905254,0.0028366176411509514
FisheyeCamera_1_00154_png.rf.be661e0bba8aead34dbcded1d4e5b260.jpg,11,0.3355880379676819,0.5416027307510376,0.0068471250124275684,0.01048289891332388,0.002399580553174019
FisheyeCamera_1_00154_png.rf.be661e0bba8aead34dbcded1d4e5b260.jpg,1,0.05966661870479584,0.53055340051651,0.11933323740959167,0.9388932585716248,0.002061524661257863
FisheyeCamera_1_00154_png.rf.be661e0bba8aead34dbcded1d4e5b260.jpg,1,0.44898906350135803,0.5119451284408569,0.007699343375861645,0.004557683132588863,0.0014204042963683605
FisheyeCamera_1_00154_png.rf.be661e0bba8aead34dbcded1d4e5b260.jpg,1,0.9547153115272522,0.49207398295402527,0.0904790461063385,0.9495745301246643,0.001006634091027081
FisheyeCamera_1_00194_png.rf.21c8dbe947c18776eaab4e5caec1585b.jpg,1,0.35470321774482727,0.483523964881897,0.008406859822571278,0.007014788221567869,0.2999507784843445
FisheyeCamera_1_00194_png.rf.21c8dbe947c18776eaab4e5caec1585b.jpg,1,0.3203743100166321,0.4841978847980499,0.008260287344455719,0.006158608943223953,0.24019281566143036
FisheyeCamera_1_00194_png.rf.21c8dbe947c18776eaab4e5caec1585b.jpg,1,0.31561800837516785,0.48417025804519653,0.008958999998867512,0.006859082728624344,0.22171466052532196
FisheyeCamera_1_00194_png.rf.21c8dbe947c18776eaab4e5caec1585b.jpg,1,0.3540990352630615,0.4826231896877289,0.008103957399725914,0.007165579125285149,0.21589398384094238
FisheyeCamera_1_00194_png.rf.21c8dbe947c18776eaab4e5caec1585b.jpg,0,0.4151284992694855,0.5275973677635193,0.007075126748532057,0.004912999924272299,0.15322816371917725
FisheyeCamera_1_00194_png.rf.21c8dbe947c18776eaab4e5caec1585b.jpg,1,0.31886741518974304,0.4840826094150543,0.009147314354777336,0.007223019376397133,0.1461144983768463
FisheyeCamera_1_00194_png.rf.21c8dbe947c18776eaab4e5caec1585b.jpg,1,0.30236920714378357,0.4839321970939636,0.00851002149283886,0.007744275964796543,0.08596090972423553
FisheyeCamera_1_00194_png.rf.21c8dbe947c18776eaab4e5caec1585b.jpg,10,0.3145739734172821,0.5442869067192078,0.006022416986525059,0.006180580239742994,0.07034512609243393
FisheyeCamera_1_00194_png.rf.21c8dbe947c18776eaab4e5caec1585b.jpg,1,0.29436588287353516,0.4853503704071045,0.006996155250817537,0.0064586494117975235,0.06448756158351898
FisheyeCamera_1_00194_png.rf.21c8dbe947c18776eaab4e5caec1585b.jpg,10,0.31257492303848267,0.5410167574882507,0.007461328059434891,0.010467016138136387,0.05350509285926819
FisheyeCamera_1_00194_png.rf.21c8dbe947c18776eaab4e5caec1585b.jpg,1,0.31941378116607666,0.4819052219390869,0.009255959652364254,0.007647661492228508,0.04274753853678703
FisheyeCamera_1_00194_png.rf.21c8dbe947c18776eaab4e5caec1585b.jpg,1,0.3211687505245209,0.48109349608421326,0.006857101805508137,0.009261204861104488,0.039599522948265076
FisheyeCamera_1_00194_png.rf.21c8dbe947c18776eaab4e5caec1585b.jpg,1,0.2911375164985657,0.4876711964607239,0.005379805341362953,0.004873019177466631,0.03317256644368172
FisheyeCamera_1_00194_png.rf.21c8dbe947c18776eaab4e5caec1585b.jpg,1,0.35496485233306885,0.48153144121170044,0.009670001454651356,0.00941977184265852,0.03217566758394241
FisheyeCamera_1_00194_png.rf.21c8dbe947c18776eaab4e5caec1585b.jpg,1,0.3159980773925781,0.4822877049446106,0.010030673816800117,0.008103701286017895,0.024705583229660988
FisheyeCamera_1_00194_png.rf.21c8dbe947c18776eaab4e5caec1585b.jpg,1,0.29014480113983154,0.4881127178668976,0.006990946363657713,0.0045377290807664394,0.021873880177736282
FisheyeCamera_1_00194_png.rf.21c8dbe947c18776eaab4e5caec1585b.jpg,1,0.35727113485336304,0.4835827648639679,0.011381149291992188,0.007036502938717604,0.02179742231965065
FisheyeCamera_1_00194_png.rf.21c8dbe947c18776eaab4e5caec1585b.jpg,10,0.3195717930793762,0.5473344922065735,0.006129264831542969,0.0063336812891066074,0.021361948922276497
FisheyeCamera_1_00194_png.rf.21c8dbe947c18776eaab4e5caec1585b.jpg,1,0.3704375624656677,0.4849185347557068,0.006362474989145994,0.005499876569956541,0.01791808195412159
FisheyeCamera_1_00194_png.rf.21c8dbe947c18776eaab4e5caec1585b.jpg,0,0.41622817516326904,0.5261375308036804,0.007902915589511395,0.0050371247343719006,0.012693924829363823
FisheyeCamera_1_00194_png.rf.21c8dbe947c18776eaab4e5caec1585b.jpg,10,0.31442826986312866,0.5439239144325256,0.007403374183923006,0.008371500298380852,0.012481257319450378
FisheyeCamera_1_00194_png.rf.21c8dbe947c18776eaab4e5caec1585b.jpg,10,0.34018656611442566,0.5442516803741455,0.0064014289528131485,0.008954891934990883,0.009535477496683598
FisheyeCamera_1_00194_png.rf.21c8dbe947c18776eaab4e5caec1585b.jpg,1,0.32821178436279297,0.4841982126235962,0.009206038899719715,0.006057849619537592,0.009080639109015465
FisheyeCamera_1_00194_png.rf.21c8dbe947c18776eaab4e5caec1585b.jpg,9,0.3544517755508423,0.539347231388092,0.005032429471611977,0.011177429929375648,0.0067579783499240875
FisheyeCamera_1_00194_png.rf.21c8dbe947c18776eaab4e5caec1585b.jpg,1,0.3021181523799896,0.48238539695739746,0.006349619012326002,0.008484913967549801,0.006493260618299246
FisheyeCamera_1_00194_png.rf.21c8dbe947c18776eaab4e5caec1585b.jpg,6,0.4640843868255615,0.5453802943229675,0.0057123624719679356,0.007853984832763672,0.006108700763434172
FisheyeCamera_1_00194_png.rf.21c8dbe947c18776eaab4e5caec1585b.jpg,1,0.3028058707714081,0.48097655177116394,0.008285779505968094,0.010311310179531574,0.005915175192058086
FisheyeCamera_1_00194_png.rf.21c8dbe947c18776eaab4e5caec1585b.jpg,1,0.5173630714416504,0.3756413459777832,0.9633605480194092,0.749860405921936,0.00545148691162467
FisheyeCamera_1_00194_png.rf.21c8dbe947c18776eaab4e5caec1585b.jpg,1,0.29697385430336,0.4827348589897156,0.008117364719510078,0.008733565919101238,0.0038739354349672794
FisheyeCamera_1_00194_png.rf.21c8dbe947c18776eaab4e5caec1585b.jpg,10,0.3125501871109009,0.5415148735046387,0.004775230772793293,0.009440349414944649,0.003468240611255169
FisheyeCamera_1_00194_png.rf.21c8dbe947c18776eaab4e5caec1585b.jpg,10,0.34003201127052307,0.5409162640571594,0.006613107863813639,0.010036102496087551,0.0026696801651269197
FisheyeCamera_1_00194_png.rf.21c8dbe947c18776eaab4e5caec1585b.jpg,1,0.2891615033149719,0.49185240268707275,0.006453331094235182,0.008871776051819324,0.002486855024471879
FisheyeCamera_1_00194_png.rf.21c8dbe947c18776eaab4e5caec1585b.jpg,1,0.9578502774238586,0.4980725049972534,0.08428764343261719,0.9579278826713562,0.0020087098237127066
FisheyeCamera_1_00194_png.rf.21c8dbe947c18776eaab4e5caec1585b.jpg,0,0.41691863536834717,0.5273459553718567,0.008565646596252918,0.0057582855224609375,0.0019298456609249115
FisheyeCamera_1_00194_png.rf.21c8dbe947c18776eaab4e5caec1585b.jpg,1,0.3291485905647278,0.4806787669658661,0.008603939786553383,0.008372747339308262,0.0018633912550285459
FisheyeCamera_1_00194_png.rf.21c8dbe947c18776eaab4e5caec1585b.jpg,1,0.9261490106582642,0.502202033996582,0.14770200848579407,0.9955960512161255,0.0015820384724065661
FisheyeCamera_1_00194_png.rf.21c8dbe947c18776eaab4e5caec1585b.jpg,1,0.32607200741767883,0.4843715727329254,0.008010351099073887,0.006701469887048006,0.0015757445944473147
FisheyeCamera_1_00194_png.rf.21c8dbe947c18776eaab4e5caec1585b.jpg,13,0.354229211807251,0.542532742023468,0.004710711073130369,0.010075496509671211,0.0015005047898739576
FisheyeCamera_1_00194_png.rf.21c8dbe947c18776eaab4e5caec1585b.jpg,10,0.30679476261138916,0.5435450673103333,0.008223111741244793,0.0077199204824864864,0.0012076642597094178
FisheyeCamera_1_00194_png.rf.21c8dbe947c18776eaab4e5caec1585b.jpg,10,0.31903451681137085,0.5416206121444702,0.009000228717923164,0.012226251885294914,0.001174771343357861
FisheyeCamera_1_00195_png.rf.c958e21bb68e76adac7817623d7c1f75.jpg,11,0.766900897026062,0.5257534980773926,0.016559600830078125,0.02676270715892315,0.7837769389152527
FisheyeCamera_1_00195_png.rf.c958e21bb68e76adac7817623d7c1f75.jpg,0,0.4623697102069855,0.3810012936592102,0.023369459435343742,0.016658123582601547,0.6608227491378784
FisheyeCamera_1_00195_png.rf.c958e21bb68e76adac7817623d7c1f75.jpg,0,0.5523765683174133,0.39821574091911316,0.02150803431868553,0.014494089409708977,0.5483811497688293
FisheyeCamera_1_00195_png.rf.c958e21bb68e76adac7817623d7c1f75.jpg,1,0.4284554421901703,0.473684698343277,0.009561538696289062,0.00799292791634798,0.15205757319927216
FisheyeCamera_1_00195_png.rf.c958e21bb68e76adac7817623d7c1f75.jpg,0,0.5533910989761353,0.3976503908634186,0.024735011160373688,0.01996326446533203,0.08900801837444305
FisheyeCamera_1_00195_png.rf.c958e21bb68e76adac7817623d7c1f75.jpg,1,0.42965248227119446,0.47188395261764526,0.009354518726468086,0.010403377003967762,0.003917751833796501
FisheyeCamera_1_00195_png.rf.c958e21bb68e76adac7817623d7c1f75.jpg,0,0.29780101776123047,0.48528334498405457,0.006648504175245762,0.005339696072041988,0.003211210947483778
FisheyeCamera_1_00195_png.rf.c958e21bb68e76adac7817623d7c1f75.jpg,0,0.4749106764793396,0.4768885374069214,0.01018395833671093,0.0064517902210354805,0.0027423459105193615
FisheyeCamera_1_00195_png.rf.c958e21bb68e76adac7817623d7c1f75.jpg,0,0.47544825077056885,0.4765929877758026,0.012814155779778957,0.008572578430175781,0.0017336425371468067
FisheyeCamera_1_00195_png.rf.c958e21bb68e76adac7817623d7c1f75.jpg,1,0.3981565237045288,0.2945348918437958,0.7961758375167847,0.5890697836875916,0.0012252231827005744
FisheyeCamera_1_00195_png.rf.c958e21bb68e76adac7817623d7c1f75.jpg,1,0.400244802236557,0.47025731205940247,0.00681869825348258,0.007383200339972973,0.0011536248493939638
FisheyeCamera_1_00202_png.rf.ee30ccd577d5cfc9c2f6c16edaeacdf2.jpg,0,0.5109362602233887,0.30235615372657776,0.03250426799058914,0.022153232246637344,0.8487119674682617
FisheyeCamera_1_00202_png.rf.ee30ccd577d5cfc9c2f6c16edaeacdf2.jpg,0,0.6405035257339478,0.32886388897895813,0.027108633890748024,0.02115744911134243,0.6528491973876953
FisheyeCamera_1_00202_png.rf.ee30ccd577d5cfc9c2f6c16edaeacdf2.jpg,1,0.5327433943748474,0.4628439247608185,0.011629141867160797,0.008198738098144531,0.18673652410507202
FisheyeCamera_1_00202_png.rf.ee30ccd577d5cfc9c2f6c16edaeacdf2.jpg,1,0.47844693064689636,0.4598041772842407,0.011381222866475582,0.00821685791015625,0.1492031216621399
FisheyeCamera_1_00202_png.rf.ee30ccd577d5cfc9c2f6c16edaeacdf2.jpg,1,0.4770931899547577,0.45947590470314026,0.013635305687785149,0.01031101681292057,0.007179882377386093
FisheyeCamera_1_00202_png.rf.ee30ccd577d5cfc9c2f6c16edaeacdf2.jpg,1,0.5335434079170227,0.462698370218277,0.013759870082139969,0.012694248929619789,0.005351198837161064
FisheyeCamera_1_00202_png.rf.ee30ccd577d5cfc9c2f6c16edaeacdf2.jpg,11,0.4262378513813019,0.34176838397979736,0.8354209065437317,0.6797435283660889,0.004264310467988253
FisheyeCamera_1_00202_png.rf.ee30ccd577d5cfc9c2f6c16edaeacdf2.jpg,0,0.6393510699272156,0.3289353847503662,0.03320224583148956,0.026065681129693985,0.0033201659098267555
FisheyeCamera_1_00202_png.rf.ee30ccd577d5cfc9c2f6c16edaeacdf2.jpg,1,0.47891074419021606,0.46029195189476013,0.013856228440999985,0.013592977076768875,0.0024714164901524782
FisheyeCamera_1_00202_png.rf.ee30ccd577d5cfc9c2f6c16edaeacdf2.jpg,1,0.41953858733177185,0.31828203797340393,0.8390771746635437,0.6365640759468079,0.002100586425513029
FisheyeCamera_1_00202_png.rf.ee30ccd577d5cfc9c2f6c16edaeacdf2.jpg,0,0.6735518574714661,0.34449031949043274,0.007830693386495113,0.006588642485439777,0.0013180357636883855
FisheyeCamera_1_00202_png.rf.ee30ccd577d5cfc9c2f6c16edaeacdf2.jpg,1,0.5331939458847046,0.464750736951828,0.013795596547424793,0.013131472282111645,0.0011162481969222426
FisheyeCamera_1_00202_png.rf.ee30ccd577d5cfc9c2f6c16edaeacdf2.jpg,1,0.48060330748558044,0.45924004912376404,0.015046927146613598,0.011317547410726547,0.0011023853439837694
FisheyeCamera_1_00204_png.rf.19edfa32d48b66e0365f54c7325dcbd4.jpg,0,0.5291288495063782,0.2653141915798187,0.03655001148581505,0.02511242777109146,0.7775065302848816
FisheyeCamera_1_00204_png.rf.19edfa32d48b66e0365f54c7325dcbd4.jpg,0,0.6727795004844666,0.2977205216884613,0.030676769092679024,0.02129198983311653,0.7368350028991699
FisheyeCamera_1_00204_png.rf.19edfa32d48b66e0365f54c7325dcbd4.jpg,1,0.4955298900604248,0.45474618673324585,0.011319967918097973,0.00801849365234375,0.29567599296569824
FisheyeCamera_1_00204_png.rf.19edfa32d48b66e0365f54c7325dcbd4.jpg,1,0.495150625705719,0.4546033442020416,0.013362371362745762,0.00986968632787466,0.12455213069915771
FisheyeCamera_1_00204_png.rf.19edfa32d48b66e0365f54c7325dcbd4.jpg,1,0.5288052558898926,0.26629266142845154,0.03594449907541275,0.024698972702026367,0.04402344301342964
FisheyeCamera_1_00204_png.rf.19edfa32d48b66e0365f54c7325dcbd4.jpg,0,0.672535240650177,0.2995724678039551,0.03434951603412628,0.028997238725423813,0.007058275863528252
FisheyeCamera_1_00204_png.rf.19edfa32d48b66e0365f54c7325dcbd4.jpg,1,0.4961939752101898,0.4543023705482483,0.015282925218343735,0.012199768796563148,0.004187702666968107
FisheyeCamera_1_00204_png.rf.19edfa32d48b66e0365f54c7325dcbd4.jpg,0,0.5527011156082153,0.4572252333164215,0.013399895280599594,0.00908165704458952,0.0032042935490608215
FisheyeCamera_1_00204_png.rf.19edfa32d48b66e0365f54c7325dcbd4.jpg,1,0.5519431233406067,0.45759692788124084,0.014765960164368153,0.0099513353779912,0.0030119854491204023
FisheyeCamera_1_00211_png.rf.4d937346689834589353be2d154dc924.jpg,0,0.5762202143669128,0.08664865791797638,0.061014655977487564,0.04525219649076462,0.8400957584381104
FisheyeCamera_1_00211_png.rf.4d937346689834589353be2d154dc924.jpg,0,0.7820968627929688,0.18271255493164062,0.04221102222800255,0.04009411856532097,0.8258429765701294
FisheyeCamera_1_00211_png.rf.4d937346689834589353be2d154dc924.jpg,1,0.5173879861831665,0.4710923433303833,0.015418896451592445,0.010106967762112617,0.6508533358573914
FisheyeCamera_1_00211_png.rf.4d937346689834589353be2d154dc924.jpg,1,0.5898222923278809,0.4726351499557495,0.014917484484612942,0.009252438321709633,0.5187994837760925
FisheyeCamera_1_00211_png.rf.4d937346689834589353be2d154dc924.jpg,1,0.5196583271026611,0.47027847170829773,0.01587262563407421,0.010370585136115551,0.38905543088912964
FisheyeCamera_1_00211_png.rf.4d937346689834589353be2d154dc924.jpg,1,0.5902982354164124,0.47262611985206604,0.016785696148872375,0.012649022974073887,0.155135840177536
FisheyeCamera_1_00211_png.rf.4d937346689834589353be2d154dc924.jpg,1,0.5760091543197632,0.08836108446121216,0.0607709176838398,0.04601320996880531,0.11591589450836182
FisheyeCamera_1_00211_png.rf.4d937346689834589353be2d154dc924.jpg,1,0.4805796146392822,0.4712798297405243,0.0074474262073636055,0.006025497801601887,0.06696116179227829
FisheyeCamera_1_00211_png.rf.4d937346689834589353be2d154dc924.jpg,0,0.5878637433052063,0.47220394015312195,0.018740838393568993,0.010682877153158188,0.025705255568027496
FisheyeCamera_1_00211_png.rf.4d937346689834589353be2d154dc924.jpg,1,0.48073044419288635,0.47384732961654663,0.009782461449503899,0.006890260614454746,0.008921395055949688
FisheyeCamera_1_00211_png.rf.4d937346689834589353be2d154dc924.jpg,1,0.5178636312484741,0.472359836101532,0.017024114727973938,0.014206923544406891,0.008689808659255505
FisheyeCamera_1_00211_png.rf.4d937346689834589353be2d154dc924.jpg,1,0.4748139977455139,0.4738600254058838,0.010992270894348621,0.007061701733618975,0.0016333999810740352
FisheyeCamera_1_00211_png.rf.4d937346689834589353be2d154dc924.jpg,1,0.522945761680603,0.4698184132575989,0.02213151752948761,0.012964432127773762,0.0016047568060457706
FisheyeCamera_1_00211_png.rf.4d937346689834589353be2d154dc924.jpg,4,0.45217838883399963,0.46831706166267395,0.006697178352624178,0.006294874474406242,0.0015935503179207444
FisheyeCamera_1_00211_png.rf.4d937346689834589353be2d154dc924.jpg,0,0.5882129073143005,0.47328048944473267,0.020103052258491516,0.014307205565273762,0.0014602169394493103
FisheyeCamera_1_00211_png.rf.4d937346689834589353be2d154dc924.jpg,1,0.4753762185573578,0.47131747007369995,0.012997297570109367,0.006896202452480793,0.0014058796223253012
FisheyeCamera_1_00211_png.rf.4d937346689834589353be2d154dc924.jpg,1,0.4829157888889313,0.47163209319114685,0.010146141052246094,0.007120462600141764,0.001265749684534967
FisheyeCamera_1_00211_png.rf.4d937346689834589353be2d154dc924.jpg,0,0.3450748026371002,0.5069929361343384,0.00907402765005827,0.0075000617653131485,0.0010197587544098496
FisheyeCamera_1_00230_png.rf.0abfb32b639a38aefee3263df7d3733e.jpg,1,0.5530259013175964,0.43890154361724854,0.04395246505737305,0.027815893292427063,0.8021273612976074
FisheyeCamera_1_00230_png.rf.0abfb32b639a38aefee3263df7d3733e.jpg,1,0.7176601886749268,0.45228415727615356,0.03258705139160156,0.02319291979074478,0.676314115524292
FisheyeCamera_1_00230_png.rf.0abfb32b639a38aefee3263df7d3733e.jpg,1,0.7174519300460815,0.45079290866851807,0.03612811863422394,0.0311190914362669,0.005566310603171587
FisheyeCamera_1_00230_png.rf.0abfb32b639a38aefee3263df7d3733e.jpg,1,0.4517541527748108,0.3402334451675415,0.8942428231239319,0.680466890335083,0.00155863247346133
FisheyeCamera_1_00230_png.rf.0abfb32b639a38aefee3263df7d3733e.jpg,1,0.9838274717330933,0.5139586925506592,0.03163682669401169,0.4305287301540375,0.0011143548181280494
FisheyeCamera_1_00230_png.rf.de641278e85b0675e5c4ec40b2fdf74f.jpg,10,0.31340211629867554,0.5229506492614746,0.025268372148275375,0.04092700779438019,0.9416961073875427
FisheyeCamera_1_00230_png.rf.de641278e85b0675e5c4ec40b2fdf74f.jpg,1,0.4357152581214905,0.37601158022880554,0.02268483117222786,0.01583469845354557,0.7086276412010193
FisheyeCamera_1_00230_png.rf.de641278e85b0675e5c4ec40b2fdf74f.jpg,0,0.49796202778816223,0.5121431350708008,0.014248591847717762,0.009427511133253574,0.7083540558815002
FisheyeCamera_1_00230_png.rf.de641278e85b0675e5c4ec40b2fdf74f.jpg,1,0.339325487613678,0.38162872195243835,0.014655186794698238,0.013468192890286446,0.34672272205352783
FisheyeCamera_1_00230_png.rf.de641278e85b0675e5c4ec40b2fdf74f.jpg,1,0.33996883034706116,0.3811899423599243,0.017991909757256508,0.016115006059408188,0.32500648498535156
FisheyeCamera_1_00230_png.rf.de641278e85b0675e5c4ec40b2fdf74f.jpg,1,0.3368861973285675,0.3808552026748657,0.02017098292708397,0.017032146453857422,0.13897110521793365
FisheyeCamera_1_00230_png.rf.de641278e85b0675e5c4ec40b2fdf74f.jpg,0,0.4994111657142639,0.5110699534416199,0.018771393224596977,0.015039554797112942,0.07428395003080368
FisheyeCamera_1_00230_png.rf.de641278e85b0675e5c4ec40b2fdf74f.jpg,0,0.4987569749355316,0.5135889053344727,0.017609596252441406,0.015348618850111961,0.03262514993548393
FisheyeCamera_1_00230_png.rf.de641278e85b0675e5c4ec40b2fdf74f.jpg,1,0.48580533266067505,0.37710845470428467,0.008474130183458328,0.0061207921244204044,0.030580507591366768
FisheyeCamera_1_00230_png.rf.de641278e85b0675e5c4ec40b2fdf74f.jpg,13,0.528067946434021,0.5494476556777954,0.003793716663494706,0.007632696069777012,0.027945471927523613
FisheyeCamera_1_00230_png.rf.de641278e85b0675e5c4ec40b2fdf74f.jpg,1,0.30056682229042053,0.3926854133605957,0.010797941125929356,0.00848139263689518,0.025357648730278015
FisheyeCamera_1_00230_png.rf.de641278e85b0675e5c4ec40b2fdf74f.jpg,1,0.4349507689476013,0.37490731477737427,0.026054419577121735,0.01977252960205078,0.022655218839645386
FisheyeCamera_1_00230_png.rf.de641278e85b0675e5c4ec40b2fdf74f.jpg,1,0.3008786141872406,0.3906000852584839,0.01136073749512434,0.008994652889668941,0.02171412482857704
FisheyeCamera_1_00230_png.rf.de641278e85b0675e5c4ec40b2fdf74f.jpg,1,0.5333330631256104,0.5072240829467773,0.005136086605489254,0.0040570409037172794,0.020337216556072235
FisheyeCamera_1_00230_png.rf.de641278e85b0675e5c4ec40b2fdf74f.jpg,0,0.489052414894104,0.3770659267902374,0.009076816029846668,0.0060565657913684845,0.013605550862848759
FisheyeCamera_1_00230_png.rf.de641278e85b0675e5c4ec40b2fdf74f.jpg,1,0.3362383246421814,0.37912583351135254,0.024163760244846344,0.02032357081770897,0.008902900852262974
FisheyeCamera_1_00230_png.rf.de641278e85b0675e5c4ec40b2fdf74f.jpg,1,0.3423178493976593,0.3832660913467407,0.02168237417936325,0.01688249409198761,0.00859378557652235
FisheyeCamera_1_00230_png.rf.de641278e85b0675e5c4ec40b2fdf74f.jpg,1,0.33994874358177185,0.3790479898452759,0.014691353775560856,0.019124582409858704,0.004659778438508511
FisheyeCamera_1_00230_png.rf.de641278e85b0675e5c4ec40b2fdf74f.jpg,13,0.5280163884162903,0.5510610342025757,0.0039997100830078125,0.006501271389424801,0.004484408535063267
FisheyeCamera_1_00230_png.rf.de641278e85b0675e5c4ec40b2fdf74f.jpg,1,0.34092816710472107,0.38592860102653503,0.020062191411852837,0.022521350532770157,0.003831996116787195
FisheyeCamera_1_00230_png.rf.de641278e85b0675e5c4ec40b2fdf74f.jpg,0,0.4956727623939514,0.5113169550895691,0.017539246007800102,0.012202262878417969,0.003609785810112953
FisheyeCamera_1_00230_png.rf.de641278e85b0675e5c4ec40b2fdf74f.jpg,0,0.4984704852104187,0.5449450612068176,0.006414303556084633,0.009791301563382149,0.003472500015050173
FisheyeCamera_1_00230_png.rf.de641278e85b0675e5c4ec40b2fdf74f.jpg,0,0.49992823600769043,0.5230703353881836,0.010863744653761387,0.02038046158850193,0.003373816842213273
FisheyeCamera_1_00230_png.rf.de641278e85b0675e5c4ec40b2fdf74f.jpg,1,0.29705607891082764,0.3905002772808075,0.013955813832581043,0.009242057800292969,0.003301795804873109
FisheyeCamera_1_00230_png.rf.de641278e85b0675e5c4ec40b2fdf74f.jpg,1,0.3736356794834137,0.3837524652481079,0.011774539947509766,0.0075444444082677364,0.0031073950231075287
FisheyeCamera_1_00230_png.rf.de641278e85b0675e5c4ec40b2fdf74f.jpg,1,0.37985149025917053,0.38290858268737793,0.011560036800801754,0.008609258569777012,0.003019332652911544
FisheyeCamera_1_00230_png.rf.de641278e85b0675e5c4ec40b2fdf74f.jpg,1,0.5209025740623474,0.5060932040214539,0.0039547039195895195,0.0049252877943217754,0.0030066133476793766
FisheyeCamera_1_00230_png.rf.de641278e85b0675e5c4ec40b2fdf74f.jpg,1,0.2964943051338196,0.39271289110183716,0.013074930757284164,0.00870884396135807,0.0025960069615393877
FisheyeCamera_1_00230_png.rf.de641278e85b0675e5c4ec40b2fdf74f.jpg,1,0.5318859219551086,0.5095565915107727,0.00695356959477067,0.006353451870381832,0.002380663761869073
FisheyeCamera_1_00230_png.rf.de641278e85b0675e5c4ec40b2fdf74f.jpg,0,0.34848639369010925,0.4749239683151245,0.014465185813605785,0.010972170159220695,0.0023467678111046553
FisheyeCamera_1_00230_png.rf.de641278e85b0675e5c4ec40b2fdf74f.jpg,1,0.4813106656074524,0.3399708569049835,0.9456886649131775,0.6796619296073914,0.0018262836383655667
FisheyeCamera_1_00230_png.rf.de641278e85b0675e5c4ec40b2fdf74f.jpg,1,0.2748931348323822,0.3969053328037262,0.011251138523221016,0.014218954369425774,0.001709936186671257
FisheyeCamera_1_00230_png.rf.de641278e85b0675e5c4ec40b2fdf74f.jpg,0,0.5717146396636963,0.5143896341323853,0.008775088004767895,0.008494487032294273,0.0015833624638617039
FisheyeCamera_1_00230_png.rf.de641278e85b0675e5c4ec40b2fdf74f.jpg,1,0.38287127017974854,0.3801814615726471,0.011789945885539055,0.008609294891357422,0.001548253814689815
FisheyeCamera_1_00230_png.rf.de641278e85b0675e5c4ec40b2fdf74f.jpg,0,0.3903414011001587,0.5315289497375488,0.006333754863590002,0.0079664820805192,0.0015079834265634418
FisheyeCamera_1_00230_png.rf.de641278e85b0675e5c4ec40b2fdf74f.jpg,0,0.5005760192871094,0.5445038080215454,0.007422704249620438,0.011045199818909168,0.0013861411716789007
FisheyeCamera_1_00230_png.rf.de641278e85b0675e5c4ec40b2fdf74f.jpg,1,0.5365498661994934,0.50987309217453,0.0071956561878323555,0.006317028775811195,0.0013247133465483785
FisheyeCamera_1_00230_png.rf.de641278e85b0675e5c4ec40b2fdf74f.jpg,13,0.5001250505447388,0.5478595495223999,0.006541362497955561,0.008395122364163399,0.001173512078821659
FisheyeCamera_1_00230_png.rf.de641278e85b0675e5c4ec40b2fdf74f.jpg,0,0.4959279000759125,0.5254284143447876,0.014942683279514313,0.019444540143013,0.00105546903796494
FisheyeCamera_1_00230_png.rf.de641278e85b0675e5c4ec40b2fdf74f.jpg,1,0.9536116123199463,0.49587199091911316,0.0927768126130104,0.9526558518409729,0.0010489104315638542
FisheyeCamera_1_00239_png.rf.d6a3e883bbb92412f2642432771f2d09.jpg,1,0.46341729164123535,0.2554539442062378,0.03660455346107483,0.026339348405599594,0.7953592538833618
FisheyeCamera_1_00239_png.rf.d6a3e883bbb92412f2642432771f2d09.jpg,1,0.323416143655777,0.29848596453666687,0.031384799629449844,0.02269427664577961,0.7750146985054016
FisheyeCamera_1_00239_png.rf.d6a3e883bbb92412f2642432771f2d09.jpg,0,0.5651946067810059,0.5023580193519592,0.015759285539388657,0.009601740166544914,0.6170888543128967
FisheyeCamera_1_00239_png.rf.d6a3e883bbb92412f2642432771f2d09.jpg,0,0.5675357580184937,0.5012598037719727,0.015643928200006485,0.01055761519819498,0.4855942130088806
FisheyeCamera_1_00239_png.rf.d6a3e883bbb92412f2642432771f2d09.jpg,0,0.5657742023468018,0.5016002058982849,0.018213381990790367,0.012960544787347317,0.20811039209365845
FisheyeCamera_1_00239_png.rf.d6a3e883bbb92412f2642432771f2d09.jpg,1,0.5179761648178101,0.5455252528190613,0.005784475244581699,0.007703377865254879,0.12992680072784424
FisheyeCamera_1_00239_png.rf.d6a3e883bbb92412f2642432771f2d09.jpg,1,0.606558620929718,0.49620887637138367,0.006796396803110838,0.004125118255615234,0.0682646632194519
FisheyeCamera_1_00239_png.rf.d6a3e883bbb92412f2642432771f2d09.jpg,1,0.6090131998062134,0.49592703580856323,0.007974257692694664,0.0047815400175750256,0.06357717514038086
FisheyeCamera_1_00239_png.rf.d6a3e883bbb92412f2642432771f2d09.jpg,1,0.6126222014427185,0.4940043091773987,0.00729615893214941,0.006864694878458977,0.06356232613325119
FisheyeCamera_1_00239_png.rf.d6a3e883bbb92412f2642432771f2d09.jpg,0,0.5441767573356628,0.25262650847435,0.009769696742296219,0.0076250480487942696,0.032323699444532394
FisheyeCamera_1_00239_png.rf.d6a3e883bbb92412f2642432771f2d09.jpg,0,0.562995195388794,0.5022628903388977,0.019078439101576805,0.013442406430840492,0.03138059005141258
FisheyeCamera_1_00239_png.rf.d6a3e883bbb92412f2642432771f2d09.jpg,13,0.6012699604034424,0.5484941005706787,0.006019849330186844,0.007097391411662102,0.014063198119401932
FisheyeCamera_1_00239_png.rf.d6a3e883bbb92412f2642432771f2d09.jpg,1,0.6129642128944397,0.49097663164138794,0.007956578396260738,0.009247926995158195,0.008243431337177753
FisheyeCamera_1_00239_png.rf.d6a3e883bbb92412f2642432771f2d09.jpg,1,0.5169872045516968,0.5452638268470764,0.007903685793280602,0.007639591582119465,0.007587614469230175
FisheyeCamera_1_00239_png.rf.d6a3e883bbb92412f2642432771f2d09.jpg,1,0.5993262529373169,0.49616149067878723,0.008535752072930336,0.003932806197553873,0.007200554944574833
FisheyeCamera_1_00239_png.rf.d6a3e883bbb92412f2642432771f2d09.jpg,1,0.5466054081916809,0.2502267360687256,0.010236483998596668,0.008938605897128582,0.0066388449631631374
FisheyeCamera_1_00239_png.rf.d6a3e883bbb92412f2642432771f2d09.jpg,1,0.6190477013587952,0.493389368057251,0.01126113347709179,0.009346705861389637,0.005550135392695665
FisheyeCamera_1_00239_png.rf.d6a3e883bbb92412f2642432771f2d09.jpg,7,0.3839046061038971,0.5481452941894531,0.00734956469386816,0.009105426259338856,0.005309013649821281
FisheyeCamera_1_00239_png.rf.d6a3e883bbb92412f2642432771f2d09.jpg,7,0.5194259881973267,0.5451067686080933,0.007459897547960281,0.008432645350694656,0.005224413704127073
FisheyeCamera_1_00239_png.rf.d6a3e883bbb92412f2642432771f2d09.jpg,1,0.6077133417129517,0.4948144555091858,0.009461476467549801,0.005763201043009758,0.004505123943090439
FisheyeCamera_1_00239_png.rf.d6a3e883bbb92412f2642432771f2d09.jpg,0,0.5488330721855164,0.2522369623184204,0.011353053152561188,0.008366456255316734,0.0020582403521984816
FisheyeCamera_1_00239_png.rf.d6a3e883bbb92412f2642432771f2d09.jpg,0,0.5702642202377319,0.5111426115036011,0.011889385059475899,0.02679263800382614,0.0018802026752382517
FisheyeCamera_1_00239_png.rf.d6a3e883bbb92412f2642432771f2d09.jpg,13,0.598975419998169,0.5483766794204712,0.00655999593436718,0.006970075890421867,0.0018124276539310813
FisheyeCamera_1_00239_png.rf.d6a3e883bbb92412f2642432771f2d09.jpg,0,0.6037307977676392,0.5010513067245483,0.09413957595825195,0.0796065703034401,0.001659460598602891
FisheyeCamera_1_00239_png.rf.d6a3e883bbb92412f2642432771f2d09.jpg,1,0.5489833950996399,0.25013789534568787,0.010930134914815426,0.008737032301723957,0.0014847591519355774
FisheyeCamera_1_00239_png.rf.d6a3e883bbb92412f2642432771f2d09.jpg,0,0.591857373714447,0.4992802143096924,0.11531243473291397,0.09521561861038208,0.001390951918438077
FisheyeCamera_1_00239_png.rf.d6a3e883bbb92412f2642432771f2d09.jpg,13,0.5661504864692688,0.544516384601593,0.006194298155605793,0.008081693202257156,0.0013325035106390715
FisheyeCamera_1_00257_png.rf.fd48c32db227dac063bcd71340f4f334.jpg,13,0.7716546654701233,0.53504478931427,0.0060261948965489864,0.009472040459513664,0.7512734532356262
FisheyeCamera_1_00257_png.rf.fd48c32db227dac063bcd71340f4f334.jpg,0,0.7517499327659607,0.4547165632247925,0.026302117854356766,0.015397695824503899,0.7374311685562134
FisheyeCamera_1_00257_png.rf.fd48c32db227dac063bcd71340f4f334.jpg,1,0.6248500943183899,0.5402864217758179,0.005079342983663082,0.009176365099847317,0.32231512665748596
FisheyeCamera_1_00257_png.rf.fd48c32db227dac063bcd71340f4f334.jpg,0,0.6978148221969604,0.5308133959770203,0.004889048170298338,0.012540818192064762,0.29790639877319336
FisheyeCamera_1_00257_png.rf.fd48c32db227dac063bcd71340f4f334.jpg,1,0.6233929991722107,0.5414727330207825,0.005190409254282713,0.008782717399299145,0.294751912355423
FisheyeCamera_1_00257_png.rf.fd48c32db227dac063bcd71340f4f334.jpg,0,0.696882963180542,0.5305484533309937,0.0067624314688146114,0.012243454344570637,0.18894679844379425
FisheyeCamera_1_00257_png.rf.fd48c32db227dac063bcd71340f4f334.jpg,13,0.7719831466674805,0.5328457355499268,0.0061977095901966095,0.011812393553555012,0.04391278326511383
FisheyeCamera_1_00257_png.rf.fd48c32db227dac063bcd71340f4f334.jpg,1,0.6256517767906189,0.5414527058601379,0.007041271310299635,0.009032580070197582,0.04158986732363701
FisheyeCamera_1_00257_png.rf.fd48c32db227dac063bcd71340f4f334.jpg,0,0.7526659369468689,0.45637771487236023,0.03148394450545311,0.02235420048236847,0.023768974468111992
FisheyeCamera_1_00257_png.rf.fd48c32db227dac063bcd71340f4f334.jpg,0,0.7002009153366089,0.5301083326339722,0.007480254862457514,0.013374146074056625,0.020632226020097733
FisheyeCamera_1_00257_png.rf.fd48c32db227dac063bcd71340f4f334.jpg,0,0.3885938823223114,0.37401244044303894,0.775163471698761,0.7480248808860779,0.008147546090185642
FisheyeCamera_1_00257_png.rf.fd48c32db227dac063bcd71340f4f334.jpg,1,0.6595197916030884,0.5042430758476257,0.00955324899405241,0.0074855731800198555,0.005640824791043997
FisheyeCamera_1_00257_png.rf.fd48c32db227dac063bcd71340f4f334.jpg,1,0.22859372198581696,0.5201996564865112,0.007253958843648434,0.005209042690694332,0.00480011897161603
FisheyeCamera_1_00257_png.rf.fd48c32db227dac063bcd71340f4f334.jpg,1,0.6243832111358643,0.5420830845832825,0.004146062768995762,0.010525996796786785,0.0019176945788785815
FisheyeCamera_1_00257_png.rf.fd48c32db227dac063bcd71340f4f334.jpg,0,0.7572429776191711,0.4526158273220062,0.03065468743443489,0.018308786675333977,0.00186918955296278
FisheyeCamera_1_00257_png.rf.fd48c32db227dac063bcd71340f4f334.jpg,0,0.22971096634864807,0.5199301838874817,0.0074788243509829044,0.006947370711714029,0.001602274365723133
FisheyeCamera_1_00257_png.rf.fd48c32db227dac063bcd71340f4f334.jpg,0,0.7570547461509705,0.4545518457889557,0.03586094453930855,0.022547906264662743,0.0012117404257878661
FisheyeCamera_1_00282_png.rf.8432bcb7705139cd0bcd1421987aaff7.jpg,13,0.816967785358429,0.5224841237068176,0.014516464434564114,0.023189179599285126,0.9122194647789001
FisheyeCamera_1_00282_png.rf.8432bcb7705139cd0bcd1421987aaff7.jpg,0,0.595498263835907,0.5272881388664246,0.008589304983615875,0.020655155181884766,0.8631317019462585
FisheyeCamera_1_00282_png.rf.8432bcb7705139cd0bcd1421987aaff7.jpg,1,0.4717158079147339,0.538231611251831,0.00614287331700325,0.013540048152208328,0.55643230676651
FisheyeCamera_1_00282_png.rf.8432bcb7705139cd0bcd1421987aaff7.jpg,11,0.3846508264541626,0.5467226505279541,0.006086239591240883,0.009584170766174793,0.5382347702980042
FisheyeCamera_1_00282_png.rf.8432bcb7705139cd0bcd1421987aaff7.jpg,0,0.5920357704162598,0.5013574361801147,0.008295683190226555,0.007627010811120272,0.015909817069768906
FisheyeCamera_1_00282_png.rf.8432bcb7705139cd0bcd1421987aaff7.jpg,0,0.5913687944412231,0.5008455514907837,0.009661857970058918,0.009627892635762691,0.010638785548508167
FisheyeCamera_1_00282_png.rf.8432bcb7705139cd0bcd1421987aaff7.jpg,0,0.5921943783760071,0.5028676986694336,0.009125012904405594,0.011830403469502926,0.0059423926286399364
FisheyeCamera_1_00282_png.rf.8432bcb7705139cd0bcd1421987aaff7.jpg,1,0.311788946390152,0.5320466756820679,0.004900969099253416,0.011139392852783203,0.0032729795202612877
FisheyeCamera_1_00282_png.rf.8432bcb7705139cd0bcd1421987aaff7.jpg,11,0.3833571970462799,0.5466663837432861,0.008670806884765625,0.01051077526062727,0.002179207978770137
FisheyeCamera_1_00282_png.rf.8432bcb7705139cd0bcd1421987aaff7.jpg,1,0.5571672320365906,0.3837320804595947,0.8821700215339661,0.7657510638237,0.0016388405347242951
FisheyeCamera_1_00282_png.rf.8432bcb7705139cd0bcd1421987aaff7.jpg,1,0.9387206435203552,0.5092219114303589,0.00802627019584179,0.011303645558655262,0.0016033791471272707
FisheyeCamera_1_00282_png.rf.8432bcb7705139cd0bcd1421987aaff7.jpg,13,0.8154028654098511,0.5183143615722656,0.020989272743463516,0.03168656304478645,0.0012371711200103164
FisheyeCamera_1_00283_png.rf.e88cf39eb00a52dfcceb2fcfddf89260.jpg,13,0.8303986191749573,0.5194407105445862,0.014938868582248688,0.022579854354262352,0.8785249590873718
FisheyeCamera_1_00283_png.rf.e88cf39eb00a52dfcceb2fcfddf89260.jpg,0,0.5970644950866699,0.5265088677406311,0.008739728480577469,0.021557588130235672,0.8680813908576965
FisheyeCamera_1_00283_png.rf.e88cf39eb00a52dfcceb2fcfddf89260.jpg,11,0.3804365396499634,0.5465472340583801,0.006832966580986977,0.009219610132277012,0.7146424651145935
FisheyeCamera_1_00283_png.rf.e88cf39eb00a52dfcceb2fcfddf89260.jpg,1,0.4711773097515106,0.5384750962257385,0.005951368249952793,0.013927239924669266,0.47330841422080994
FisheyeCamera_1_00283_png.rf.e88cf39eb00a52dfcceb2fcfddf89260.jpg,1,0.47048142552375793,0.5390809178352356,0.0052684638649225235,0.012406166642904282,0.40791550278663635
FisheyeCamera_1_00283_png.rf.e88cf39eb00a52dfcceb2fcfddf89260.jpg,11,0.44874802231788635,0.54481041431427,0.008360018953680992,0.010633102618157864,0.011639459058642387
FisheyeCamera_1_00283_png.rf.e88cf39eb00a52dfcceb2fcfddf89260.jpg,0,0.597675621509552,0.5257387161254883,0.011984385550022125,0.024877842515707016,0.010114950127899647
FisheyeCamera_1_00283_png.rf.e88cf39eb00a52dfcceb2fcfddf89260.jpg,1,0.9518323540687561,0.5061298608779907,0.006567001808434725,0.009530141018331051,0.00954568013548851
FisheyeCamera_1_00283_png.rf.e88cf39eb00a52dfcceb2fcfddf89260.jpg,1,0.30675119161605835,0.5333355069160461,0.005448268260806799,0.012652654200792313,0.008341681212186813
FisheyeCamera_1_00283_png.rf.e88cf39eb00a52dfcceb2fcfddf89260.jpg,1,0.4491695463657379,0.544481635093689,0.00808587484061718,0.011243710294365883,0.006352499593049288
FisheyeCamera_1_00283_png.rf.e88cf39eb00a52dfcceb2fcfddf89260.jpg,0,0.5924544334411621,0.5012674331665039,0.008287319913506508,0.008246054872870445,0.002447160193696618
FisheyeCamera_1_00283_png.rf.e88cf39eb00a52dfcceb2fcfddf89260.jpg,1,0.3089224100112915,0.5332194566726685,0.006824438460171223,0.011608527973294258,0.0021260352805256844
FisheyeCamera_1_00283_png.rf.e88cf39eb00a52dfcceb2fcfddf89260.jpg,1,0.5667921900749207,0.37602072954177856,0.8594696521759033,0.7500965595245361,0.0011926356237381697
FisheyeCamera_1_00285_png.rf.cbc33d5d21aad4b5d0d195479cb4f9ef.jpg,0,0.5999719500541687,0.5237101912498474,0.01007575262337923,0.02261209487915039,0.8715509176254272
FisheyeCamera_1_00285_png.rf.cbc33d5d21aad4b5d0d195479cb4f9ef.jpg,13,0.8597972989082336,0.5146766901016235,0.015722788870334625,0.025430092588067055,0.8715334534645081
FisheyeCamera_1_00285_png.rf.cbc33d5d21aad4b5d0d195479cb4f9ef.jpg,11,0.3725917339324951,0.545060396194458,0.007014861796051264,0.009758252650499344,0.8378168940544128
FisheyeCamera_1_00285_png.rf.cbc33d5d21aad4b5d0d195479cb4f9ef.jpg,1,0.4666535556316376,0.538209080696106,0.007658041547983885,0.01326993852853775,0.43276625871658325
FisheyeCamera_1_00285_png.rf.cbc33d5d21aad4b5d0d195479cb4f9ef.jpg,1,0.43722379207611084,0.5428838133811951,0.009198116138577461,0.014275881461799145,0.034095119684934616
FisheyeCamera_1_00285_png.rf.cbc33d5d21aad4b5d0d195479cb4f9ef.jpg,1,0.46863964200019836,0.5379661917686462,0.008607571013271809,0.015083900652825832,0.032667480409145355
FisheyeCamera_1_00285_png.rf.cbc33d5d21aad4b5d0d195479cb4f9ef.jpg,1,0.4676007628440857,0.5395371913909912,0.006504315882921219,0.013366993516683578,0.011320593766868114
FisheyeCamera_1_00285_png.rf.cbc33d5d21aad4b5d0d195479cb4f9ef.jpg,0,0.5931529998779297,0.49710795283317566,0.011239639483392239,0.009838471189141273,0.010618257336318493
FisheyeCamera_1_00285_png.rf.cbc33d5d21aad4b5d0d195479cb4f9ef.jpg,11,0.4374989867210388,0.5429649353027344,0.008379899896681309,0.013426854275166988,0.00977541133761406
FisheyeCamera_1_00285_png.rf.cbc33d5d21aad4b5d0d195479cb4f9ef.jpg,1,0.5315768122673035,0.3769368529319763,0.9324554204940796,0.7523906826972961,0.005660603754222393
FisheyeCamera_1_00285_png.rf.cbc33d5d21aad4b5d0d195479cb4f9ef.jpg,0,0.5350905656814575,0.5075662136077881,0.01064047496765852,0.014316705986857414,0.0030270274728536606
FisheyeCamera_1_00285_png.rf.cbc33d5d21aad4b5d0d195479cb4f9ef.jpg,1,0.30028605461120605,0.5308499932289124,0.004676763899624348,0.011392227374017239,0.0024426800664514303
FisheyeCamera_1_00298_png.rf.a4bc4257abfe5a5f97a7ab4671d5a682.jpg,11,0.28716331720352173,0.538046658039093,0.009625508449971676,0.014276505447924137,0.9045217633247375
FisheyeCamera_1_00298_png.rf.a4bc4257abfe5a5f97a7ab4671d5a682.jpg,0,0.6275926828384399,0.5069857835769653,0.013351807370781898,0.032834384590387344,0.7520278692245483
FisheyeCamera_1_00298_png.rf.a4bc4257abfe5a5f97a7ab4671d5a682.jpg,1,0.43209534883499146,0.5323573350906372,0.007260029204189777,0.016637729480862617,0.6571980118751526
FisheyeCamera_1_00298_png.rf.a4bc4257abfe5a5f97a7ab4671d5a682.jpg,1,0.22994165122509003,0.5217375755310059,0.005142468959093094,0.014759981073439121,0.010294600389897823
FisheyeCamera_1_00298_png.rf.a4bc4257abfe5a5f97a7ab4671d5a682.jpg,0,0.5904483795166016,0.6068738698959351,0.011371979489922523,0.0096612349152565,0.003105208044871688
FisheyeCamera_1_00298_png.rf.a4bc4257abfe5a5f97a7ab4671d5a682.jpg,1,0.9582422375679016,0.5929700136184692,0.08351560682058334,0.7797495126724243,0.00256915926001966
FisheyeCamera_1_00298_png.rf.a4bc4257abfe5a5f97a7ab4671d5a682.jpg,1,0.5086765885353088,0.3797573447227478,0.9784749746322632,0.7585868239402771,0.0022072342690080404
FisheyeCamera_1_00298_png.rf.a4bc4257abfe5a5f97a7ab4671d5a682.jpg,1,0.4328502416610718,0.533684492111206,0.009344100952148438,0.015847647562623024,0.0013905519153922796
FisheyeCamera_1_00298_png.rf.a4bc4257abfe5a5f97a7ab4671d5a682.jpg,1,0.9357728362083435,0.6298165321350098,0.1284542828798294,0.74036705493927,0.0012608207762241364
FisheyeCamera_1_00298_png.rf.a4bc4257abfe5a5f97a7ab4671d5a682.jpg,0,0.5928847193717957,0.6066887974739075,0.010403083637356758,0.008313399739563465,0.0012585525400936604
FisheyeCamera_1_00298_png.rf.a4bc4257abfe5a5f97a7ab4671d5a682.jpg,1,0.9686267971992493,0.47942888736724854,0.06256778538227081,0.903367280960083,0.0012103577610105276
FisheyeCamera_1_00302_png.rf.89395bab7d8fb4a6da3324a58b3497cd.jpg,11,0.2530294358730316,0.5329012870788574,0.010489977896213531,0.016537079587578773,0.8454803824424744
FisheyeCamera_1_00302_png.rf.89395bab7d8fb4a6da3324a58b3497cd.jpg,1,0.4224552810192108,0.5302612781524658,0.0078114732168614864,0.017179159447550774,0.6805301308631897
FisheyeCamera_1_00302_png.rf.89395bab7d8fb4a6da3324a58b3497cd.jpg,0,0.6499041318893433,0.4964684844017029,0.01612054370343685,0.03936588019132614,0.6082475781440735
FisheyeCamera_1_00302_png.rf.89395bab7d8fb4a6da3324a58b3497cd.jpg,1,0.6493825316429138,0.49708500504493713,0.015783676877617836,0.040217142552137375,0.19253890216350555
FisheyeCamera_1_00302_png.rf.89395bab7d8fb4a6da3324a58b3497cd.jpg,0,0.6079816222190857,0.47002512216567993,0.014964434318244457,0.013124686665832996,0.10645382106304169
FisheyeCamera_1_00302_png.rf.89395bab7d8fb4a6da3324a58b3497cd.jpg,1,0.20913322269916534,0.5176193118095398,0.005746108014136553,0.017656657844781876,0.01375232171267271
FisheyeCamera_1_00302_png.rf.89395bab7d8fb4a6da3324a58b3497cd.jpg,1,0.20711873471736908,0.5180739164352417,0.006105478387326002,0.016088595613837242,0.0072451005689799786
FisheyeCamera_1_00302_png.rf.89395bab7d8fb4a6da3324a58b3497cd.jpg,1,0.9588109254837036,0.602085292339325,0.08237824589014053,0.7612617611885071,0.0030550139490514994
FisheyeCamera_1_00302_png.rf.89395bab7d8fb4a6da3324a58b3497cd.jpg,1,0.9671794176101685,0.4982818365097046,0.06549116224050522,0.9092647433280945,0.002245881361886859
FisheyeCamera_1_00302_png.rf.89395bab7d8fb4a6da3324a58b3497cd.jpg,1,0.9335013628005981,0.6352337598800659,0.1329973042011261,0.7295326590538025,0.0013170475140213966
FisheyeCamera_1_00302_png.rf.89395bab7d8fb4a6da3324a58b3497cd.jpg,1,0.4384882152080536,0.5215193033218384,0.005626605357974768,0.0073627326637506485,0.0013137331698089838
FisheyeCamera_1_00314_png.rf.f10aa9e570183b2892515007c415b9cf.jpg,11,0.13338980078697205,0.5146453380584717,0.013866810128092766,0.025050604715943336,0.8761082887649536
FisheyeCamera_1_00314_png.rf.f10aa9e570183b2892515007c415b9cf.jpg,1,0.42950037121772766,0.5226839184761047,0.009141151793301105,0.024422425776720047,0.775895893573761
FisheyeCamera_1_00314_png.rf.f10aa9e570183b2892515007c415b9cf.jpg,0,0.8702391386032104,0.40812787413597107,0.03703535720705986,0.0882648378610611,0.573857307434082
FisheyeCamera_1_00314_png.rf.f10aa9e570183b2892515007c415b9cf.jpg,1,0.1730290800333023,0.5107167959213257,0.007104763761162758,0.020300792530179024,0.08042655885219574
FisheyeCamera_1_00314_png.rf.f10aa9e570183b2892515007c415b9cf.jpg,1,0.8704873323440552,0.4079284965991974,0.03615863621234894,0.08672208338975906,0.02948101796209812
FisheyeCamera_1_00314_png.rf.f10aa9e570183b2892515007c415b9cf.jpg,0,0.6194514632225037,0.26558929681777954,0.014557618647813797,0.013853844255208969,0.01579548418521881
FisheyeCamera_1_00314_png.rf.f10aa9e570183b2892515007c415b9cf.jpg,1,0.42890194058418274,0.5226423144340515,0.012522698380053043,0.026090623810887337,0.011109260842204094
FisheyeCamera_1_00314_png.rf.f10aa9e570183b2892515007c415b9cf.jpg,12,0.24422195553779602,0.5403406023979187,0.004980912897735834,0.0074574765749275684,0.0023536134976893663
FisheyeCamera_1_00314_png.rf.f10aa9e570183b2892515007c415b9cf.jpg,1,0.95975261926651,0.4959562420845032,0.08049473911523819,0.9388453960418701,0.002012977609410882
FisheyeCamera_1_00314_png.rf.f10aa9e570183b2892515007c415b9cf.jpg,0,0.6193305253982544,0.26487764716148376,0.019950611516833305,0.020628398284316063,0.0015954108675941825
FisheyeCamera_1_00314_png.rf.f10aa9e570183b2892515007c415b9cf.jpg,9,0.8604410886764526,0.1248382106423378,0.055173877626657486,0.07096735388040543,0.0014852654421702027
FisheyeCamera_1_00314_png.rf.f10aa9e570183b2892515007c415b9cf.jpg,13,0.8785889148712158,0.513145923614502,0.00849393755197525,0.013731003738939762,0.0014224062906578183
FisheyeCamera_1_00314_png.rf.f10aa9e570183b2892515007c415b9cf.jpg,12,0.2444514036178589,0.542233407497406,0.0052905818447470665,0.008364860899746418,0.0013221551198512316
FisheyeCamera_1_00314_png.rf.f10aa9e570183b2892515007c415b9cf.jpg,1,0.964564859867096,0.5900704264640808,0.07081545889377594,0.7340232133865356,0.0012581712799146771
FisheyeCamera_1_00314_png.rf.f10aa9e570183b2892515007c415b9cf.jpg,0,0.17391091585159302,0.5093357563018799,0.007280148100107908,0.017008891329169273,0.0011336661409586668
FisheyeCamera_1_00315_png.rf.14c625eca5ff0f371a2459cb470b6dd5.jpg,11,0.12288080900907516,0.511102557182312,0.013985313475131989,0.02576039545238018,0.7848324775695801
FisheyeCamera_1_00315_png.rf.14c625eca5ff0f371a2459cb470b6dd5.jpg,1,0.43255800008773804,0.5210409164428711,0.010196356102824211,0.025071805343031883,0.7596817016601562
FisheyeCamera_1_00315_png.rf.14c625eca5ff0f371a2459cb470b6dd5.jpg,0,0.9040073752403259,0.39076900482177734,0.03396137058734894,0.09521470218896866,0.6697954535484314
FisheyeCamera_1_00315_png.rf.14c625eca5ff0f371a2459cb470b6dd5.jpg,1,0.17179317772388458,0.5102137923240662,0.007300358731299639,0.019544601440429688,0.006034145597368479
FisheyeCamera_1_00315_png.rf.14c625eca5ff0f371a2459cb470b6dd5.jpg,1,0.95772784948349,0.48125869035720825,0.08454440534114838,0.9167262315750122,0.004243472591042519
FisheyeCamera_1_00315_png.rf.14c625eca5ff0f371a2459cb470b6dd5.jpg,12,0.24643249809741974,0.5401374697685242,0.004713480360805988,0.006793976295739412,0.00386603781953454
FisheyeCamera_1_00315_png.rf.14c625eca5ff0f371a2459cb470b6dd5.jpg,0,0.17160308361053467,0.5101635456085205,0.0072382050566375256,0.01941758021712303,0.0027197033632546663
FisheyeCamera_1_00315_png.rf.14c625eca5ff0f371a2459cb470b6dd5.jpg,0,0.5043004155158997,0.3928943872451782,0.9823123812675476,0.7840919494628906,0.0027145592030137777
FisheyeCamera_1_00315_png.rf.14c625eca5ff0f371a2459cb470b6dd5.jpg,1,0.9214737415313721,0.4982677102088928,0.15705248713493347,0.9888688921928406,0.0023972427006810904
FisheyeCamera_1_00315_png.rf.14c625eca5ff0f371a2459cb470b6dd5.jpg,8,0.781393826007843,0.1523900330066681,0.03644261136651039,0.07944297790527344,0.0018454301171004772
FisheyeCamera_1_00315_png.rf.14c625eca5ff0f371a2459cb470b6dd5.jpg,1,0.9637649655342102,0.5691307783126831,0.07234382629394531,0.7460155487060547,0.0013401263859122992
FisheyeCamera_1_00351_png.rf.0c9f77a62c69eb9b4b91da5b1454eda5.jpg,12,0.442228764295578,0.5468748211860657,0.008355654776096344,0.01020292192697525,0.6158521175384521
FisheyeCamera_1_00351_png.rf.0c9f77a62c69eb9b4b91da5b1454eda5.jpg,13,0.21523845195770264,0.5318030118942261,0.007093430031090975,0.011448237113654613,0.5792118906974792
FisheyeCamera_1_00351_png.rf.0c9f77a62c69eb9b4b91da5b1454eda5.jpg,13,0.21425507962703705,0.5325263738632202,0.006705412641167641,0.011494710110127926,0.5482249855995178
FisheyeCamera_1_00351_png.rf.0c9f77a62c69eb9b4b91da5b1454eda5.jpg,0,0.17658564448356628,0.4843601882457733,0.014792975038290024,0.034665293991565704,0.18544334173202515
FisheyeCamera_1_00351_png.rf.0c9f77a62c69eb9b4b91da5b1454eda5.jpg,1,0.4215381145477295,0.3262246251106262,0.8306941390037537,0.6524492502212524,0.02219579555094242
FisheyeCamera_1_00351_png.rf.0c9f77a62c69eb9b4b91da5b1454eda5.jpg,13,0.21705298125743866,0.532157301902771,0.009915975853800774,0.01229234877973795,0.01356304157525301
FisheyeCamera_1_00351_png.rf.0c9f77a62c69eb9b4b91da5b1454eda5.jpg,1,0.1269257813692093,0.7199465036392212,0.017862733453512192,0.015254461206495762,0.00455435598269105
FisheyeCamera_1_00351_png.rf.0c9f77a62c69eb9b4b91da5b1454eda5.jpg,12,0.44135138392448425,0.5484542846679688,0.008544554933905602,0.011757924221456051,0.0029349196702241898
FisheyeCamera_1_00351_png.rf.0c9f77a62c69eb9b4b91da5b1454eda5.jpg,1,0.6074960827827454,0.366269052028656,0.7837133407592773,0.730220377445221,0.002780385548248887
FisheyeCamera_1_00351_png.rf.0c9f77a62c69eb9b4b91da5b1454eda5.jpg,9,0.17711232602596283,0.4848760664463043,0.013914365321397781,0.03509114310145378,0.002490342129021883
FisheyeCamera_1_00351_png.rf.0c9f77a62c69eb9b4b91da5b1454eda5.jpg,1,0.06163831800222397,0.5270543098449707,0.12327663600444794,0.9458914995193481,0.0021806901786476374
FisheyeCamera_1_00351_png.rf.0c9f77a62c69eb9b4b91da5b1454eda5.jpg,1,0.1765563040971756,0.4858941435813904,0.013703291304409504,0.038006968796253204,0.001671432051807642
FisheyeCamera_1_00351_png.rf.0c9f77a62c69eb9b4b91da5b1454eda5.jpg,0,0.0898282378911972,0.49745985865592957,0.00787957850843668,0.007013577967882156,0.0015698906499892473
FisheyeCamera_1_00364_png.rf.a9a2ae260182758dd32759d27a3f08ae.jpg,12,0.5208724737167358,0.5415226221084595,0.01288975216448307,0.018494533374905586,0.747767984867096
FisheyeCamera_1_00364_png.rf.a9a2ae260182758dd32759d27a3f08ae.jpg,13,0.18658962845802307,0.526496171951294,0.010789688676595688,0.01787673495709896,0.7464159727096558
FisheyeCamera_1_00364_png.rf.a9a2ae260182758dd32759d27a3f08ae.jpg,1,0.0607469417154789,0.5214672088623047,0.1214938834309578,0.9570657014846802,0.0028382837772369385
FisheyeCamera_1_00364_png.rf.a9a2ae260182758dd32759d27a3f08ae.jpg,1,0.5193145871162415,0.37778133153915405,0.9572669267654419,0.7546551823616028,0.002364860149100423
FisheyeCamera_1_00364_png.rf.a9a2ae260182758dd32759d27a3f08ae.jpg,1,0.0966963917016983,0.5055510401725769,0.19324477016925812,0.9888980388641357,0.0018538135336712003
FisheyeCamera_1_00364_png.rf.a9a2ae260182758dd32759d27a3f08ae.jpg,13,0.18484462797641754,0.5274629592895508,0.011932446621358395,0.017862247303128242,0.0012439590645954013
FisheyeCamera_1_00382_png.rf.da9f23f9bb25ab0a204cb881a5ccf798.jpg,13,0.0556945838034153,0.4979482889175415,0.014743887819349766,0.02842334657907486,0.8874626159667969
FisheyeCamera_1_00382_png.rf.da9f23f9bb25ab0a204cb881a5ccf798.jpg,0,0.21483249962329865,0.5135403275489807,0.007180599495768547,0.007282257545739412,0.0071381875313818455
FisheyeCamera_1_00382_png.rf.da9f23f9bb25ab0a204cb881a5ccf798.jpg,0,0.21500544250011444,0.511078417301178,0.007263184059411287,0.00850802194327116,0.006453814450651407
FisheyeCamera_1_00382_png.rf.da9f23f9bb25ab0a204cb881a5ccf798.jpg,1,0.053186990320682526,0.5507384538650513,0.10637398064136505,0.898523211479187,0.0032880923245102167
FisheyeCamera_1_00382_png.rf.da9f23f9bb25ab0a204cb881a5ccf798.jpg,10,0.11793410032987595,0.5081071257591248,0.015870442613959312,0.02460058033466339,0.0021454021334648132
FisheyeCamera_1_00382_png.rf.da9f23f9bb25ab0a204cb881a5ccf798.jpg,0,0.21419379115104675,0.5133100748062134,0.0062892804853618145,0.005383418407291174,0.0020451690070331097
FisheyeCamera_1_00382_png.rf.da9f23f9bb25ab0a204cb881a5ccf798.jpg,1,0.40700799226760864,0.28495529294013977,0.8046934604644775,0.5671952366828918,0.0013125132536515594
FisheyeCamera_1_00454_png.rf.69544c267e97e6de7d8ff36d70f8a8f6.jpg,3,0.8009273409843445,0.5221766829490662,0.01363886334002018,0.022097405046224594,0.789258599281311
FisheyeCamera_1_00454_png.rf.69544c267e97e6de7d8ff36d70f8a8f6.jpg,13,0.8009639382362366,0.524052619934082,0.012300125323235989,0.022177770733833313,0.330147385597229
FisheyeCamera_1_00454_png.rf.69544c267e97e6de7d8ff36d70f8a8f6.jpg,1,0.682303249835968,0.46195560693740845,0.0074925790540874004,0.006287648342549801,0.13349124789237976
FisheyeCamera_1_00454_png.rf.69544c267e97e6de7d8ff36d70f8a8f6.jpg,1,0.6832681894302368,0.4629404544830322,0.009295097552239895,0.008170532062649727,0.08779345452785492
FisheyeCamera_1_00454_png.rf.69544c267e97e6de7d8ff36d70f8a8f6.jpg,1,0.6840338706970215,0.461140900850296,0.008888098411262035,0.008943264372646809,0.07315970957279205
FisheyeCamera_1_00454_png.rf.69544c267e97e6de7d8ff36d70f8a8f6.jpg,0,0.7300055623054504,0.4606751501560211,0.021775539964437485,0.01278312411159277,0.05981016531586647
FisheyeCamera_1_00454_png.rf.69544c267e97e6de7d8ff36d70f8a8f6.jpg,0,0.7333961129188538,0.4591238796710968,0.022772349417209625,0.014238504692912102,0.057273682206869125
FisheyeCamera_1_00454_png.rf.69544c267e97e6de7d8ff36d70f8a8f6.jpg,1,0.6838834285736084,0.46162423491477966,0.007867446169257164,0.006349197123199701,0.02750968560576439
FisheyeCamera_1_00454_png.rf.69544c267e97e6de7d8ff36d70f8a8f6.jpg,0,0.7260041236877441,0.46117380261421204,0.01632169634103775,0.013162907212972641,0.00898159109055996
FisheyeCamera_1_00454_png.rf.69544c267e97e6de7d8ff36d70f8a8f6.jpg,0,0.7309033870697021,0.48229292035102844,0.007804650813341141,0.006932955700904131,0.005577068775892258
FisheyeCamera_1_00454_png.rf.69544c267e97e6de7d8ff36d70f8a8f6.jpg,1,0.7277006506919861,0.4849874675273895,0.008892280049622059,0.005559481214731932,0.003969974350184202
FisheyeCamera_1_00454_png.rf.69544c267e97e6de7d8ff36d70f8a8f6.jpg,0,0.7308271527290344,0.46076416969299316,0.025313451886177063,0.016039151698350906,0.0038033684249967337
FisheyeCamera_1_00454_png.rf.69544c267e97e6de7d8ff36d70f8a8f6.jpg,1,0.731865406036377,0.48430195450782776,0.007157986052334309,0.0061204987578094006,0.0028206752613186836
FisheyeCamera_1_00454_png.rf.69544c267e97e6de7d8ff36d70f8a8f6.jpg,1,0.7233978509902954,0.4857731759548187,0.007470204494893551,0.005100177135318518,0.0016427155351266265
FisheyeCamera_1_00454_png.rf.69544c267e97e6de7d8ff36d70f8a8f6.jpg,1,0.9838069677352905,0.47954854369163513,0.03170930594205856,0.42915549874305725,0.0011848056456074119
FisheyeCamera_1_00454_png.rf.69544c267e97e6de7d8ff36d70f8a8f6.jpg,1,0.6813904047012329,0.4649497866630554,0.007604746147990227,0.012547163292765617,0.001011804910376668
FisheyeCamera_1_00471_png.rf.eb0a04fb4ec3ae41bf4b96e27bd5d26d.jpg,0,0.5194552540779114,0.4582985043525696,0.03743615746498108,0.09255358576774597,0.8903985023498535
FisheyeCamera_1_00471_png.rf.eb0a04fb4ec3ae41bf4b96e27bd5d26d.jpg,0,0.34134504199028015,0.45827001333236694,0.033392541110515594,0.08631464838981628,0.8365364074707031
FisheyeCamera_1_00471_png.rf.eb0a04fb4ec3ae41bf4b96e27bd5d26d.jpg,0,0.5939569473266602,0.46513035893440247,0.008648799732327461,0.006728979293256998,0.004310604650527239
FisheyeCamera_1_00471_png.rf.eb0a04fb4ec3ae41bf4b96e27bd5d26d.jpg,1,0.3046010434627533,0.46787431836128235,0.010590223595499992,0.010166865773499012,0.001816186704672873
FisheyeCamera_1_00471_png.rf.eb0a04fb4ec3ae41bf4b96e27bd5d26d.jpg,1,0.4386022090911865,0.33042803406715393,0.8702530264854431,0.6601099967956543,0.0015153663698583841
FisheyeCamera_1_00476_png.rf.9039468fbc1dab58476b697e479807f8.jpg,0,0.5347172021865845,0.3858180642127991,0.07129918783903122,0.14851658046245575,0.868757426738739
FisheyeCamera_1_00476_png.rf.9039468fbc1dab58476b697e479807f8.jpg,0,0.2526343762874603,0.40209195017814636,0.05161914601922035,0.13422812521457672,0.6332527995109558
FisheyeCamera_1_00476_png.rf.9039468fbc1dab58476b697e479807f8.jpg,1,0.5339756011962891,0.3850421905517578,0.06847840547561646,0.14616523683071136,0.06328955292701721
FisheyeCamera_1_00476_png.rf.9039468fbc1dab58476b697e479807f8.jpg,0,0.24904654920101166,0.4187701344490051,0.03990338370203972,0.09651646763086319,0.04228253662586212
FisheyeCamera_1_00476_png.rf.9039468fbc1dab58476b697e479807f8.jpg,1,0.516724705696106,0.3045022487640381,0.9173601865768433,0.6083186268806458,0.0025474142748862505
FisheyeCamera_1_00476_png.rf.9039468fbc1dab58476b697e479807f8.jpg,12,0.5350516438484192,0.38881251215934753,0.07570681720972061,0.1443154662847519,0.0012673927703872323
FisheyeCamera_1_00479_png.rf.f7e77b725ba1e70b5dc8b0697e0b1f92.jpg,3,0.9322534203529358,0.5017240643501282,0.014518004842102528,0.02802225388586521,0.9408802390098572
FisheyeCamera_1_00479_png.rf.f7e77b725ba1e70b5dc8b0697e0b1f92.jpg,0,0.5025103688240051,0.4171161949634552,0.017310474067926407,0.011546429246664047,0.5764012932777405
FisheyeCamera_1_00479_png.rf.f7e77b725ba1e70b5dc8b0697e0b1f92.jpg,1,0.5045019388198853,0.474308043718338,0.00555419921875,0.007411076687276363,0.0792260393500328
FisheyeCamera_1_00479_png.rf.f7e77b725ba1e70b5dc8b0697e0b1f92.jpg,1,0.5041818618774414,0.47567659616470337,0.0063062082044780254,0.007204862777143717,0.030343128368258476
FisheyeCamera_1_00479_png.rf.f7e77b725ba1e70b5dc8b0697e0b1f92.jpg,1,0.510221540927887,0.47428539395332336,0.008469214662909508,0.006196682341396809,0.02573247440159321
FisheyeCamera_1_00479_png.rf.f7e77b725ba1e70b5dc8b0697e0b1f92.jpg,1,0.5069245100021362,0.47420620918273926,0.008302872069180012,0.006382245570421219,0.0213179811835289
FisheyeCamera_1_00479_png.rf.f7e77b725ba1e70b5dc8b0697e0b1f92.jpg,1,0.7330196499824524,0.40280094742774963,0.04301870986819267,0.023577507585287094,0.008657884784042835
FisheyeCamera_1_00479_png.rf.f7e77b725ba1e70b5dc8b0697e0b1f92.jpg,0,0.5021381974220276,0.417605996131897,0.021948007866740227,0.019095825031399727,0.006241434253752232
FisheyeCamera_1_00479_png.rf.f7e77b725ba1e70b5dc8b0697e0b1f92.jpg,0,0.9806548357009888,0.49455416202545166,0.0383140854537487,0.43813252449035645,0.00221681478433311
FisheyeCamera_1_00479_png.rf.f7e77b725ba1e70b5dc8b0697e0b1f92.jpg,1,0.5063914656639099,0.47150880098342896,0.007460630964487791,0.010293740779161453,0.0016811832319945097
FisheyeCamera_1_00479_png.rf.f7e77b725ba1e70b5dc8b0697e0b1f92.jpg,1,0.9806355834007263,0.478739857673645,0.0383991114795208,0.43757373094558716,0.0015159350587055087
FisheyeCamera_1_00479_png.rf.f7e77b725ba1e70b5dc8b0697e0b1f92.jpg,1,0.03155623748898506,0.6611654162406921,0.06278921663761139,0.4239647686481476,0.0012892951490357518
FisheyeCamera_1_00479_png.rf.f7e77b725ba1e70b5dc8b0697e0b1f92.jpg,1,0.5087235569953918,0.3084678053855896,0.9665831327438354,0.6167252063751221,0.0012283220421522856
FisheyeCamera_1_00479_png.rf.f7e77b725ba1e70b5dc8b0697e0b1f92.jpg,1,0.49973657727241516,0.4757576882839203,0.009780113585293293,0.007538722362369299,0.0010690835770219564
FisheyeCamera_1_00480_png.rf.ff94615495e0c4eb7cd3a1cfce3cf2cd.jpg,3,0.9514217972755432,0.49631527066230774,0.016605157405138016,0.02982352487742901,0.923255205154419
FisheyeCamera_1_00480_png.rf.ff94615495e0c4eb7cd3a1cfce3cf2cd.jpg,0,0.5040619373321533,0.4123513400554657,0.017791198566555977,0.011420213617384434,0.565854549407959
FisheyeCamera_1_00480_png.rf.ff94615495e0c4eb7cd3a1cfce3cf2cd.jpg,0,0.5039102435112,0.41258934140205383,0.019931793212890625,0.014999023638665676,0.5009860992431641
FisheyeCamera_1_00480_png.rf.ff94615495e0c4eb7cd3a1cfce3cf2cd.jpg,1,0.5045241713523865,0.4722893238067627,0.008030194789171219,0.007096841000020504,0.23957128822803497
FisheyeCamera_1_00480_png.rf.ff94615495e0c4eb7cd3a1cfce3cf2cd.jpg,1,0.5062463283538818,0.47264334559440613,0.010419479571282864,0.008876287378370762,0.07481484860181808
FisheyeCamera_1_00480_png.rf.ff94615495e0c4eb7cd3a1cfce3cf2cd.jpg,1,0.506130039691925,0.4709309935569763,0.009494928643107414,0.008932444266974926,0.06669391691684723
FisheyeCamera_1_00480_png.rf.ff94615495e0c4eb7cd3a1cfce3cf2cd.jpg,1,0.5090128779411316,0.4729405343532562,0.011180181056261063,0.00843290239572525,0.024497391656041145
FisheyeCamera_1_00480_png.rf.ff94615495e0c4eb7cd3a1cfce3cf2cd.jpg,1,0.5082192420959473,0.4712928831577301,0.011681043542921543,0.009396516717970371,0.007553729694336653
FisheyeCamera_1_00480_png.rf.ff94615495e0c4eb7cd3a1cfce3cf2cd.jpg,7,0.8110009431838989,0.35569503903388977,0.00993464607745409,0.027039969339966774,0.002787580480799079
FisheyeCamera_1_00480_png.rf.ff94615495e0c4eb7cd3a1cfce3cf2cd.jpg,1,0.504438579082489,0.4741358458995819,0.009334051050245762,0.01030236016958952,0.0021256478503346443
FisheyeCamera_1_00480_png.rf.ff94615495e0c4eb7cd3a1cfce3cf2cd.jpg,1,0.508743166923523,0.30576416850090027,0.9660563468933105,0.6111579537391663,0.001471997587941587
FisheyeCamera_1_00509_png.rf.a4fdcf5053bc422a3b30b4cef69e5ea6.jpg,0,0.5090106129646301,0.3173854649066925,0.03187854588031769,0.019345982000231743,0.5928901433944702
FisheyeCamera_1_00509_png.rf.a4fdcf5053bc422a3b30b4cef69e5ea6.jpg,1,0.5091864466667175,0.31762734055519104,0.03054145723581314,0.019017918035387993,0.555902361869812
FisheyeCamera_1_00509_png.rf.a4fdcf5053bc422a3b30b4cef69e5ea6.jpg,12,0.6386680006980896,0.545891284942627,0.007106634322553873,0.009902588091790676,0.09170711785554886
FisheyeCamera_1_00509_png.rf.a4fdcf5053bc422a3b30b4cef69e5ea6.jpg,13,0.6380618214607239,0.5452569127082825,0.009172660298645496,0.008583692833781242,0.04665287956595421
FisheyeCamera_1_00509_png.rf.a4fdcf5053bc422a3b30b4cef69e5ea6.jpg,13,0.6394506692886353,0.5449420809745789,0.008720031939446926,0.00968412309885025,0.03606177493929863
FisheyeCamera_1_00509_png.rf.a4fdcf5053bc422a3b30b4cef69e5ea6.jpg,1,0.03044048510491848,0.6614331603050232,0.060564350336790085,0.4305209219455719,0.0013031382113695145
FisheyeCamera_1_00509_png.rf.a4fdcf5053bc422a3b30b4cef69e5ea6.jpg,1,0.9838961362838745,0.4964580833911896,0.031512849032878876,0.42830905318260193,0.0012477166019380093
FisheyeCamera_1_00509_png.rf.a4fdcf5053bc422a3b30b4cef69e5ea6.jpg,1,0.10984013229608536,0.5029464364051819,0.21968026459217072,0.994107186794281,0.0010062495712190866
FisheyeCamera_1_00587_png.rf.8f637c2480c931d014f8cc2877541abd.jpg,4,0.5368766784667969,0.5481398105621338,0.007248585112392902,0.008692924864590168,0.3414660394191742
FisheyeCamera_1_00587_png.rf.8f637c2480c931d014f8cc2877541abd.jpg,1,0.6342678070068359,0.4890751540660858,0.009578118100762367,0.007125964853912592,0.2619943916797638
FisheyeCamera_1_00587_png.rf.8f637c2480c931d014f8cc2877541abd.jpg,1,0.6337100267410278,0.4900372326374054,0.008464519865810871,0.00665972800925374,0.11218345165252686
FisheyeCamera_1_00587_png.rf.8f637c2480c931d014f8cc2877541abd.jpg,12,0.537020206451416,0.5478272438049316,0.007920962758362293,0.00914636068046093,0.0711023285984993
FisheyeCamera_1_00587_png.rf.8f637c2480c931d014f8cc2877541abd.jpg,12,0.5390887260437012,0.5478547215461731,0.008427436463534832,0.009196869097650051,0.02111477218568325
FisheyeCamera_1_00587_png.rf.8f637c2480c931d014f8cc2877541abd.jpg,1,0.6339470744132996,0.4915544390678406,0.009044281207025051,0.008714419789612293,0.003325029509142041
FisheyeCamera_1_00587_png.rf.8f637c2480c931d014f8cc2877541abd.jpg,1,0.1277141571044922,0.720113217830658,0.019411757588386536,0.015376385301351547,0.0018347837030887604
FisheyeCamera_1_00587_png.rf.8f637c2480c931d014f8cc2877541abd.jpg,1,0.0616489015519619,0.5383747816085815,0.1232978031039238,0.9232504367828369,0.0015980531461536884
FisheyeCamera_1_00587_png.rf.8f637c2480c931d014f8cc2877541abd.jpg,1,0.6342485547065735,0.4914591312408447,0.011383937671780586,0.011289047077298164,0.0015659343916922808
FisheyeCamera_1_00594_png.rf.dc0e60f4633360af03461b14c31a1454.jpg,4,0.520363986492157,0.5467486381530762,0.007971837185323238,0.01138280052691698,0.7882726192474365
FisheyeCamera_1_00594_png.rf.dc0e60f4633360af03461b14c31a1454.jpg,1,0.6256762742996216,0.4825901687145233,0.008785981684923172,0.007347987499088049,0.2674769163131714
FisheyeCamera_1_00594_png.rf.dc0e60f4633360af03461b14c31a1454.jpg,1,0.6273691058158875,0.48350799083709717,0.00895192101597786,0.007106084376573563,0.1670788824558258
FisheyeCamera_1_00594_png.rf.dc0e60f4633360af03461b14c31a1454.jpg,1,0.6296095848083496,0.48316118121147156,0.009795555844902992,0.0077580674551427364,0.08136219531297684
FisheyeCamera_1_00594_png.rf.dc0e60f4633360af03461b14c31a1454.jpg,1,0.624785840511322,0.4838828444480896,0.009287540800869465,0.007530249189585447,0.06650977581739426
FisheyeCamera_1_00594_png.rf.dc0e60f4633360af03461b14c31a1454.jpg,1,0.6295890808105469,0.4812413454055786,0.01014085952192545,0.008803808130323887,0.014609057456254959
FisheyeCamera_1_00594_png.rf.dc0e60f4633360af03461b14c31a1454.jpg,1,0.6278797388076782,0.4812776446342468,0.009799957275390625,0.008960540406405926,0.01111606229096651
FisheyeCamera_1_00594_png.rf.dc0e60f4633360af03461b14c31a1454.jpg,1,0.7396540641784668,0.18439777195453644,0.026971964165568352,0.06464412808418274,0.0014495805371552706
FisheyeCamera_1_00594_png.rf.dc0e60f4633360af03461b14c31a1454.jpg,1,0.591772198677063,0.48584654927253723,0.006002939771860838,0.005358255933970213,0.0014163857558742166
FisheyeCamera_1_00594_png.rf.dc0e60f4633360af03461b14c31a1454.jpg,1,0.4443588852882385,0.3242988586425781,0.8810811638832092,0.6476264595985413,0.0013956465991213918
FisheyeCamera_1_00594_png.rf.dc0e60f4633360af03461b14c31a1454.jpg,1,0.06120361015200615,0.5411900281906128,0.1224072203040123,0.9176200032234192,0.0013060643104836345
FisheyeCamera_1_00594_png.rf.dc0e60f4633360af03461b14c31a1454.jpg,1,0.1268569976091385,0.7195184230804443,0.018946556374430656,0.016513604670763016,0.0010454511502757668
FisheyeCamera_1_00594_png.rf.dc0e60f4633360af03461b14c31a1454.jpg,1,0.964750349521637,0.5699759721755981,0.07049935311079025,0.8234620690345764,0.0010051012504845858
FisheyeCamera_1_00600_png.rf.99bc40dcb86cb45b4425a2604dd3cd8d.jpg,4,0.4966030418872833,0.5447843670845032,0.009801608510315418,0.01429480779916048,0.7569042444229126
FisheyeCamera_1_00600_png.rf.99bc40dcb86cb45b4425a2604dd3cd8d.jpg,1,0.6174375414848328,0.47399863600730896,0.009028105065226555,0.0064479392021894455,0.16758166253566742
FisheyeCamera_1_00600_png.rf.99bc40dcb86cb45b4425a2604dd3cd8d.jpg,1,0.6202086210250854,0.47376757860183716,0.009551121853291988,0.0068155438639223576,0.14875853061676025
FisheyeCamera_1_00600_png.rf.99bc40dcb86cb45b4425a2604dd3cd8d.jpg,1,0.616196870803833,0.4757329821586609,0.009057192131876945,0.0072107682935893536,0.1066148579120636
FisheyeCamera_1_00600_png.rf.99bc40dcb86cb45b4425a2604dd3cd8d.jpg,1,0.6175315976142883,0.47147291898727417,0.009271988645195961,0.00953920092433691,0.0039106253534555435
FisheyeCamera_1_00600_png.rf.99bc40dcb86cb45b4425a2604dd3cd8d.jpg,1,0.6201373338699341,0.4715622663497925,0.010152670554816723,0.009611827321350574,0.0028723382856696844
FisheyeCamera_1_00600_png.rf.99bc40dcb86cb45b4425a2604dd3cd8d.jpg,1,0.5160304307937622,0.3070141673088074,0.9437696933746338,0.6140283346176147,0.001356321619823575
FisheyeCamera_1_00600_png.rf.99bc40dcb86cb45b4425a2604dd3cd8d.jpg,1,0.06254149973392487,0.5443325042724609,0.12508299946784973,0.9113350510597229,0.0011299147736281157
FisheyeCamera_1_00604_png.rf.fd483074d74e8bee0d71bb87e77ab3ef.jpg,4,0.4730585813522339,0.5428861379623413,0.01162096206098795,0.017062518745660782,0.7330246567726135
FisheyeCamera_1_00604_png.rf.fd483074d74e8bee0d71bb87e77ab3ef.jpg,1,0.604650616645813,0.4694216251373291,0.008935158140957355,0.0061832210049033165,0.5769432783126831
FisheyeCamera_1_00604_png.rf.fd483074d74e8bee0d71bb87e77ab3ef.jpg,1,0.6059035062789917,0.4681246280670166,0.010225039906799793,0.007226834073662758,0.5053699016571045
FisheyeCamera_1_00604_png.rf.fd483074d74e8bee0d71bb87e77ab3ef.jpg,1,0.6077329516410828,0.46810367703437805,0.013142623007297516,0.007900385186076164,0.015186154283583164
FisheyeCamera_1_00604_png.rf.fd483074d74e8bee0d71bb87e77ab3ef.jpg,1,0.5336468815803528,0.3760184049606323,0.9327062964439392,0.7505568265914917,0.0014530176995322108
FisheyeCamera_1_00604_png.rf.fd483074d74e8bee0d71bb87e77ab3ef.jpg,1,0.059479206800460815,0.5252883434295654,0.11895841360092163,0.9494233727455139,0.0011282945051789284
FisheyeCamera_1_00615_png.rf.6b8b9a4df61e83d15119053ea613f434.jpg,4,0.33904579281806946,0.5264102816581726,0.025315506383776665,0.036646220833063126,0.843866765499115
FisheyeCamera_1_00615_png.rf.6b8b9a4df61e83d15119053ea613f434.jpg,1,0.5599954724311829,0.4445647597312927,0.014858502894639969,0.009241361171007156,0.6443418264389038
FisheyeCamera_1_00615_png.rf.6b8b9a4df61e83d15119053ea613f434.jpg,1,0.5617431402206421,0.44321194291114807,0.018301010131835938,0.0138409323990345,0.03032607212662697
FisheyeCamera_1_00615_png.rf.6b8b9a4df61e83d15119053ea613f434.jpg,1,0.564484715461731,0.4437646269798279,0.019806789234280586,0.011513673700392246,0.00868767686188221
FisheyeCamera_1_00615_png.rf.6b8b9a4df61e83d15119053ea613f434.jpg,1,0.5264818668365479,0.4462132155895233,0.010379535146057606,0.006769950967282057,0.004400528501719236
FisheyeCamera_1_00615_png.rf.6b8b9a4df61e83d15119053ea613f434.jpg,1,0.5226529836654663,0.4461981952190399,0.00920600164681673,0.00645072665065527,0.004263162612915039
FisheyeCamera_1_00615_png.rf.6b8b9a4df61e83d15119053ea613f434.jpg,11,0.5206711888313293,0.5482078790664673,0.005991348996758461,0.008254894986748695,0.001975789200514555
FisheyeCamera_1_00615_png.rf.6b8b9a4df61e83d15119053ea613f434.jpg,1,0.46860557794570923,0.28767967224121094,0.900897741317749,0.5753593444824219,0.0010498235933482647
FisheyeCamera_1_00631_png.rf.ef7fde7123c71d075628496a468eb1df.jpg,1,0.5120789408683777,0.3451583683490753,0.026482107117772102,0.016520794481039047,0.6970301866531372
FisheyeCamera_1_00631_png.rf.ef7fde7123c71d075628496a468eb1df.jpg,11,0.4375096261501312,0.5466353297233582,0.006059793755412102,0.01056528091430664,0.39766064286231995
FisheyeCamera_1_00631_png.rf.ef7fde7123c71d075628496a468eb1df.jpg,11,0.43911245465278625,0.5454539656639099,0.0076176938600838184,0.01013194676488638,0.025975918397307396
FisheyeCamera_1_00631_png.rf.ef7fde7123c71d075628496a468eb1df.jpg,11,0.43674948811531067,0.5457903742790222,0.008110816590487957,0.009667433798313141,0.01709134876728058
FisheyeCamera_1_00631_png.rf.ef7fde7123c71d075628496a468eb1df.jpg,11,0.4293192923069,0.32187420129776,0.8392512798309326,0.6403390765190125,0.004509152844548225
FisheyeCamera_1_00631_png.rf.ef7fde7123c71d075628496a468eb1df.jpg,1,0.43556419014930725,0.30132076144218445,0.8578752875328064,0.6026415228843689,0.003342612646520138
FisheyeCamera_1_00631_png.rf.ef7fde7123c71d075628496a468eb1df.jpg,1,0.5118895769119263,0.34604912996292114,0.029467474669218063,0.02149185910820961,0.002863075817003846
FisheyeCamera_1_00631_png.rf.ef7fde7123c71d075628496a468eb1df.jpg,1,0.05907854437828064,0.51985102891922,0.11815708875656128,0.9602980613708496,0.001725110923871398
FisheyeCamera_1_00922_png.rf.408835a278b9c700eb1a2f358ca58d07.jpg,0,0.1834789514541626,0.49228280782699585,0.010759042575955391,0.00832876842468977,0.024645494297146797
FisheyeCamera_1_00922_png.rf.408835a278b9c700eb1a2f358ca58d07.jpg,0,0.1587907373905182,0.48534178733825684,0.01093957107514143,0.0087127685546875,0.006209231447428465
FisheyeCamera_1_00922_png.rf.408835a278b9c700eb1a2f358ca58d07.jpg,1,0.9587613940238953,0.6010037064552307,0.08247727900743484,0.7667683362960815,0.00186359160579741
FisheyeCamera_1_00922_png.rf.408835a278b9c700eb1a2f358ca58d07.jpg,1,0.21002796292304993,0.4790928363800049,0.0055086431093513966,0.014967038296163082,0.001453010831028223
FisheyeCamera_1_00922_png.rf.408835a278b9c700eb1a2f358ca58d07.jpg,1,0.9385614991188049,0.6441397070884705,0.12287712842226028,0.7117207050323486,0.0011039464734494686
FisheyeCamera_1_01013_png.rf.9464970b75fa02363baae3c682e99f39.jpg,0,0.5689196586608887,0.5109812021255493,0.011050921864807606,0.0075839851051568985,0.5111451745033264
FisheyeCamera_1_01013_png.rf.9464970b75fa02363baae3c682e99f39.jpg,0,0.5380858182907104,0.5111686587333679,0.012772340327501297,0.008030488155782223,0.500408411026001
FisheyeCamera_1_01013_png.rf.9464970b75fa02363baae3c682e99f39.jpg,0,0.5380034446716309,0.5098548531532288,0.011929952539503574,0.008577053435146809,0.3604547381401062
FisheyeCamera_1_01013_png.rf.9464970b75fa02363baae3c682e99f39.jpg,1,0.6831666827201843,0.4327451288700104,0.027398403733968735,0.021961910650134087,0.24723802506923676
FisheyeCamera_1_01013_png.rf.9464970b75fa02363baae3c682e99f39.jpg,1,0.5561477541923523,0.5436782836914062,0.0046025426127016544,0.008420577272772789,0.01577654853463173
FisheyeCamera_1_01013_png.rf.9464970b75fa02363baae3c682e99f39.jpg,0,0.5691519975662231,0.5094979405403137,0.012018974870443344,0.011693514883518219,0.014033251442015171
FisheyeCamera_1_01013_png.rf.9464970b75fa02363baae3c682e99f39.jpg,0,0.5690840482711792,0.5114632844924927,0.01264700572937727,0.011538065969944,0.011899195611476898
FisheyeCamera_1_01013_png.rf.9464970b75fa02363baae3c682e99f39.jpg,13,0.5561313629150391,0.5420315861701965,0.006040720269083977,0.010102052241563797,0.010193556547164917
FisheyeCamera_1_01013_png.rf.9464970b75fa02363baae3c682e99f39.jpg,11,0.5562735795974731,0.5436145067214966,0.006196315865963697,0.007809712551534176,0.009067587554454803
FisheyeCamera_1_01013_png.rf.9464970b75fa02363baae3c682e99f39.jpg,0,0.537997841835022,0.5115886330604553,0.012125015258789062,0.011373886838555336,0.00430422043427825
FisheyeCamera_1_01013_png.rf.9464970b75fa02363baae3c682e99f39.jpg,0,0.6826059222221375,0.43323570489883423,0.026559464633464813,0.018001044169068336,0.0034693730995059013
FisheyeCamera_1_01013_png.rf.9464970b75fa02363baae3c682e99f39.jpg,1,0.7258052825927734,0.44644370675086975,0.020904541015625,0.01694609597325325,0.0031745336018502712
FisheyeCamera_1_01013_png.rf.9464970b75fa02363baae3c682e99f39.jpg,0,0.537981390953064,0.5098487138748169,0.01459517888724804,0.012228379026055336,0.002911302028223872
FisheyeCamera_1_01013_png.rf.9464970b75fa02363baae3c682e99f39.jpg,0,0.6830251216888428,0.4344525933265686,0.03131536394357681,0.028900330886244774,0.0012369744945317507
FisheyeCamera_1_01013_png.rf.9464970b75fa02363baae3c682e99f39.jpg,0,0.7258940935134888,0.4470078647136688,0.020253989845514297,0.016012081876397133,0.001130848890170455
FisheyeCamera_1_01013_png.rf.9464970b75fa02363baae3c682e99f39.jpg,1,0.5441334843635559,0.3884658217430115,0.911733090877533,0.7758228778839111,0.0010606636060401797
FisheyeCamera_1_01026_png.rf.dfb591570ded3c052e6641cb4f2d80c1.jpg,0,0.4415699243545532,0.4958024322986603,0.014760714955627918,0.010908273980021477,0.6562647223472595
FisheyeCamera_1_01026_png.rf.dfb591570ded3c052e6641cb4f2d80c1.jpg,0,0.3981474041938782,0.49343815445899963,0.013534032739698887,0.010584794916212559,0.5857274532318115
FisheyeCamera_1_01026_png.rf.dfb591570ded3c052e6641cb4f2d80c1.jpg,1,0.4216460585594177,0.5417140126228333,0.00406327610835433,0.009520458057522774,0.07494143396615982
FisheyeCamera_1_01026_png.rf.dfb591570ded3c052e6641cb4f2d80c1.jpg,1,0.4224463403224945,0.5412689447402954,0.004445149563252926,0.009475194849073887,0.02248201332986355
FisheyeCamera_1_01026_png.rf.dfb591570ded3c052e6641cb4f2d80c1.jpg,0,0.4405132532119751,0.49700063467025757,0.015267739072442055,0.014848893508315086,0.009042876772582531
FisheyeCamera_1_01026_png.rf.dfb591570ded3c052e6641cb4f2d80c1.jpg,0,0.44202056527137756,0.4944542646408081,0.016370443627238274,0.016297707334160805,0.007536690216511488
FisheyeCamera_1_01026_png.rf.dfb591570ded3c052e6641cb4f2d80c1.jpg,1,0.4907419681549072,0.4714412987232208,0.005606981460005045,0.01214467640966177,0.0038002929650247097
FisheyeCamera_1_01026_png.rf.dfb591570ded3c052e6641cb4f2d80c1.jpg,0,0.44414669275283813,0.4951719343662262,0.018782543018460274,0.01326997485011816,0.003645983524620533
FisheyeCamera_1_01026_png.rf.dfb591570ded3c052e6641cb4f2d80c1.jpg,1,0.9102326035499573,0.5006469488143921,0.179534912109375,0.9987061023712158,0.0024889104533940554
FisheyeCamera_1_01026_png.rf.dfb591570ded3c052e6641cb4f2d80c1.jpg,1,0.9479441046714783,0.5051609873771667,0.10411189496517181,0.989678144454956,0.002221322851255536
FisheyeCamera_1_01026_png.rf.dfb591570ded3c052e6641cb4f2d80c1.jpg,1,0.8634867668151855,0.5026571154594421,0.27302655577659607,0.9946858882904053,0.0017508650198578835
FisheyeCamera_1_01026_png.rf.dfb591570ded3c052e6641cb4f2d80c1.jpg,1,0.48971712589263916,0.47256800532341003,0.0053874896839261055,0.012908825650811195,0.0017011886229738593
FisheyeCamera_1_01026_png.rf.dfb591570ded3c052e6641cb4f2d80c1.jpg,1,0.9560588598251343,0.4176650643348694,0.08788241446018219,0.8153711557388306,0.0016905954107642174
FisheyeCamera_1_01026_png.rf.dfb591570ded3c052e6641cb4f2d80c1.jpg,1,0.9301406741142273,0.4318734407424927,0.13971872627735138,0.8607514500617981,0.001522372243925929
FisheyeCamera_1_01026_png.rf.dfb591570ded3c052e6641cb4f2d80c1.jpg,1,0.9603234529495239,0.5702871680259705,0.07935319095849991,0.8394762277603149,0.001263102749362588
FisheyeCamera_1_01026_png.rf.dfb591570ded3c052e6641cb4f2d80c1.jpg,1,0.4630167782306671,0.7458341121673584,0.9260335564613342,0.508331835269928,0.0011246969224885106
FisheyeCamera_1_01026_png.rf.dfb591570ded3c052e6641cb4f2d80c1.jpg,3,0.8946618437767029,0.21198801696300507,0.0763654038310051,0.10266311466693878,0.00102135818451643
FisheyeCamera_1_01037_png.rf.870a2a09f0f8cb2a0b5f4a4a3b3ccadc.jpg,0,0.37030085921287537,0.47032445669174194,0.02014688402414322,0.012457004748284817,0.7600536942481995
FisheyeCamera_1_01037_png.rf.870a2a09f0f8cb2a0b5f4a4a3b3ccadc.jpg,0,0.31280162930488586,0.46490296721458435,0.022287003695964813,0.013891477137804031,0.6954602599143982
FisheyeCamera_1_01037_png.rf.870a2a09f0f8cb2a0b5f4a4a3b3ccadc.jpg,0,0.3722551465034485,0.46966907382011414,0.022678229957818985,0.01591656729578972,0.43461713194847107
FisheyeCamera_1_01037_png.rf.870a2a09f0f8cb2a0b5f4a4a3b3ccadc.jpg,1,0.3717668056488037,0.5375362634658813,0.004514181055128574,0.01184841338545084,0.10379421710968018
FisheyeCamera_1_01037_png.rf.870a2a09f0f8cb2a0b5f4a4a3b3ccadc.jpg,0,0.3127649128437042,0.46245187520980835,0.023359887301921844,0.017879486083984375,0.0036740635987371206
FisheyeCamera_1_01037_png.rf.870a2a09f0f8cb2a0b5f4a4a3b3ccadc.jpg,1,0.5044876337051392,0.33027487993240356,0.9910248517990112,0.66000896692276,0.0010896885069087148
FisheyeCamera_1_01082_png.rf.da2e5bebfb023e66aacd368902a130ef.jpg,1,0.8006300330162048,0.5024248957633972,0.011669525876641273,0.028728559613227844,0.7767471075057983
FisheyeCamera_1_01082_png.rf.da2e5bebfb023e66aacd368902a130ef.jpg,1,0.6825350522994995,0.5057620406150818,0.007883071899414062,0.005627302452921867,0.016044843941926956
FisheyeCamera_1_01082_png.rf.da2e5bebfb023e66aacd368902a130ef.jpg,1,0.6816948056221008,0.5065581798553467,0.005940731149166822,0.005673849023878574,0.008700059726834297
FisheyeCamera_1_01082_png.rf.da2e5bebfb023e66aacd368902a130ef.jpg,0,0.683792233467102,0.5066396594047546,0.007896716706454754,0.0059604644775390625,0.0014603865565732121
FisheyeCamera_1_01082_png.rf.da2e5bebfb023e66aacd368902a130ef.jpg,1,0.06840240210294724,0.510608971118927,0.13680480420589447,0.9787821769714355,0.0011604257160797715
FisheyeCamera_1_01082_png.rf.da2e5bebfb023e66aacd368902a130ef.jpg,1,0.1061328798532486,0.5035243630409241,0.2122657597064972,0.9929513335227966,0.0010865300428122282
FisheyeCamera_1_01086_png.rf.dd1b44b6d6e2e2da3f3f6ab8f823bc01.jpg,1,0.7791808247566223,0.5024739503860474,0.010948841460049152,0.029785413295030594,0.8037881255149841
FisheyeCamera_1_01086_png.rf.dd1b44b6d6e2e2da3f3f6ab8f823bc01.jpg,1,0.6347566843032837,0.5096632242202759,0.005879622418433428,0.005792251322418451,0.03562166914343834
FisheyeCamera_1_01086_png.rf.dd1b44b6d6e2e2da3f3f6ab8f823bc01.jpg,1,0.634727418422699,0.5079075694084167,0.007547232322394848,0.005194737575948238,0.034310389310121536
FisheyeCamera_1_01086_png.rf.dd1b44b6d6e2e2da3f3f6ab8f823bc01.jpg,1,0.632325291633606,0.5096409320831299,0.0067156278528273106,0.005895871669054031,0.03184344619512558
FisheyeCamera_1_01086_png.rf.dd1b44b6d6e2e2da3f3f6ab8f823bc01.jpg,1,0.634368360042572,0.5077282786369324,0.006802852731198072,0.0072818538174033165,0.005981330759823322
FisheyeCamera_1_01086_png.rf.dd1b44b6d6e2e2da3f3f6ab8f823bc01.jpg,1,0.632390558719635,0.5076747536659241,0.006979429163038731,0.007217407692223787,0.005743976682424545
FisheyeCamera_1_01086_png.rf.dd1b44b6d6e2e2da3f3f6ab8f823bc01.jpg,12,0.7817792296409607,0.5347956418991089,0.005732609890401363,0.007203212473541498,0.003042656695470214
FisheyeCamera_1_01086_png.rf.dd1b44b6d6e2e2da3f3f6ab8f823bc01.jpg,1,0.28771552443504333,0.7818024158477783,0.010059356689453125,0.009944255463778973,0.0016472104471176863
FisheyeCamera_1_01090_png.rf.663e34306a969d1e2d3f1ca290e1ddd7.jpg,1,0.7540290951728821,0.5012766122817993,0.012180842459201813,0.031432997435331345,0.7938083410263062
FisheyeCamera_1_01090_png.rf.663e34306a969d1e2d3f1ca290e1ddd7.jpg,1,0.5796858072280884,0.5094573497772217,0.007364897057414055,0.006290876306593418,0.016181154176592827
FisheyeCamera_1_01090_png.rf.663e34306a969d1e2d3f1ca290e1ddd7.jpg,1,0.5804623961448669,0.5084265470504761,0.007704294752329588,0.005458061583340168,0.00996191892772913
FisheyeCamera_1_01090_png.rf.663e34306a969d1e2d3f1ca290e1ddd7.jpg,1,0.5792871713638306,0.5078151822090149,0.0072774155996739864,0.007691677194088697,0.003745219437405467
FisheyeCamera_1_01090_png.rf.663e34306a969d1e2d3f1ca290e1ddd7.jpg,1,0.5777739882469177,0.5082848072052002,0.009357563219964504,0.0052731954492628574,0.0015411553904414177
FisheyeCamera_1_01090_png.rf.663e34306a969d1e2d3f1ca290e1ddd7.jpg,5,0.36596742272377014,0.40417754650115967,0.7319348454475403,0.8065930008888245,0.0010624253191053867
FisheyeCamera_1_01098_png.rf.e141b30ac0a11cc0c857435f655656fc.jpg,1,0.8084266781806946,0.4811398684978485,0.016115263104438782,0.04195356369018555,0.7637695074081421
FisheyeCamera_1_01098_png.rf.e141b30ac0a11cc0c857435f655656fc.jpg,1,0.5526036620140076,0.5047998428344727,0.007362769450992346,0.005464700981974602,0.03663121536374092
FisheyeCamera_1_01098_png.rf.e141b30ac0a11cc0c857435f655656fc.jpg,0,0.5499814748764038,0.5048187971115112,0.008844779804348946,0.0049945758655667305,0.0010635385988280177
FisheyeCamera_1_01099_png.rf.d3e2606bc19452ecaec7548723f05a0b.jpg,1,0.8182244896888733,0.4780978560447693,0.016922438517212868,0.04318175092339516,0.8404203653335571
FisheyeCamera_1_01099_png.rf.d3e2606bc19452ecaec7548723f05a0b.jpg,1,0.5519546270370483,0.5040804743766785,0.007702644448727369,0.0055133746936917305,0.02545790746808052
FisheyeCamera_1_01099_png.rf.d3e2606bc19452ecaec7548723f05a0b.jpg,1,0.5511184930801392,0.504649817943573,0.008152889087796211,0.0057950387708842754,0.015008028596639633
FisheyeCamera_1_01099_png.rf.d3e2606bc19452ecaec7548723f05a0b.jpg,1,0.5497559905052185,0.5041601061820984,0.008519723080098629,0.005283906124532223,0.012851927429437637
FisheyeCamera_1_01104_png.rf.1c0a4fa66929930288c5ff6e293ca501.jpg,1,0.859965443611145,0.459086537361145,0.019178684800863266,0.05255890265107155,0.7968205213546753
FisheyeCamera_1_01104_png.rf.1c0a4fa66929930288c5ff6e293ca501.jpg,1,0.5154255032539368,0.5018431544303894,0.006794636137783527,0.005019224714487791,0.1713450849056244
FisheyeCamera_1_01104_png.rf.1c0a4fa66929930288c5ff6e293ca501.jpg,1,0.5170982480049133,0.5018315315246582,0.007714051753282547,0.005159121472388506,0.0409313403069973
FisheyeCamera_1_01104_png.rf.1c0a4fa66929930288c5ff6e293ca501.jpg,1,0.5172082781791687,0.5003914833068848,0.008834325708448887,0.0072229462675750256,0.036627043038606644
FisheyeCamera_1_01104_png.rf.1c0a4fa66929930288c5ff6e293ca501.jpg,11,0.8640475869178772,0.5228143334388733,0.006757369730621576,0.00998665764927864,0.016783270984888077
FisheyeCamera_1_01104_png.rf.1c0a4fa66929930288c5ff6e293ca501.jpg,1,0.519426167011261,0.5004043579101562,0.008492286317050457,0.007342779077589512,0.01208796538412571
FisheyeCamera_1_01104_png.rf.1c0a4fa66929930288c5ff6e293ca501.jpg,1,0.5158137083053589,0.5029502511024475,0.007131906691938639,0.008374141529202461,0.008588776923716068
FisheyeCamera_1_01104_png.rf.1c0a4fa66929930288c5ff6e293ca501.jpg,11,0.8639956712722778,0.5211650729179382,0.005983866285532713,0.010014094412326813,0.0013690098421648145
FisheyeCamera_1_01104_png.rf.1c0a4fa66929930288c5ff6e293ca501.jpg,1,0.9580168724060059,0.6245034337043762,0.08396632969379425,0.7200636863708496,0.0013382552424445748
FisheyeCamera_1_01147_png.rf.4b377ccbafe830dd921c6b606ab4f94a.jpg,0,0.43799343705177307,0.4079606235027313,0.01808074861764908,0.012692708522081375,0.37510251998901367
FisheyeCamera_1_01147_png.rf.4b377ccbafe830dd921c6b606ab4f94a.jpg,0,0.43654659390449524,0.4094310998916626,0.019425099715590477,0.013086136430501938,0.264056533575058
FisheyeCamera_1_01147_png.rf.4b377ccbafe830dd921c6b606ab4f94a.jpg,0,0.4374474585056305,0.40526267886161804,0.021190203726291656,0.02009538561105728,0.008760588243603706
FisheyeCamera_1_01147_png.rf.4b377ccbafe830dd921c6b606ab4f94a.jpg,1,0.9838729500770569,0.4962356686592102,0.031546302139759064,0.4259406626224518,0.0011221509194001555
FisheyeCamera_1_01147_png.rf.4b377ccbafe830dd921c6b606ab4f94a.jpg,1,0.05886678397655487,0.5225358605384827,0.11773356795310974,0.9549283385276794,0.0011005192063748837
b413caec-028d-48e6-922b-fc63db1b7ebb_jpg.rf.259a6b31980f35168c8ec00a5e80c263.jpg,0,0.5194379687309265,0.4713364839553833,0.6972854733467102,0.9063077569007874,0.8916557431221008
b413caec-028d-48e6-922b-fc63db1b7ebb_jpg.rf.259a6b31980f35168c8ec00a5e80c263.jpg,0,0.18046081066131592,0.48031070828437805,0.36075082421302795,0.9579110741615295,0.45802876353263855
b413caec-028d-48e6-922b-fc63db1b7ebb_jpg.rf.259a6b31980f35168c8ec00a5e80c263.jpg,0,0.6623093485832214,0.4859156906604767,0.6753813624382019,0.9708226919174194,0.11959980428218842
b413caec-028d-48e6-922b-fc63db1b7ebb_jpg.rf.259a6b31980f35168c8ec00a5e80c263.jpg,0,0.8675239682197571,0.49135369062423706,0.2649489939212799,0.9740613698959351,0.1133851632475853
b413caec-028d-48e6-922b-fc63db1b7ebb_jpg.rf.259a6b31980f35168c8ec00a5e80c263.jpg,1,0.8716092109680176,0.4849403202533722,0.25635603070259094,0.9667267799377441,0.1060258150100708
b413caec-028d-48e6-922b-fc63db1b7ebb_jpg.rf.259a6b31980f35168c8ec00a5e80c263.jpg,1,0.5295675992965698,0.27963516116142273,0.7020179629325867,0.5405870676040649,0.09568896144628525
b413caec-028d-48e6-922b-fc63db1b7ebb_jpg.rf.259a6b31980f35168c8ec00a5e80c263.jpg,1,0.2038853019475937,0.46480876207351685,0.4077706038951874,0.9271013140678406,0.05632151663303375
b413caec-028d-48e6-922b-fc63db1b7ebb_jpg.rf.259a6b31980f35168c8ec00a5e80c263.jpg,0,0.26589730381965637,0.4531240165233612,0.5317946076393127,0.9039708375930786,0.04044795408844948
b413caec-028d-48e6-922b-fc63db1b7ebb_jpg.rf.259a6b31980f35168c8ec00a5e80c263.jpg,1,0.45001113414764404,0.3278070390224457,0.8447007536888123,0.653623104095459,0.02948347106575966
b413caec-028d-48e6-922b-fc63db1b7ebb_jpg.rf.259a6b31980f35168c8ec00a5e80c263.jpg,1,0.28704920411109924,0.45129454135894775,0.5740984082221985,0.9013246893882751,0.010294526815414429
b413caec-028d-48e6-922b-fc63db1b7ebb_jpg.rf.259a6b31980f35168c8ec00a5e80c263.jpg,1,0.46402934193611145,0.18647506833076477,0.9280586838722229,0.37295013666152954,0.009507798589766026
b413caec-028d-48e6-922b-fc63db1b7ebb_jpg.rf.259a6b31980f35168c8ec00a5e80c263.jpg,0,0.12436185777187347,0.44973674416542053,0.24872371554374695,0.8903626799583435,0.006285212468355894
b413caec-028d-48e6-922b-fc63db1b7ebb_jpg.rf.259a6b31980f35168c8ec00a5e80c263.jpg,1,0.4557337462902069,0.1184648722410202,0.9112468361854553,0.2369297444820404,0.0035652806982398033
b413caec-028d-48e6-922b-fc63db1b7ebb_jpg.rf.259a6b31980f35168c8ec00a5e80c263.jpg,1,0.1153440997004509,0.4600551426410675,0.2306881994009018,0.910108745098114,0.0025780419819056988
b413caec-028d-48e6-922b-fc63db1b7ebb_jpg.rf.259a6b31980f35168c8ec00a5e80c263.jpg,0,0.7664586305618286,0.4989592432975769,0.46708279848098755,0.9850267171859741,0.002427388448268175
b413caec-028d-48e6-922b-fc63db1b7ebb_jpg.rf.259a6b31980f35168c8ec00a5e80c263.jpg,0,0.2247695028781891,0.5495882034301758,0.4495390057563782,0.900823712348938,0.0021682230290025473
b413caec-028d-48e6-922b-fc63db1b7ebb_jpg.rf.259a6b31980f35168c8ec00a5e80c263.jpg,0,0.09122883528470993,0.5078192949295044,0.18245767056941986,0.984361469745636,0.0014548675389960408
b413caec-028d-48e6-922b-fc63db1b7ebb_jpg.rf.259a6b31980f35168c8ec00a5e80c263.jpg,1,0.9042778611183167,0.45401421189308167,0.19144433736801147,0.8969785571098328,0.0013014940777793527
road104_png.rf.4468adcd7c2dcfc04377146de785c0a6.jpg,11,0.5008915066719055,0.47939032316207886,0.7762174606323242,0.9145594835281372,0.9168360829353333
road104_png.rf.4468adcd7c2dcfc04377146de785c0a6.jpg,1,0.5089682936668396,0.9476956725120544,0.032142382115125656,0.03211285546422005,0.0024244552478194237
road104_png.rf.4468adcd7c2dcfc04377146de785c0a6.jpg,14,0.5220217704772949,0.6598834991455078,0.9559565186500549,0.6802330017089844,0.0014241494936868548
road108_png.rf.9655ebb7a27af56ab1d0360d10685ec8.jpg,9,0.45300474762916565,0.5433751940727234,0.02996055968105793,0.04932873323559761,0.31845512986183167
road108_png.rf.9655ebb7a27af56ab1d0360d10685ec8.jpg,1,0.9050978422164917,0.20741692185401917,0.05881962552666664,0.04713961109519005,0.20840130746364594
road108_png.rf.9655ebb7a27af56ab1d0360d10685ec8.jpg,7,0.4515247642993927,0.5438832640647888,0.03012099675834179,0.049529775977134705,0.18663184344768524
road108_png.rf.9655ebb7a27af56ab1d0360d10685ec8.jpg,12,0.4524112939834595,0.5437894463539124,0.02907554991543293,0.04964997246861458,0.1558874249458313
road108_png.rf.9655ebb7a27af56ab1d0360d10685ec8.jpg,6,0.45196211338043213,0.5439475178718567,0.029960377141833305,0.049042958766222,0.15526162087917328
road108_png.rf.9655ebb7a27af56ab1d0360d10685ec8.jpg,1,0.9114101529121399,0.22247356176376343,0.03809305652976036,0.021880554035305977,0.14246509969234467
road108_png.rf.9655ebb7a27af56ab1d0360d10685ec8.jpg,1,0.9170928597450256,0.2233118712902069,0.023959748446941376,0.015417227521538734,0.09525958448648453
road108_png.rf.9655ebb7a27af56ab1d0360d10685ec8.jpg,1,0.9054529070854187,0.21417438983917236,0.050629984587430954,0.040419965982437134,0.09191036969423294
road108_png.rf.9655ebb7a27af56ab1d0360d10685ec8.jpg,1,0.900101900100708,0.20573467016220093,0.04593886062502861,0.04054764658212662,0.07520909607410431
road108_png.rf.9655ebb7a27af56ab1d0360d10685ec8.jpg,1,0.8947523832321167,0.20446759462356567,0.029309861361980438,0.037019696086645126,0.017153508961200714
road108_png.rf.9655ebb7a27af56ab1d0360d10685ec8.jpg,1,0.9155972003936768,0.21965676546096802,0.029603078961372375,0.022055644541978836,0.011171349324285984
road108_png.rf.9655ebb7a27af56ab1d0360d10685ec8.jpg,1,0.9012708067893982,0.215367391705513,0.061801400035619736,0.06804482638835907,0.00784106645733118
road108_png.rf.9655ebb7a27af56ab1d0360d10685ec8.jpg,1,0.8946893811225891,0.2128678560256958,0.03338608518242836,0.05379282683134079,0.0071653458289802074
road108_png.rf.9655ebb7a27af56ab1d0360d10685ec8.jpg,1,0.5665069222450256,0.5,0.8643044829368591,1.0,0.0063737425953149796
road108_png.rf.9655ebb7a27af56ab1d0360d10685ec8.jpg,1,0.8992318511009216,0.21340030431747437,0.04712068289518356,0.05821153149008751,0.002966222818940878
road108_png.rf.9655ebb7a27af56ab1d0360d10685ec8.jpg,1,0.8932713866233826,0.2025570571422577,0.02349817007780075,0.031342506408691406,0.0029250681400299072
road108_png.rf.9655ebb7a27af56ab1d0360d10685ec8.jpg,8,0.9344805479049683,0.29611659049987793,0.027897102758288383,0.06110343709588051,0.002678245771676302
road108_png.rf.9655ebb7a27af56ab1d0360d10685ec8.jpg,11,0.5005137324333191,0.5216081738471985,0.9989725351333618,0.9567837715148926,0.002457553520798683
road108_png.rf.9655ebb7a27af56ab1d0360d10685ec8.jpg,1,0.8992753028869629,0.23416776955127716,0.06637544184923172,0.10418245196342468,0.0021547938231378794
road108_png.rf.9655ebb7a27af56ab1d0360d10685ec8.jpg,7,0.7154556512832642,0.34275496006011963,0.006692299619317055,0.014144274406135082,0.001551630673930049
road108_png.rf.9655ebb7a27af56ab1d0360d10685ec8.jpg,11,0.5005165934562683,0.4079374670982361,0.9989669322967529,0.8124533295631409,0.0015005313325673342
road108_png.rf.9655ebb7a27af56ab1d0360d10685ec8.jpg,1,0.5005086660385132,0.5942492485046387,0.9989827871322632,0.8115016222000122,0.0014383511152118444
road108_png.rf.9655ebb7a27af56ab1d0360d10685ec8.jpg,1,0.0026360624469816685,0.184706911444664,0.005272124893963337,0.025467194616794586,0.0013542113592848182
road108_png.rf.9655ebb7a27af56ab1d0360d10685ec8.jpg,10,0.5,0.5388128161430359,1.0,0.9223744869232178,0.001071185222826898
road108_png.rf.9655ebb7a27af56ab1d0360d10685ec8.jpg,14,0.5009174346923828,0.5318287014961243,0.9981651902198792,0.936342716217041,0.001046951161697507
road109_png.rf.c7fd39b9ac59c325ec73dc6b5ece99fd.jpg,8,0.6495640277862549,0.511590301990509,0.08069915324449539,0.11701367795467377,0.9668963551521301
road109_png.rf.c7fd39b9ac59c325ec73dc6b5ece99fd.jpg,14,0.577045738697052,0.5,0.8459085822105408,1.0,0.005602672696113586
road109_png.rf.c7fd39b9ac59c325ec73dc6b5ece99fd.jpg,1,0.49750691652297974,0.6686951518058777,0.9950138330459595,0.6626096963882446,0.00386445177718997
road112_png.rf.b765c2b5d3a2145d317b0ceadfb08464.jpg,5,0.5174620747566223,0.3084121346473694,0.3400772213935852,0.5166082978248596,0.9514554738998413
road112_png.rf.b765c2b5d3a2145d317b0ceadfb08464.jpg,1,0.14575491845607758,0.013110282830893993,0.0916990339756012,0.026220565661787987,0.003189581446349621
road112_png.rf.b765c2b5d3a2145d317b0ceadfb08464.jpg,0,0.1496085375547409,0.012343410402536392,0.0980028510093689,0.024633759632706642,0.002349232090637088
road112_png.rf.b765c2b5d3a2145d317b0ceadfb08464.jpg,1,0.10637906938791275,0.01165078952908516,0.07428286224603653,0.02330157905817032,0.0019081307109445333
road112_png.rf.b765c2b5d3a2145d317b0ceadfb08464.jpg,1,0.11988008767366409,0.011245709843933582,0.0459456630051136,0.022491419687867165,0.0014627025229856372
road11_png.rf.40b76142a629faa238c042bcb209cc27.jpg,0,0.49222758412361145,0.3848859369754791,0.05377102270722389,0.11650170385837555,0.7584819793701172
road11_png.rf.40b76142a629faa238c042bcb209cc27.jpg,0,0.8141427040100098,0.6202530860900879,0.049177393317222595,0.10295615345239639,0.7275574803352356
road11_png.rf.40b76142a629faa238c042bcb209cc27.jpg,1,0.9054268002510071,0.4482309818267822,0.18914641439914703,0.8948765397071838,0.008556987158954144
road11_png.rf.40b76142a629faa238c042bcb209cc27.jpg,1,0.7062968015670776,0.1455306112766266,0.042792174965143204,0.023320674896240234,0.004264225717633963
road11_png.rf.40b76142a629faa238c042bcb209cc27.jpg,1,0.6290174722671509,0.8552123308181763,0.02554827556014061,0.026140360161662102,0.003988220822066069
road11_png.rf.40b76142a629faa238c042bcb209cc27.jpg,1,0.6290527582168579,0.8527922034263611,0.0215329397469759,0.019699977710843086,0.003296071896329522
road11_png.rf.40b76142a629faa238c042bcb209cc27.jpg,1,0.6295908689498901,0.862441897392273,0.03319399431347847,0.05030272901058197,0.002849573502317071
road11_png.rf.40b76142a629faa238c042bcb209cc27.jpg,1,0.8330392241477966,0.8386289477348328,0.022877400740981102,0.026180781424045563,0.0027596293948590755
road11_png.rf.40b76142a629faa238c042bcb209cc27.jpg,0,0.810001015663147,0.604260265827179,0.06032019481062889,0.14907728135585785,0.002450031228363514
road11_png.rf.40b76142a629faa238c042bcb209cc27.jpg,1,0.933784544467926,0.49652647972106934,0.13243110477924347,0.9930529594421387,0.002401654375717044
road11_png.rf.40b76142a629faa238c042bcb209cc27.jpg,1,0.6731085181236267,0.8612603545188904,0.022184006869792938,0.030515305697917938,0.002301977714523673
road11_png.rf.40b76142a629faa238c042bcb209cc27.jpg,1,0.5597199201583862,0.7623540759086609,0.04180567339062691,0.02909366972744465,0.0022299231495708227
road11_png.rf.40b76142a629faa238c042bcb209cc27.jpg,1,0.8320736885070801,0.8517240881919861,0.02236967906355858,0.0497758574783802,0.0021031745709478855
road11_png.rf.40b76142a629faa238c042bcb209cc27.jpg,1,0.830958902835846,0.8416547179222107,0.022049684077501297,0.027080757543444633,0.0019760807044804096
road11_png.rf.40b76142a629faa238c042bcb209cc27.jpg,1,0.5618152022361755,0.7576019763946533,0.043015554547309875,0.031784866005182266,0.001712423749268055
road11_png.rf.40b76142a629faa238c042bcb209cc27.jpg,1,0.8560198545455933,0.4218054413795471,0.2864490747451782,0.8136462569236755,0.0016680060653015971
road11_png.rf.40b76142a629faa238c042bcb209cc27.jpg,1,0.8327124714851379,0.8388066291809082,0.02012583054602146,0.019350051879882812,0.0016619617817923427
road11_png.rf.40b76142a629faa238c042bcb209cc27.jpg,1,0.6723635792732239,0.8576529622077942,0.01892860233783722,0.020574569702148438,0.001230519963428378
road157_png.rf.e48c88408b366592b950018ee5d6426d.jpg,8,0.7245867848396301,0.20764869451522827,0.12599028646945953,0.1034087985754013,0.9159626960754395
road157_png.rf.e48c88408b366592b950018ee5d6426d.jpg,0,0.06022370606660843,0.2553260028362274,0.010420011356472969,0.008730888366699219,0.04176991060376167
road157_png.rf.e48c88408b366592b950018ee5d6426d.jpg,1,0.415614515542984,0.937215268611908,0.012512831017374992,0.010008959099650383,0.011447403579950333
road157_png.rf.e48c88408b366592b950018ee5d6426d.jpg,1,0.41150394082069397,0.3075231611728668,0.009942972101271152,0.010038687847554684,0.006336642429232597
road157_png.rf.e48c88408b366592b950018ee5d6426d.jpg,0,0.41054007411003113,0.30682018399238586,0.009646599180996418,0.007702515926212072,0.0056646764278411865
road157_png.rf.e48c88408b366592b950018ee5d6426d.jpg,14,0.4272303283214569,0.23230352997779846,0.8486886024475098,0.4646070599555969,0.005420378874987364
road157_png.rf.e48c88408b366592b950018ee5d6426d.jpg,0,0.060564473271369934,0.25648921728134155,0.011564685963094234,0.013093508780002594,0.004201240371912718
road157_png.rf.e48c88408b366592b950018ee5d6426d.jpg,14,0.5982544422149658,0.4620981514453888,0.8034911751747131,0.9241963028907776,0.004109689500182867
road157_png.rf.e48c88408b366592b950018ee5d6426d.jpg,1,0.6099929809570312,0.024466052651405334,0.07722678780555725,0.048885125666856766,0.0033313834574073553
road157_png.rf.e48c88408b366592b950018ee5d6426d.jpg,10,0.8408413529396057,0.5579869747161865,0.011242940090596676,0.012005879543721676,0.0025768419727683067
road157_png.rf.e48c88408b366592b950018ee5d6426d.jpg,13,0.309222936630249,0.5297427177429199,0.013547751121222973,0.023532135412096977,0.002256601583212614
road157_png.rf.e48c88408b366592b950018ee5d6426d.jpg,0,0.4104710519313812,0.3081454336643219,0.010825084522366524,0.010227258317172527,0.0018204274820163846
road157_png.rf.e48c88408b366592b950018ee5d6426d.jpg,0,0.05759454891085625,0.2541872262954712,0.009645380079746246,0.00816141627728939,0.0014451383613049984
road157_png.rf.e48c88408b366592b950018ee5d6426d.jpg,14,0.09925594925880432,0.7400929927825928,0.025678589940071106,0.030799059197306633,0.0014138334663584828
road157_png.rf.e48c88408b366592b950018ee5d6426d.jpg,11,0.7264186143875122,0.208279088139534,0.12491710484027863,0.10294606536626816,0.0011008065193891525
road16_png.rf.9aba07c7ac70aab405028e7e8a750fb7.jpg,1,0.5864860415458679,0.2373255491256714,0.04339893162250519,0.10876864939928055,0.7171956300735474
road16_png.rf.9aba07c7ac70aab405028e7e8a750fb7.jpg,1,0.5882214903831482,0.25010937452316284,0.0447034128010273,0.1473712921142578,0.7090210914611816
road16_png.rf.9aba07c7ac70aab405028e7e8a750fb7.jpg,1,0.2763696312904358,0.4678061008453369,0.03898186236619949,0.08947692066431046,0.23206685483455658
road16_png.rf.9aba07c7ac70aab405028e7e8a750fb7.jpg,1,0.28290095925331116,0.46978843212127686,0.03553606942296028,0.08622723817825317,0.14182282984256744
road16_png.rf.9aba07c7ac70aab405028e7e8a750fb7.jpg,1,0.45454517006874084,0.9186998605728149,0.07124266773462296,0.029237382113933563,0.11205878853797913
road16_png.rf.9aba07c7ac70aab405028e7e8a750fb7.jpg,1,0.4357128441333771,0.9207636117935181,0.031246259808540344,0.023493841290473938,0.05012919381260872
road16_png.rf.9aba07c7ac70aab405028e7e8a750fb7.jpg,1,0.5841021537780762,0.7366045117378235,0.017671842128038406,0.051003530621528625,0.011892027221620083
road16_png.rf.9aba07c7ac70aab405028e7e8a750fb7.jpg,1,0.339725136756897,0.06571650505065918,0.02390681952238083,0.0700288638472557,0.010384119115769863
road16_png.rf.9aba07c7ac70aab405028e7e8a750fb7.jpg,1,0.33701303601264954,0.434268593788147,0.0381024070084095,0.10717447102069855,0.0070089842192828655
road16_png.rf.9aba07c7ac70aab405028e7e8a750fb7.jpg,0,0.5861824750900269,0.25780290365219116,0.045150354504585266,0.1363724172115326,0.006568669341504574
road16_png.rf.9aba07c7ac70aab405028e7e8a750fb7.jpg,1,0.33956459164619446,0.08760665357112885,0.024774258956313133,0.12234388291835785,0.004944183863699436
road16_png.rf.9aba07c7ac70aab405028e7e8a750fb7.jpg,1,0.2773958146572113,0.4638184905052185,0.052476003766059875,0.1067204549908638,0.002854293677955866
road16_png.rf.9aba07c7ac70aab405028e7e8a750fb7.jpg,1,0.2886025011539459,0.44963929057121277,0.07105033844709396,0.15368975698947906,0.0024302653037011623
road16_png.rf.9aba07c7ac70aab405028e7e8a750fb7.jpg,1,0.5850794911384583,0.7303907871246338,0.022083137184381485,0.0382794626057148,0.0023664808832108974
road16_png.rf.9aba07c7ac70aab405028e7e8a750fb7.jpg,1,0.7753955125808716,0.7019461393356323,0.032545238733291626,0.037093162536621094,0.0023312976118177176
road16_png.rf.9aba07c7ac70aab405028e7e8a750fb7.jpg,1,0.2872263193130493,0.4700477421283722,0.05887869745492935,0.13276024162769318,0.002195419045165181
road16_png.rf.9aba07c7ac70aab405028e7e8a750fb7.jpg,1,0.2829661965370178,0.4745544493198395,0.045218028128147125,0.10006421059370041,0.002157120266929269
road16_png.rf.9aba07c7ac70aab405028e7e8a750fb7.jpg,1,0.5838749408721924,0.7401525378227234,0.02837206795811653,0.060036513954401016,0.0021092682145535946
road16_png.rf.9aba07c7ac70aab405028e7e8a750fb7.jpg,0,0.010166647844016552,0.5138338804244995,0.01948046311736107,0.016486095264554024,0.0020443995017558336
road16_png.rf.9aba07c7ac70aab405028e7e8a750fb7.jpg,1,0.3105771541595459,0.46446478366851807,0.01901969686150551,0.07889142632484436,0.0018461698200553656
road16_png.rf.9aba07c7ac70aab405028e7e8a750fb7.jpg,1,0.27553680539131165,0.43288490176200867,0.053913649171590805,0.16497190296649933,0.001730610034428537
road16_png.rf.9aba07c7ac70aab405028e7e8a750fb7.jpg,14,0.3191494643688202,0.40709978342056274,0.07116132974624634,0.05556994304060936,0.001580301788635552
road16_png.rf.9aba07c7ac70aab405028e7e8a750fb7.jpg,1,0.6213194131851196,0.5266416668891907,0.014800475910305977,0.030451886355876923,0.0015211992431432009
road16_png.rf.9aba07c7ac70aab405028e7e8a750fb7.jpg,1,0.6236193776130676,0.5293623208999634,0.012084301561117172,0.03124941512942314,0.001470870920456946
road16_png.rf.9aba07c7ac70aab405028e7e8a750fb7.jpg,1,0.009988670237362385,0.5166757702827454,0.019495615735650063,0.021386954933404922,0.0014649119693785906
road16_png.rf.9aba07c7ac70aab405028e7e8a750fb7.jpg,0,0.004658503457903862,0.439036101102829,0.008813586086034775,0.09215468913316727,0.0011692997068166733
road16_png.rf.9aba07c7ac70aab405028e7e8a750fb7.jpg,1,0.37296226620674133,0.46157023310661316,0.015348948538303375,0.028223369270563126,0.0010878448374569416
road16_png.rf.9aba07c7ac70aab405028e7e8a750fb7.jpg,3,0.3123524487018585,0.4025730490684509,0.08689682930707932,0.06695608049631119,0.0010444546351209283
road16_png.rf.9aba07c7ac70aab405028e7e8a750fb7.jpg,1,0.011349992826581001,0.5062267184257507,0.021458907052874565,0.011015709489583969,0.0010187329025939107
road196_png.rf.6aa5da1b76ad6487d317d27963cc00d1.jpg,8,0.5601316094398499,0.31969574093818665,0.23666130006313324,0.18427622318267822,0.9083499312400818
road196_png.rf.6aa5da1b76ad6487d317d27963cc00d1.jpg,1,0.7306567430496216,0.7604937553405762,0.019899368286132812,0.012430778704583645,0.3610353469848633
road196_png.rf.6aa5da1b76ad6487d317d27963cc00d1.jpg,1,0.7284006476402283,0.7610259652137756,0.020205939188599586,0.014595472253859043,0.1929812729358673
road196_png.rf.6aa5da1b76ad6487d317d27963cc00d1.jpg,1,0.5681859850883484,0.8561387658119202,0.0059376866556704044,0.01915770396590233,0.08088844269514084
road196_png.rf.6aa5da1b76ad6487d317d27963cc00d1.jpg,1,0.44371071457862854,0.8117440342903137,0.019472012296319008,0.01062774658203125,0.0293108057230711
road196_png.rf.6aa5da1b76ad6487d317d27963cc00d1.jpg,1,0.7330171465873718,0.7598761320114136,0.024651087820529938,0.016717690974473953,0.012360682711005211
road196_png.rf.6aa5da1b76ad6487d317d27963cc00d1.jpg,1,0.9558064937591553,0.7217652797698975,0.00905484426766634,0.020147398114204407,0.011594514362514019
road196_png.rf.6aa5da1b76ad6487d317d27963cc00d1.jpg,0,0.39970195293426514,0.769214391708374,0.01474615279585123,0.01198695320636034,0.004836078733205795
road196_png.rf.6aa5da1b76ad6487d317d27963cc00d1.jpg,1,0.44090595841407776,0.8114292025566101,0.02692769281566143,0.014419409446418285,0.00470042834058404
road196_png.rf.6aa5da1b76ad6487d317d27963cc00d1.jpg,0,0.569344699382782,0.8554971218109131,0.008452231995761395,0.01879105344414711,0.004090907052159309
road196_png.rf.6aa5da1b76ad6487d317d27963cc00d1.jpg,0,0.567585289478302,0.8558039665222168,0.008803441189229488,0.018632743507623672,0.003128689480945468
road196_png.rf.6aa5da1b76ad6487d317d27963cc00d1.jpg,1,0.7294300198554993,0.7622390985488892,0.024830086156725883,0.018660178408026695,0.0030936850234866142
road196_png.rf.6aa5da1b76ad6487d317d27963cc00d1.jpg,0,0.011292435228824615,0.6239417195320129,0.011173704639077187,0.009037971496582031,0.0030476772226393223
road196_png.rf.6aa5da1b76ad6487d317d27963cc00d1.jpg,0,0.012217922136187553,0.6252697110176086,0.010755491442978382,0.009229733608663082,0.0022513598669320345
road196_png.rf.6aa5da1b76ad6487d317d27963cc00d1.jpg,7,0.9554855227470398,0.7207210659980774,0.007869867607951164,0.016817167401313782,0.0018513553077355027
road196_png.rf.6aa5da1b76ad6487d317d27963cc00d1.jpg,1,0.4022672772407532,0.8106856942176819,0.014147979207336903,0.009353124536573887,0.0018205383094027638
road196_png.rf.6aa5da1b76ad6487d317d27963cc00d1.jpg,0,0.0033247743267565966,0.806247353553772,0.00615081749856472,0.007417092099785805,0.0017169947968795896
road196_png.rf.6aa5da1b76ad6487d317d27963cc00d1.jpg,0,0.45913711190223694,0.7731769680976868,0.02454490028321743,0.022652186453342438,0.0016639218665659428
road196_png.rf.6aa5da1b76ad6487d317d27963cc00d1.jpg,14,0.5215166211128235,0.49048832058906555,0.6548539996147156,0.9809766411781311,0.0015391954220831394
road196_png.rf.6aa5da1b76ad6487d317d27963cc00d1.jpg,0,0.06737975031137466,0.8485235571861267,0.010257529094815254,0.007031881250441074,0.0014589006314054132
road196_png.rf.6aa5da1b76ad6487d317d27963cc00d1.jpg,1,0.21813185513019562,0.7986573576927185,0.011317950673401356,0.008195510134100914,0.0014537899987772107
road196_png.rf.6aa5da1b76ad6487d317d27963cc00d1.jpg,1,0.7921099066734314,0.9027699828147888,0.02191873826086521,0.014754735864698887,0.0012888666242361069
road196_png.rf.6aa5da1b76ad6487d317d27963cc00d1.jpg,1,0.39433208107948303,0.375244140625,0.7886641621589661,0.75048828125,0.0012159894686192274
road196_png.rf.6aa5da1b76ad6487d317d27963cc00d1.jpg,0,0.4446273446083069,0.8118445873260498,0.020656807348132133,0.011255411431193352,0.0011723678326234221
road196_png.rf.6aa5da1b76ad6487d317d27963cc00d1.jpg,0,0.06875579059123993,0.8476014137268066,0.009263974614441395,0.006864694878458977,0.0011705579236149788
road196_png.rf.6aa5da1b76ad6487d317d27963cc00d1.jpg,14,0.5053757429122925,0.3044462203979492,0.989248514175415,0.6088924407958984,0.0010810636449605227
road19_png.rf.05e1657af2361aab3c4d5deb43b29087.jpg,0,0.41135209798812866,0.3044801950454712,0.07905758917331696,0.18570569157600403,0.6536430716514587
road19_png.rf.05e1657af2361aab3c4d5deb43b29087.jpg,0,0.40790775418281555,0.27999967336654663,0.0938810259103775,0.23713257908821106,0.4105861783027649
road19_png.rf.05e1657af2361aab3c4d5deb43b29087.jpg,1,0.46696797013282776,0.34501972794532776,0.04938430339097977,0.11045768111944199,0.355103462934494
road19_png.rf.05e1657af2361aab3c4d5deb43b29087.jpg,0,0.701626718044281,0.49909284710884094,0.025335825979709625,0.020835289731621742,0.2962632179260254
road19_png.rf.05e1657af2361aab3c4d5deb43b29087.jpg,0,0.6977670192718506,0.4965934157371521,0.02639983408153057,0.02552887238562107,0.22013936936855316
road19_png.rf.05e1657af2361aab3c4d5deb43b29087.jpg,1,0.33926650881767273,0.5261183977127075,0.03126206994056702,0.02176501229405403,0.1916694939136505
road19_png.rf.05e1657af2361aab3c4d5deb43b29087.jpg,0,0.9839253425598145,0.056093480437994,0.03214946389198303,0.112186960875988,0.09812036901712418
road19_png.rf.05e1657af2361aab3c4d5deb43b29087.jpg,0,0.4113699197769165,0.24425922334194183,0.0987231582403183,0.3286811411380768,0.07471641898155212
road19_png.rf.05e1657af2361aab3c4d5deb43b29087.jpg,0,0.691039502620697,0.5132619142532349,0.04251795634627342,0.054219577461481094,0.0689336508512497
road19_png.rf.05e1657af2361aab3c4d5deb43b29087.jpg,0,0.691899836063385,0.49556758999824524,0.03721772879362106,0.030745433643460274,0.05774793401360512
road19_png.rf.05e1657af2361aab3c4d5deb43b29087.jpg,0,0.691819429397583,0.5002992749214172,0.04079664871096611,0.03658588230609894,0.05555573105812073
road19_png.rf.05e1657af2361aab3c4d5deb43b29087.jpg,0,0.7068607807159424,0.4994804859161377,0.03939078375697136,0.026924023404717445,0.053078990429639816
road19_png.rf.05e1657af2361aab3c4d5deb43b29087.jpg,1,0.34142088890075684,0.5270851850509644,0.03491988778114319,0.02890143170952797,0.045350223779678345
road19_png.rf.05e1657af2361aab3c4d5deb43b29087.jpg,0,0.4777049124240875,0.38624727725982666,0.06554603576660156,0.21037104725837708,0.03258221596479416
road19_png.rf.05e1657af2361aab3c4d5deb43b29087.jpg,0,0.49205172061920166,0.3864727020263672,0.09746896475553513,0.21964772045612335,0.02333471179008484
road19_png.rf.05e1657af2361aab3c4d5deb43b29087.jpg,0,0.9832219481468201,0.3490571677684784,0.03355620428919792,0.16572122275829315,0.020718008279800415
road19_png.rf.05e1657af2361aab3c4d5deb43b29087.jpg,1,0.4886203408241272,0.38204488158226013,0.10656478255987167,0.21785075962543488,0.016306843608617783
road19_png.rf.05e1657af2361aab3c4d5deb43b29087.jpg,0,0.7030277252197266,0.497788667678833,0.030475324019789696,0.026692060753703117,0.015481706708669662
road19_png.rf.05e1657af2361aab3c4d5deb43b29087.jpg,1,0.9861748218536377,0.4075733423233032,0.027457164600491524,0.12423376739025116,0.012409653514623642
road19_png.rf.05e1657af2361aab3c4d5deb43b29087.jpg,1,0.3430950939655304,0.5338799357414246,0.036416128277778625,0.04083659127354622,0.008699384517967701
road19_png.rf.05e1657af2361aab3c4d5deb43b29087.jpg,1,0.33490997552871704,0.526824414730072,0.037466563284397125,0.027426354587078094,0.008083167485892773
road19_png.rf.05e1657af2361aab3c4d5deb43b29087.jpg,0,0.508912980556488,0.40737006068229675,0.06130530685186386,0.15857906639575958,0.007771625183522701
road19_png.rf.05e1657af2361aab3c4d5deb43b29087.jpg,1,0.34447619318962097,0.5244585275650024,0.045327555388212204,0.030061356723308563,0.007744729984551668
road19_png.rf.05e1657af2361aab3c4d5deb43b29087.jpg,0,0.9870120286941528,0.417657732963562,0.025562653318047523,0.13082237541675568,0.00700192479416728
road19_png.rf.05e1657af2361aab3c4d5deb43b29087.jpg,0,0.7023739814758301,0.5022273063659668,0.031490545719861984,0.027091210708022118,0.0063917748630046844
road19_png.rf.05e1657af2361aab3c4d5deb43b29087.jpg,1,0.49282771348953247,0.40621691942214966,0.09064597636461258,0.16480101644992828,0.0059448182582855225
road19_png.rf.05e1657af2361aab3c4d5deb43b29087.jpg,0,0.6865595579147339,0.4957832396030426,0.050403449684381485,0.03502511978149414,0.004795144312083721
road19_png.rf.05e1657af2361aab3c4d5deb43b29087.jpg,0,0.9849527478218079,0.40576764941215515,0.02940368838608265,0.2420826554298401,0.0037755013909190893
road19_png.rf.05e1657af2361aab3c4d5deb43b29087.jpg,1,0.981443464756012,0.35539188981056213,0.037113264203071594,0.17056263983249664,0.003671765560284257
road19_png.rf.05e1657af2361aab3c4d5deb43b29087.jpg,0,0.2834925651550293,0.3966788649559021,0.5655380487442017,0.7882106900215149,0.0032425711397081614
road19_png.rf.05e1657af2361aab3c4d5deb43b29087.jpg,0,0.5114278793334961,0.472957044839859,0.20481689274311066,0.34951725602149963,0.002921922830864787
road19_png.rf.05e1657af2361aab3c4d5deb43b29087.jpg,0,0.9839311838150024,0.34101417660713196,0.03129071742296219,0.12135577946901321,0.002867436734959483
road19_png.rf.05e1657af2361aab3c4d5deb43b29087.jpg,1,0.9842647314071655,0.4414187967777252,0.031225718557834625,0.2768750786781311,0.001546932035125792
road19_png.rf.05e1657af2361aab3c4d5deb43b29087.jpg,0,0.9418882727622986,0.06117384508252144,0.012547053396701813,0.008080331608653069,0.0014390175929293036
road19_png.rf.05e1657af2361aab3c4d5deb43b29087.jpg,1,0.5068919062614441,0.477018803358078,0.21953077614307404,0.3774915933609009,0.0013666455633938313
road19_png.rf.05e1657af2361aab3c4d5deb43b29087.jpg,1,0.3293928802013397,0.5271449089050293,0.05062330886721611,0.0311764944344759,0.0013531007571145892
road19_png.rf.05e1657af2361aab3c4d5deb43b29087.jpg,0,0.5049164891242981,0.40950915217399597,0.08324813842773438,0.16929620504379272,0.0013521158834919333
road19_png.rf.05e1657af2361aab3c4d5deb43b29087.jpg,1,0.5961607098579407,0.3613421618938446,0.506081759929657,0.7221305966377258,0.0013515983009710908
road19_png.rf.05e1657af2361aab3c4d5deb43b29087.jpg,1,0.9835277795791626,0.5162369608879089,0.03248346969485283,0.13270096480846405,0.0012494261609390378
road19_png.rf.05e1657af2361aab3c4d5deb43b29087.jpg,10,0.5283325910568237,0.8673263788223267,0.014116141013801098,0.015034896321594715,0.0011811930453404784
road19_png.rf.05e1657af2361aab3c4d5deb43b29087.jpg,0,0.9846947193145752,0.4731226861476898,0.030404899269342422,0.27571946382522583,0.0011063667479902506
road19_png.rf.05e1657af2361aab3c4d5deb43b29087.jpg,0,0.9795770049095154,0.4558635950088501,0.039239004254341125,0.27837347984313965,0.0010537414345890284
road19_png.rf.05e1657af2361aab3c4d5deb43b29087.jpg,0,0.6986226439476013,0.49042296409606934,0.019942577928304672,0.03659233823418617,0.001003939425572753
road243_png.rf.555053220adbac3849def1e4105008fd.jpg,3,0.5260699391365051,0.6090920567512512,0.046110887080430984,0.037083957344293594,0.8919923305511475
road243_png.rf.555053220adbac3849def1e4105008fd.jpg,5,0.48291853070259094,0.6088201403617859,0.04366808757185936,0.03484843298792839,0.57780921459198
road243_png.rf.555053220adbac3849def1e4105008fd.jpg,3,0.48239681124687195,0.6091117858886719,0.04390067607164383,0.035814691334962845,0.5256348848342896
road243_png.rf.555053220adbac3849def1e4105008fd.jpg,12,0.48260536789894104,0.6100733876228333,0.043199945241212845,0.03538414463400841,0.4147999882698059
road243_png.rf.555053220adbac3849def1e4105008fd.jpg,13,0.4821464419364929,0.609442412853241,0.042688921093940735,0.035159554332494736,0.01071021519601345
road243_png.rf.555053220adbac3849def1e4105008fd.jpg,1,0.6115358471870422,0.8754757046699524,0.01295196171849966,0.00963467825204134,0.0031392851378768682
road243_png.rf.555053220adbac3849def1e4105008fd.jpg,0,0.6506732106208801,0.44413843750953674,0.039772842079401016,0.03139789402484894,0.0019327298505231738
road243_png.rf.555053220adbac3849def1e4105008fd.jpg,1,0.6143964529037476,0.8753381371498108,0.01583634875714779,0.012412731535732746,0.0014228629879653454
road254_png.rf.5ed92d428851755882973a8e28944076.jpg,8,0.44048553705215454,0.2414415180683136,0.16702044010162354,0.1355288028717041,0.8807740211486816
road254_png.rf.5ed92d428851755882973a8e28944076.jpg,1,0.042173366993665695,0.7849670648574829,0.02951732464134693,0.043445587158203125,0.003567197360098362
road254_png.rf.5ed92d428851755882973a8e28944076.jpg,1,0.8127343654632568,0.004301067441701889,0.020282600075006485,0.008602134883403778,0.003337452420964837
road254_png.rf.5ed92d428851755882973a8e28944076.jpg,1,0.8159215450286865,0.00472167506814003,0.02617616020143032,0.00944335013628006,0.003082951996475458
road254_png.rf.5ed92d428851755882973a8e28944076.jpg,1,0.039707329124212265,0.7844894528388977,0.01918950304389,0.03937046602368355,0.002697910415008664
road254_png.rf.5ed92d428851755882973a8e28944076.jpg,1,0.616707444190979,0.00668466929346323,0.09534667432308197,0.01336933858692646,0.00206032139249146
road254_png.rf.5ed92d428851755882973a8e28944076.jpg,1,0.6159380674362183,0.011393674649298191,0.08834380656480789,0.022787349298596382,0.0019783256575465202
road260_png.rf.47ad1e33078da07b4bf3b0e5712c926d.jpg,8,0.5434605479240417,0.40980544686317444,0.23607712984085083,0.20019106566905975,0.8823384046554565
road260_png.rf.47ad1e33078da07b4bf3b0e5712c926d.jpg,1,0.8235397934913635,0.3776255249977112,0.008207468315958977,0.006593631114810705,0.02372368425130844
road260_png.rf.47ad1e33078da07b4bf3b0e5712c926d.jpg,1,0.8249446153640747,0.378085732460022,0.008796325884759426,0.006752014625817537,0.0029502371326088905
road260_png.rf.47ad1e33078da07b4bf3b0e5712c926d.jpg,1,0.9956225156784058,0.5099717378616333,0.008445960469543934,0.04922768101096153,0.0023016929626464844
road260_png.rf.47ad1e33078da07b4bf3b0e5712c926d.jpg,1,0.8096535205841064,0.9358283281326294,0.018555201590061188,0.01625794731080532,0.0014432844473049045
road260_png.rf.47ad1e33078da07b4bf3b0e5712c926d.jpg,1,0.8314803242683411,0.5601508021354675,0.013758365996181965,0.008984602987766266,0.0013394003035500646
road260_png.rf.47ad1e33078da07b4bf3b0e5712c926d.jpg,1,0.15675711631774902,0.6709581017494202,0.009433810599148273,0.007117785047739744,0.0011810529977083206
road277_png.rf.3f53c2534447d823337f731b63c65c75.jpg,8,0.6602956652641296,0.3253366947174072,0.20989733934402466,0.16355064511299133,0.897102415561676
road277_png.rf.3f53c2534447d823337f731b63c65c75.jpg,0,0.0030418119858950377,0.8113544583320618,0.006083623971790075,0.010139538906514645,0.027920391410589218
road277_png.rf.3f53c2534447d823337f731b63c65c75.jpg,1,0.22739984095096588,0.16039596498012543,0.016621975228190422,0.01438481081277132,0.01861174777150154
road277_png.rf.3f53c2534447d823337f731b63c65c75.jpg,0,0.1284387856721878,0.670163094997406,0.014661633409559727,0.01303738821297884,0.014897376298904419
road277_png.rf.3f53c2534447d823337f731b63c65c75.jpg,1,0.054954804480075836,0.9953559637069702,0.022268259897828102,0.009288274683058262,0.00991917122155428
road277_png.rf.3f53c2534447d823337f731b63c65c75.jpg,0,0.19496002793312073,0.20150986313819885,0.012683098204433918,0.010153000243008137,0.008274226449429989
road277_png.rf.3f53c2534447d823337f731b63c65c75.jpg,1,0.19491954147815704,0.20041613280773163,0.013243419118225574,0.010642437264323235,0.006790581624954939
road277_png.rf.3f53c2534447d823337f731b63c65c75.jpg,1,0.1287641078233719,0.6695516705513,0.017171228304505348,0.016137197613716125,0.005720578134059906
road277_png.rf.3f53c2534447d823337f731b63c65c75.jpg,0,0.0027709410060197115,0.8105488419532776,0.005541882012039423,0.01577245257794857,0.005074744578450918
road277_png.rf.3f53c2534447d823337f731b63c65c75.jpg,1,0.19294942915439606,0.05885234475135803,0.013164154253900051,0.010601736605167389,0.0040954360738396645
road277_png.rf.3f53c2534447d823337f731b63c65c75.jpg,1,0.8907832503318787,0.6555152535438538,0.024871094152331352,0.022549042478203773,0.003559297416359186
road277_png.rf.3f53c2534447d823337f731b63c65c75.jpg,0,0.12842901051044464,0.6696063280105591,0.018187688663601875,0.01766997203230858,0.003377254121005535
road277_png.rf.3f53c2534447d823337f731b63c65c75.jpg,1,0.02922237478196621,0.8329313397407532,0.012722295708954334,0.011755136772990227,0.0029953939374536276
road277_png.rf.3f53c2534447d823337f731b63c65c75.jpg,1,0.055355798453092575,0.9947298765182495,0.029144370928406715,0.010540375486016273,0.002352513140067458
road277_png.rf.3f53c2534447d823337f731b63c65c75.jpg,0,0.0027031891513615847,0.8138042092323303,0.005406378302723169,0.01872965134680271,0.0021439327392727137
road277_png.rf.3f53c2534447d823337f731b63c65c75.jpg,1,0.8951470851898193,0.6579788327217102,0.0344446636736393,0.0278701800853014,0.002119748154655099
road277_png.rf.3f53c2534447d823337f731b63c65c75.jpg,1,0.6123566031455994,0.815735399723053,0.026858514174818993,0.05783741548657417,0.001540545141324401
road277_png.rf.3f53c2534447d823337f731b63c65c75.jpg,0,0.06550668179988861,0.7547661066055298,0.009123710915446281,0.008044170215725899,0.0014827217673882842
road277_png.rf.3f53c2534447d823337f731b63c65c75.jpg,1,0.10935705155134201,0.7480078935623169,0.009224314242601395,0.007607093546539545,0.0014756914461031556
road277_png.rf.3f53c2534447d823337f731b63c65c75.jpg,1,0.19393005967140198,0.06014568358659744,0.014205089770257473,0.012942337431013584,0.0013656410155817866
road277_png.rf.3f53c2534447d823337f731b63c65c75.jpg,0,0.04744280129671097,0.7693462371826172,0.008037732914090157,0.00642710505053401,0.001290478277951479
road277_png.rf.3f53c2534447d823337f731b63c65c75.jpg,1,0.7433257102966309,0.005120555404573679,0.03606444224715233,0.010241110809147358,0.0012249675346538424
road277_png.rf.3f53c2534447d823337f731b63c65c75.jpg,1,0.07412204891443253,0.48238760232925415,0.022884512320160866,0.020901460200548172,0.001181456376798451
road277_png.rf.3f53c2534447d823337f731b63c65c75.jpg,8,0.873881459236145,0.9832456111907959,0.24982210993766785,0.033508963882923126,0.0011081694392487407
road277_png.rf.3f53c2534447d823337f731b63c65c75.jpg,0,0.2168896347284317,0.858532726764679,0.013168335892260075,0.013392449356615543,0.0010360092855989933
road277_png.rf.3f53c2534447d823337f731b63c65c75.jpg,1,0.8661519289016724,0.8447834253311157,0.021694624796509743,0.021871421486139297,0.0010339549044147134
road277_png.rf.3f53c2534447d823337f731b63c65c75.jpg,1,0.09436748921871185,0.9454044699668884,0.011006181128323078,0.009015156887471676,0.0010158974910154939
road286_png.rf.702db0cc9906e626d838a77a4e79244d.jpg,8,0.47747349739074707,0.4224075376987457,0.2339833378791809,0.1862163245677948,0.8925186395645142
road286_png.rf.702db0cc9906e626d838a77a4e79244d.jpg,0,0.5271329879760742,0.1400362104177475,0.1308559626340866,0.280072420835495,0.05969933047890663
road286_png.rf.702db0cc9906e626d838a77a4e79244d.jpg,1,0.3002126216888428,0.7962690591812134,0.03028038889169693,0.028273509815335274,0.008190570399165154
road286_png.rf.702db0cc9906e626d838a77a4e79244d.jpg,0,0.3054935038089752,0.009118005633354187,0.10170179605484009,0.018146779388189316,0.006504081655293703
road286_png.rf.702db0cc9906e626d838a77a4e79244d.jpg,0,0.7904061675071716,0.7442132234573364,0.018952591344714165,0.013133563101291656,0.005485085304826498
road286_png.rf.702db0cc9906e626d838a77a4e79244d.jpg,0,0.7933098077774048,0.7428653836250305,0.017619941383600235,0.0129103297367692,0.004954145755618811
road286_png.rf.702db0cc9906e626d838a77a4e79244d.jpg,1,0.7950654625892639,0.8060769438743591,0.010827871970832348,0.007470204494893551,0.00458813039585948
road286_png.rf.702db0cc9906e626d838a77a4e79244d.jpg,0,0.3066994249820709,0.010794860310852528,0.13021984696388245,0.021589720621705055,0.00428220396861434
road286_png.rf.702db0cc9906e626d838a77a4e79244d.jpg,0,0.24794505536556244,0.37190431356430054,0.013296293094754219,0.009483814239501953,0.0036090053617954254
road286_png.rf.702db0cc9906e626d838a77a4e79244d.jpg,1,0.5768600702285767,0.15196163952350616,0.24071946740150452,0.3029356896877289,0.0031317933462560177
road286_png.rf.702db0cc9906e626d838a77a4e79244d.jpg,0,0.24992038309574127,0.37231770157814026,0.01451791264116764,0.010827614925801754,0.0021618681494146585
road286_png.rf.702db0cc9906e626d838a77a4e79244d.jpg,1,0.2956602871417999,0.7978310585021973,0.04150588810443878,0.03269489109516144,0.0019502436043694615
road286_png.rf.702db0cc9906e626d838a77a4e79244d.jpg,0,0.9283438324928284,0.11011393368244171,0.014096920378506184,0.03276324272155762,0.0018216590397059917
road286_png.rf.702db0cc9906e626d838a77a4e79244d.jpg,0,0.551477313041687,0.1345166116952896,0.17640843987464905,0.26469799876213074,0.001778607489541173
road286_png.rf.702db0cc9906e626d838a77a4e79244d.jpg,1,0.31656742095947266,0.5656169056892395,0.018786504864692688,0.012878271751105785,0.0016610996099188924
road286_png.rf.702db0cc9906e626d838a77a4e79244d.jpg,0,0.22083859145641327,0.05202098190784454,0.008868657983839512,0.009040484204888344,0.0016432442935183644
road286_png.rf.702db0cc9906e626d838a77a4e79244d.jpg,1,0.305603563785553,0.3107715845108032,0.012353622354567051,0.008640234358608723,0.0014511012705042958
road286_png.rf.702db0cc9906e626d838a77a4e79244d.jpg,1,0.3333902359008789,0.010265903547406197,0.1354576051235199,0.020531807094812393,0.001443467102944851
road286_png.rf.702db0cc9906e626d838a77a4e79244d.jpg,0,0.6646835803985596,0.2985394299030304,0.023394659161567688,0.025449754670262337,0.001161196967586875
road286_png.rf.702db0cc9906e626d838a77a4e79244d.jpg,0,0.542364239692688,0.17947576940059662,0.12373389303684235,0.14898791909217834,0.0011563926236703992
road286_png.rf.702db0cc9906e626d838a77a4e79244d.jpg,1,0.2984616160392761,0.7929872870445251,0.026466626673936844,0.01729811169207096,0.0011375178582966328
road286_png.rf.702db0cc9906e626d838a77a4e79244d.jpg,1,0.3352162539958954,0.012427251785993576,0.19875317811965942,0.024854503571987152,0.0011239295126870275
road286_png.rf.702db0cc9906e626d838a77a4e79244d.jpg,0,0.6590808033943176,0.26384586095809937,0.11480573564767838,0.21845750510692596,0.0011092097265645862
road288_png.rf.db64fffa70c02e58aabcbb10e3a19798.jpg,8,0.39759671688079834,0.4744618535041809,0.12225151807069778,0.09538617730140686,0.9465773105621338
road288_png.rf.db64fffa70c02e58aabcbb10e3a19798.jpg,1,0.16731281578540802,0.32946375012397766,0.02325272560119629,0.05171966925263405,0.014845813624560833
road288_png.rf.db64fffa70c02e58aabcbb10e3a19798.jpg,1,0.7376172542572021,0.4405432641506195,0.023580478504300117,0.028071844950318336,0.006613156292587519
road288_png.rf.db64fffa70c02e58aabcbb10e3a19798.jpg,1,0.7459835410118103,0.3552044630050659,0.021208984777331352,0.03358903527259827,0.005715640727430582
road288_png.rf.db64fffa70c02e58aabcbb10e3a19798.jpg,1,0.16708022356033325,0.3399026095867157,0.02437516488134861,0.07351189851760864,0.004295531660318375
road288_png.rf.db64fffa70c02e58aabcbb10e3a19798.jpg,1,0.7395081520080566,0.4380287230014801,0.019789109006524086,0.01574094593524933,0.003778535407036543
road288_png.rf.db64fffa70c02e58aabcbb10e3a19798.jpg,1,0.7372820973396301,0.4387235939502716,0.01712058112025261,0.012768232263624668,0.002066983375698328
road288_png.rf.db64fffa70c02e58aabcbb10e3a19798.jpg,1,0.16836830973625183,0.3609426021575928,0.03016636148095131,0.13279303908348083,0.001967867137864232
road288_png.rf.db64fffa70c02e58aabcbb10e3a19798.jpg,1,0.7348611354827881,0.4432503879070282,0.029660958796739578,0.029479101300239563,0.0014040840324014425
road288_png.rf.db64fffa70c02e58aabcbb10e3a19798.jpg,1,0.7398963570594788,0.4440675377845764,0.030810797587037086,0.03450463339686394,0.001097670174203813
road289_png.rf.ba6012fe8a27d9f53d8d66bb29db5ad8.jpg,14,0.3469914197921753,0.4568330943584442,0.28913503885269165,0.23026849329471588,0.9062187671661377
road289_png.rf.ba6012fe8a27d9f53d8d66bb29db5ad8.jpg,10,0.3536968231201172,0.07693462818861008,0.020028188824653625,0.03137623518705368,0.03792712092399597
road289_png.rf.ba6012fe8a27d9f53d8d66bb29db5ad8.jpg,0,0.9034081101417542,0.899429202079773,0.19318397343158722,0.20114165544509888,0.013297498226165771
road289_png.rf.ba6012fe8a27d9f53d8d66bb29db5ad8.jpg,1,0.4019104242324829,0.004017696715891361,0.021120255813002586,0.00788501650094986,0.007123077288269997
road289_png.rf.ba6012fe8a27d9f53d8d66bb29db5ad8.jpg,6,0.3535972237586975,0.07659390568733215,0.02051294781267643,0.03177381306886673,0.005612414795905352
road289_png.rf.ba6012fe8a27d9f53d8d66bb29db5ad8.jpg,0,0.9282900094985962,0.9017930626869202,0.14342001080513,0.19641393423080444,0.005541473161429167
road289_png.rf.ba6012fe8a27d9f53d8d66bb29db5ad8.jpg,0,0.6165057420730591,0.9787756204605103,0.035640865564346313,0.04161277413368225,0.003659877460449934
road289_png.rf.ba6012fe8a27d9f53d8d66bb29db5ad8.jpg,1,0.4100147485733032,0.0036780594382435083,0.01987798511981964,0.007308052387088537,0.003615604480728507
road289_png.rf.ba6012fe8a27d9f53d8d66bb29db5ad8.jpg,0,0.9310231804847717,0.661584734916687,0.1140948086977005,0.26230573654174805,0.003612752305343747
road289_png.rf.ba6012fe8a27d9f53d8d66bb29db5ad8.jpg,0,0.8641851544380188,0.891560971736908,0.1184796616435051,0.21687816083431244,0.0030041260179132223
road289_png.rf.ba6012fe8a27d9f53d8d66bb29db5ad8.jpg,1,0.739489734172821,0.5040305852890015,0.012680934742093086,0.008375167846679688,0.0024772118777036667
road289_png.rf.ba6012fe8a27d9f53d8d66bb29db5ad8.jpg,1,0.1256617307662964,0.00465915072709322,0.01649872213602066,0.009008312597870827,0.0022598234936594963
road289_png.rf.ba6012fe8a27d9f53d8d66bb29db5ad8.jpg,0,0.6584628224372864,0.5552255511283875,0.011858353391289711,0.014837008900940418,0.0020567812025547028
road289_png.rf.ba6012fe8a27d9f53d8d66bb29db5ad8.jpg,0,0.6186280250549316,0.9853463172912598,0.03729402273893356,0.029270393773913383,0.0020544237922877073
road289_png.rf.ba6012fe8a27d9f53d8d66bb29db5ad8.jpg,1,0.818771243095398,0.3755168914794922,0.013795046135783195,0.009585601277649403,0.0019954522140324116
road289_png.rf.ba6012fe8a27d9f53d8d66bb29db5ad8.jpg,13,0.35367757081985474,0.07692363858222961,0.01729349046945572,0.03226878121495247,0.0014598205452784896
road289_png.rf.ba6012fe8a27d9f53d8d66bb29db5ad8.jpg,1,0.1916038542985916,0.11969073116779327,0.01807698979973793,0.013636644929647446,0.0012842066353186965
road289_png.rf.ba6012fe8a27d9f53d8d66bb29db5ad8.jpg,1,0.338528573513031,0.0040549724362790585,0.021529382094740868,0.008106986992061138,0.001281284843571484
road289_png.rf.ba6012fe8a27d9f53d8d66bb29db5ad8.jpg,0,0.36935359239578247,0.005804157350212336,0.00986741203814745,0.009459777735173702,0.001272602821700275
road289_png.rf.ba6012fe8a27d9f53d8d66bb29db5ad8.jpg,1,0.33147552609443665,0.004164800047874451,0.020082253962755203,0.008274232968688011,0.00118650880176574
road28_png.rf.d0de3563c76ae8b60ecdaf41757d472b.jpg,1,0.44918158650398254,0.07715827971696854,0.043225474655628204,0.1432981938123703,0.28750431537628174
road28_png.rf.d0de3563c76ae8b60ecdaf41757d472b.jpg,0,0.44891557097435,0.07776277512311935,0.04492880776524544,0.14186044037342072,0.2317398488521576
road28_png.rf.d0de3563c76ae8b60ecdaf41757d472b.jpg,1,0.04181043058633804,0.8733554482460022,0.08362086117267609,0.2532891631126404,0.01874411478638649
road28_png.rf.d0de3563c76ae8b60ecdaf41757d472b.jpg,1,0.0254597719758749,0.869533121585846,0.050770506262779236,0.2609338164329529,0.009665723890066147
road28_png.rf.d0de3563c76ae8b60ecdaf41757d472b.jpg,4,0.7306768298149109,0.14474880695343018,0.0365937314927578,0.06550248712301254,0.009031133726239204
road28_png.rf.d0de3563c76ae8b60ecdaf41757d472b.jpg,1,0.01932714134454727,0.8752641081809998,0.03865428268909454,0.24947181344032288,0.004912579897791147
road28_png.rf.d0de3563c76ae8b60ecdaf41757d472b.jpg,1,0.7310431003570557,0.14509405195713043,0.03570571541786194,0.06518370658159256,0.003916927147656679
road28_png.rf.d0de3563c76ae8b60ecdaf41757d472b.jpg,0,0.01892446167767048,0.8452248573303223,0.03784892335534096,0.2102607637643814,0.003882921766489744
road28_png.rf.d0de3563c76ae8b60ecdaf41757d472b.jpg,1,0.4505993127822876,0.05894480645656586,0.04372318089008331,0.10216115415096283,0.0035236594267189503
road28_png.rf.d0de3563c76ae8b60ecdaf41757d472b.jpg,5,0.7311140298843384,0.1448315680027008,0.03657759353518486,0.06479476392269135,0.0016161482781171799
road28_png.rf.d0de3563c76ae8b60ecdaf41757d472b.jpg,0,0.010713966563344002,0.8046066164970398,0.021088654175400734,0.06245686858892441,0.0013805498601868749
road28_png.rf.d0de3563c76ae8b60ecdaf41757d472b.jpg,9,0.11203842610120773,0.6999526619911194,0.03866004943847656,0.07216402143239975,0.0013727202313020825
road28_png.rf.d0de3563c76ae8b60ecdaf41757d472b.jpg,1,0.6399314999580383,0.013902583159506321,0.022816071286797523,0.027400286868214607,0.0012846848694607615
road28_png.rf.d0de3563c76ae8b60ecdaf41757d472b.jpg,12,0.01999020017683506,0.8471556901931763,0.03966233879327774,0.13348917663097382,0.0012775759678333998
road28_png.rf.d0de3563c76ae8b60ecdaf41757d472b.jpg,0,0.8679962754249573,0.47746220231056213,0.019130414351820946,0.06493169069290161,0.0012373927747830749
road28_png.rf.d0de3563c76ae8b60ecdaf41757d472b.jpg,0,0.017151162028312683,0.8094595670700073,0.034302324056625366,0.2745833098888397,0.0011110567720606923
road305_png.rf.f807df671677244a7387d2ffbe200f58.jpg,8,0.5261185765266418,0.41200414299964905,0.5709772109985352,0.6053956151008606,0.9006766676902771
road305_png.rf.f807df671677244a7387d2ffbe200f58.jpg,0,0.990296483039856,0.12548425793647766,0.01550909224897623,0.013718348927795887,0.003806191263720393
road305_png.rf.f807df671677244a7387d2ffbe200f58.jpg,1,0.9948418140411377,0.12630978226661682,0.00889565423130989,0.0129783246666193,0.0026847291737794876
road305_png.rf.f807df671677244a7387d2ffbe200f58.jpg,1,0.9936020374298096,0.12458882480859756,0.011218511499464512,0.01543203741312027,0.002534053986892104
road305_png.rf.f807df671677244a7387d2ffbe200f58.jpg,8,0.4750650227069855,0.985361635684967,0.29977041482925415,0.02927677519619465,0.0019300257554277778
road312_png.rf.ad2229fb2f7e136d7747b9568f121af4.jpg,8,0.2895604968070984,0.37570711970329285,0.5770212411880493,0.6431288123130798,0.9167358875274658
road312_png.rf.ad2229fb2f7e136d7747b9568f121af4.jpg,8,0.1660798341035843,0.1317814290523529,0.3321596682071686,0.2635628581047058,0.033301010727882385
road312_png.rf.ad2229fb2f7e136d7747b9568f121af4.jpg,13,0.6888930797576904,0.30819645524024963,0.017263267189264297,0.021992996335029602,0.023370614275336266
road312_png.rf.ad2229fb2f7e136d7747b9568f121af4.jpg,8,0.14913275837898254,0.1772647649049759,0.2982655167579651,0.3540286421775818,0.0023254137486219406
road312_png.rf.ad2229fb2f7e136d7747b9568f121af4.jpg,1,0.6207809448242188,0.2898262143135071,0.01902349293231964,0.021523091942071915,0.002206180477514863
road312_png.rf.ad2229fb2f7e136d7747b9568f121af4.jpg,1,0.6211893558502197,0.28816479444503784,0.016397586092352867,0.016871526837348938,0.0018693748861551285
road312_png.rf.ad2229fb2f7e136d7747b9568f121af4.jpg,11,0.15967532992362976,0.10143149644136429,0.3185613751411438,0.2018689215183258,0.001607423066161573
road314_png.rf.697a2d138347ee6ee2da288b2ffe8e9d.jpg,8,0.17202463746070862,0.7128069400787354,0.08683700859546661,0.07429225742816925,0.9564810991287231
road314_png.rf.697a2d138347ee6ee2da288b2ffe8e9d.jpg,8,0.47656485438346863,0.4900130033493042,0.19417892396450043,0.15840204060077667,0.8941799402236938
road314_png.rf.697a2d138347ee6ee2da288b2ffe8e9d.jpg,1,0.38468942046165466,0.17979076504707336,0.01119969505816698,0.00951132457703352,0.04025181010365486
road314_png.rf.697a2d138347ee6ee2da288b2ffe8e9d.jpg,1,0.6311771869659424,0.036208994686603546,0.017650384455919266,0.022032666951417923,0.025330768898129463
road314_png.rf.697a2d138347ee6ee2da288b2ffe8e9d.jpg,1,0.6860793232917786,0.24879035353660583,0.02197008952498436,0.013691077008843422,0.013543362729251385
road314_png.rf.697a2d138347ee6ee2da288b2ffe8e9d.jpg,1,0.6322545409202576,0.03820474073290825,0.015396852046251297,0.017306754365563393,0.013480459339916706
road314_png.rf.697a2d138347ee6ee2da288b2ffe8e9d.jpg,1,0.5555406808853149,0.12379729002714157,0.021634945645928383,0.014096847735345364,0.009559914469718933
road314_png.rf.697a2d138347ee6ee2da288b2ffe8e9d.jpg,3,0.903915524482727,0.17140847444534302,0.010505969636142254,0.013253340497612953,0.0056409696117043495
road314_png.rf.697a2d138347ee6ee2da288b2ffe8e9d.jpg,4,0.9804627895355225,0.31323695182800293,0.019722498953342438,0.021626675501465797,0.004076946992427111
road314_png.rf.697a2d138347ee6ee2da288b2ffe8e9d.jpg,4,0.3398471474647522,0.16955548524856567,0.01372502464801073,0.012800345197319984,0.0038873835001140833
road314_png.rf.697a2d138347ee6ee2da288b2ffe8e9d.jpg,3,0.9816365242004395,0.31358999013900757,0.021395904943346977,0.02193588577210903,0.003598493756726384
road314_png.rf.697a2d138347ee6ee2da288b2ffe8e9d.jpg,0,0.9770241975784302,0.8374593257904053,0.04592660814523697,0.1377408802509308,0.003088989993557334
road314_png.rf.697a2d138347ee6ee2da288b2ffe8e9d.jpg,0,0.7737765908241272,0.41484731435775757,0.03445478528738022,0.027119234204292297,0.00305526377633214
road314_png.rf.697a2d138347ee6ee2da288b2ffe8e9d.jpg,1,0.7766966819763184,0.4133099317550659,0.023389963433146477,0.02053469978272915,0.0029600185807794333
road314_png.rf.697a2d138347ee6ee2da288b2ffe8e9d.jpg,1,0.7775782346725464,0.41501662135124207,0.026815341785550117,0.02585957758128643,0.0027393484488129616
road314_png.rf.697a2d138347ee6ee2da288b2ffe8e9d.jpg,1,0.014804231002926826,0.06718500703573227,0.02699083648622036,0.02318633534014225,0.0026229810900986195
road314_png.rf.697a2d138347ee6ee2da288b2ffe8e9d.jpg,4,0.9067647457122803,0.17396946251392365,0.010556001216173172,0.012059303931891918,0.0025672842748463154
road314_png.rf.697a2d138347ee6ee2da288b2ffe8e9d.jpg,0,0.9967548847198486,0.4370492994785309,0.006490194238722324,0.01476034801453352,0.0024887186009436846
road314_png.rf.697a2d138347ee6ee2da288b2ffe8e9d.jpg,1,0.6870335936546326,0.24626299738883972,0.02180444449186325,0.01478241104632616,0.0024077901616692543
road314_png.rf.697a2d138347ee6ee2da288b2ffe8e9d.jpg,6,0.5621304512023926,0.38041365146636963,0.868401288986206,0.7571887969970703,0.002348128939047456
road314_png.rf.697a2d138347ee6ee2da288b2ffe8e9d.jpg,1,0.1278480589389801,0.019266506657004356,0.015225154347717762,0.011830120347440243,0.0022012910339981318
road314_png.rf.697a2d138347ee6ee2da288b2ffe8e9d.jpg,1,0.6219373345375061,0.003981520887464285,0.02271399274468422,0.00796304177492857,0.002153610810637474
road314_png.rf.697a2d138347ee6ee2da288b2ffe8e9d.jpg,1,0.5559719204902649,0.12631890177726746,0.02573101408779621,0.014515051618218422,0.0021106598433107138
road314_png.rf.697a2d138347ee6ee2da288b2ffe8e9d.jpg,1,0.6293829679489136,0.27446213364601135,0.019536752253770828,0.014055325649678707,0.001966071082279086
road314_png.rf.697a2d138347ee6ee2da288b2ffe8e9d.jpg,1,0.9722411632537842,0.8359323143959045,0.055204395204782486,0.1133456602692604,0.001838871743530035
road314_png.rf.697a2d138347ee6ee2da288b2ffe8e9d.jpg,1,0.7799898386001587,0.4151577055454254,0.020312750712037086,0.02170206978917122,0.0018372585764154792
road314_png.rf.697a2d138347ee6ee2da288b2ffe8e9d.jpg,1,0.5620609521865845,0.1267888844013214,0.027220139279961586,0.01493651233613491,0.0018096286803483963
road314_png.rf.697a2d138347ee6ee2da288b2ffe8e9d.jpg,0,0.8684614896774292,0.7439223527908325,0.021582530811429024,0.044172435998916626,0.0017897664802148938
road314_png.rf.697a2d138347ee6ee2da288b2ffe8e9d.jpg,1,0.5535117387771606,0.12394898384809494,0.02465314231812954,0.01756034605205059,0.001785191474482417
road314_png.rf.697a2d138347ee6ee2da288b2ffe8e9d.jpg,0,0.7818077206611633,0.4143344461917877,0.018046673387289047,0.021297931671142578,0.0015541064785793424
road314_png.rf.697a2d138347ee6ee2da288b2ffe8e9d.jpg,1,0.6266642808914185,0.01271046418696642,0.02729049138724804,0.024028385058045387,0.0014984102454036474
road314_png.rf.697a2d138347ee6ee2da288b2ffe8e9d.jpg,1,0.1274377852678299,0.022402087226510048,0.01304381713271141,0.00927568320184946,0.0014627150958403945
road314_png.rf.697a2d138347ee6ee2da288b2ffe8e9d.jpg,1,0.5555557608604431,0.12606379389762878,0.02800321765244007,0.021768901497125626,0.0014508130261674523
road314_png.rf.697a2d138347ee6ee2da288b2ffe8e9d.jpg,3,0.0689006820321083,0.004642652813345194,0.025324763730168343,0.009285305626690388,0.0014487490989267826
road314_png.rf.697a2d138347ee6ee2da288b2ffe8e9d.jpg,0,0.778821587562561,0.41520729660987854,0.025191234424710274,0.027020419016480446,0.0013118514325469732
road314_png.rf.697a2d138347ee6ee2da288b2ffe8e9d.jpg,1,0.7743897438049316,0.4145243763923645,0.031049730256199837,0.029943468049168587,0.001281085191294551
road314_png.rf.697a2d138347ee6ee2da288b2ffe8e9d.jpg,0,0.24261556565761566,0.308855265378952,0.04527490213513374,0.11789271235466003,0.0012389100156724453
road314_png.rf.697a2d138347ee6ee2da288b2ffe8e9d.jpg,1,0.006464405916631222,0.3030632436275482,0.012546136043965816,0.018992479890584946,0.0011771779973059893
road314_png.rf.697a2d138347ee6ee2da288b2ffe8e9d.jpg,1,0.3846210241317749,0.18133042752742767,0.013105393387377262,0.013915282674133778,0.0011512405471876264
road314_png.rf.697a2d138347ee6ee2da288b2ffe8e9d.jpg,1,0.12517592310905457,0.01932526007294655,0.014924654737114906,0.012382544577121735,0.001076528918929398
road314_png.rf.697a2d138347ee6ee2da288b2ffe8e9d.jpg,1,0.8090711832046509,0.29365500807762146,0.03696683794260025,0.02970932237803936,0.0010731284273788333
road314_png.rf.697a2d138347ee6ee2da288b2ffe8e9d.jpg,1,0.6269373297691345,0.0042079356499016285,0.02632519043982029,0.008415871299803257,0.001046138466335833
road314_png.rf.697a2d138347ee6ee2da288b2ffe8e9d.jpg,1,0.334207683801651,0.003961311187595129,0.016504177823662758,0.007756671868264675,0.0010293781524524093
road314_png.rf.697a2d138347ee6ee2da288b2ffe8e9d.jpg,3,0.9930898547172546,0.1465378999710083,0.01299916859716177,0.0644197091460228,0.0010073842713609338
road320_png.rf.65f55afb9e0eb549cb01be72786c8b42.jpg,8,0.6097102761268616,0.5999494194984436,0.1746354103088379,0.1419016420841217,0.9122492671012878
road320_png.rf.65f55afb9e0eb549cb01be72786c8b42.jpg,0,0.9512174129486084,0.40636733174324036,0.025527222082018852,0.05574556812644005,0.0024073412641882896
road320_png.rf.65f55afb9e0eb549cb01be72786c8b42.jpg,1,0.37350165843963623,0.7238181233406067,0.019126929342746735,0.017469186335802078,0.0020473580807447433
road320_png.rf.65f55afb9e0eb549cb01be72786c8b42.jpg,0,0.5002933740615845,0.3493202328681946,0.9994133710861206,0.6958617568016052,0.0014804607490077615
road320_png.rf.65f55afb9e0eb549cb01be72786c8b42.jpg,1,0.9343533515930176,0.005151537712663412,0.03636397048830986,0.010303075425326824,0.0012160369660705328
road321_png.rf.f9c13308da074b8ee78f43f6c7ea54f3.jpg,8,0.5204154253005981,0.4814663231372833,0.14711366593837738,0.1145814061164856,0.8678317070007324
road321_png.rf.f9c13308da074b8ee78f43f6c7ea54f3.jpg,8,0.3459240198135376,0.6026576161384583,0.061856381595134735,0.056721873581409454,0.11750446259975433
road321_png.rf.f9c13308da074b8ee78f43f6c7ea54f3.jpg,7,0.34492355585098267,0.6067249178886414,0.057908281683921814,0.06153477355837822,0.07010514289140701
road321_png.rf.f9c13308da074b8ee78f43f6c7ea54f3.jpg,0,0.6769818663597107,0.08348511904478073,0.03563587740063667,0.054104819893836975,0.0299819428473711
road321_png.rf.f9c13308da074b8ee78f43f6c7ea54f3.jpg,12,0.3447639048099518,0.6065362691879272,0.057639673352241516,0.06266763061285019,0.02786579355597496
road321_png.rf.f9c13308da074b8ee78f43f6c7ea54f3.jpg,0,0.6593311429023743,0.08191653341054916,0.04679364711046219,0.05941236391663551,0.022247713059186935
road321_png.rf.f9c13308da074b8ee78f43f6c7ea54f3.jpg,1,0.1976916640996933,0.06752749532461166,0.014094151556491852,0.01190663781017065,0.007935996167361736
road321_png.rf.f9c13308da074b8ee78f43f6c7ea54f3.jpg,1,0.0413513258099556,0.0035566273145377636,0.03968631476163864,0.007113254629075527,0.007774067111313343
road321_png.rf.f9c13308da074b8ee78f43f6c7ea54f3.jpg,0,0.6701232194900513,0.0823792815208435,0.04976426810026169,0.05845823884010315,0.007283410057425499
road321_png.rf.f9c13308da074b8ee78f43f6c7ea54f3.jpg,1,0.5820772051811218,0.17902103066444397,0.01932118646800518,0.018467849120497704,0.005574022885411978
road321_png.rf.f9c13308da074b8ee78f43f6c7ea54f3.jpg,0,0.678900957107544,0.0882013589143753,0.04693244397640228,0.05082825571298599,0.003926766104996204
road321_png.rf.f9c13308da074b8ee78f43f6c7ea54f3.jpg,12,0.6979430317878723,0.003896582406014204,0.02460208348929882,0.007793164812028408,0.0029352407436817884
road321_png.rf.f9c13308da074b8ee78f43f6c7ea54f3.jpg,14,0.4170655608177185,0.4957959055900574,0.834131121635437,0.9882605075836182,0.0028720730915665627
road321_png.rf.f9c13308da074b8ee78f43f6c7ea54f3.jpg,1,0.19866310060024261,0.06814809143543243,0.01305200532078743,0.00946920644491911,0.0026172553189098835
road321_png.rf.f9c13308da074b8ee78f43f6c7ea54f3.jpg,1,0.5863133668899536,0.17835114896297455,0.027525609359145164,0.022312238812446594,0.0023701321333646774
road321_png.rf.f9c13308da074b8ee78f43f6c7ea54f3.jpg,1,0.5936229825019836,0.17781570553779602,0.043960537761449814,0.026401299983263016,0.002174235647544265
road321_png.rf.f9c13308da074b8ee78f43f6c7ea54f3.jpg,14,0.44606995582580566,0.23902326822280884,0.8921399116516113,0.4775069057941437,0.002081330167129636
road321_png.rf.f9c13308da074b8ee78f43f6c7ea54f3.jpg,0,0.6758028268814087,0.11770199239253998,0.05660270154476166,0.11581780016422272,0.0018762676045298576
road321_png.rf.f9c13308da074b8ee78f43f6c7ea54f3.jpg,3,0.6405985951423645,0.004105817060917616,0.03592146560549736,0.008211634121835232,0.0017402711091563106
road321_png.rf.f9c13308da074b8ee78f43f6c7ea54f3.jpg,1,0.1363716870546341,0.5074134469032288,0.009919285774230957,0.03011919930577278,0.0017231404781341553
road321_png.rf.f9c13308da074b8ee78f43f6c7ea54f3.jpg,1,0.042212340980768204,0.0037974140141159296,0.05594152957201004,0.007594828028231859,0.0016772440867498517
road321_png.rf.f9c13308da074b8ee78f43f6c7ea54f3.jpg,0,0.6578486561775208,0.09217038005590439,0.09285758435726166,0.07661783695220947,0.001639645197428763
road321_png.rf.f9c13308da074b8ee78f43f6c7ea54f3.jpg,12,0.636002242565155,0.004402197431772947,0.04392818361520767,0.008804394863545895,0.0015464682364836335
road321_png.rf.f9c13308da074b8ee78f43f6c7ea54f3.jpg,1,0.02805512398481369,0.003765914123505354,0.024012310430407524,0.00744397658854723,0.0014591325307264924
road321_png.rf.f9c13308da074b8ee78f43f6c7ea54f3.jpg,0,0.6012185215950012,0.22220051288604736,0.01249441783875227,0.009192650206387043,0.0012976254802197218
road321_png.rf.f9c13308da074b8ee78f43f6c7ea54f3.jpg,0,0.681557297706604,0.07621617615222931,0.02703351341187954,0.04440971836447716,0.0012883670860901475
road321_png.rf.f9c13308da074b8ee78f43f6c7ea54f3.jpg,13,0.6460624933242798,0.0036693697329610586,0.026111604645848274,0.007338739465922117,0.0012455680407583714
road321_png.rf.f9c13308da074b8ee78f43f6c7ea54f3.jpg,0,0.6616598963737488,0.08266760408878326,0.07452583312988281,0.06991992145776749,0.0012248520506545901
road321_png.rf.f9c13308da074b8ee78f43f6c7ea54f3.jpg,6,0.37720924615859985,0.2025383859872818,0.7478061318397522,0.404742032289505,0.00121793569996953
road321_png.rf.f9c13308da074b8ee78f43f6c7ea54f3.jpg,12,0.6940736174583435,0.004236831329762936,0.02181192673742771,0.00847296416759491,0.0011220776941627264
road321_png.rf.f9c13308da074b8ee78f43f6c7ea54f3.jpg,14,0.21299441158771515,0.2786920666694641,0.4259888231754303,0.5573841333389282,0.0011202823370695114
road321_png.rf.f9c13308da074b8ee78f43f6c7ea54f3.jpg,1,0.19594822824001312,0.06760246306657791,0.019156932830810547,0.015024539083242416,0.0011060971301048994
road321_png.rf.f9c13308da074b8ee78f43f6c7ea54f3.jpg,1,0.4413853585720062,0.06756991147994995,0.018076090142130852,0.013239673338830471,0.0010866273660212755
road322_png.rf.6028574359019d435c66689704d0418f.jpg,8,0.42654091119766235,0.44916340708732605,0.16113649308681488,0.17317809164524078,0.8885923624038696
road322_png.rf.6028574359019d435c66689704d0418f.jpg,0,0.011400721967220306,0.031769294291734695,0.022565240040421486,0.06299971044063568,0.06099756807088852
road322_png.rf.6028574359019d435c66689704d0418f.jpg,4,0.06504500657320023,0.19933490455150604,0.012230910360813141,0.02602650597691536,0.029066121205687523
road322_png.rf.6028574359019d435c66689704d0418f.jpg,0,0.009236910380423069,0.026706961914896965,0.01796472631394863,0.051354099065065384,0.011596308089792728
road322_png.rf.6028574359019d435c66689704d0418f.jpg,1,0.2602400779724121,0.5060616731643677,0.01924028806388378,0.013346085324883461,0.00984582956880331
road322_png.rf.6028574359019d435c66689704d0418f.jpg,1,0.2613801956176758,0.5055968165397644,0.022197101265192032,0.016567230224609375,0.00863307062536478
road322_png.rf.6028574359019d435c66689704d0418f.jpg,0,0.7667889595031738,0.7276104688644409,0.009978661313652992,0.0376996286213398,0.006631466094404459
road322_png.rf.6028574359019d435c66689704d0418f.jpg,1,0.3023037910461426,0.5715732574462891,0.015915632247924805,0.012602366507053375,0.005463998764753342
road322_png.rf.6028574359019d435c66689704d0418f.jpg,0,0.013098425231873989,0.044099342077970505,0.026196850463747978,0.08819868415594101,0.0037515319418162107
road322_png.rf.6028574359019d435c66689704d0418f.jpg,1,0.9650388956069946,0.4867132008075714,0.06992215663194656,0.8829255104064941,0.003459756728261709
road322_png.rf.6028574359019d435c66689704d0418f.jpg,0,0.020338190719485283,0.03483501821756363,0.0400129072368145,0.06967003643512726,0.002489070175215602
road322_png.rf.6028574359019d435c66689704d0418f.jpg,1,0.8646058440208435,0.5020979046821594,0.2702987492084503,0.9958043098449707,0.0023220751900225878
road322_png.rf.6028574359019d435c66689704d0418f.jpg,1,0.30375099182128906,0.5712875723838806,0.019115962088108063,0.016235094517469406,0.0021805448923259974
road322_png.rf.6028574359019d435c66689704d0418f.jpg,1,0.11406988650560379,0.1980304718017578,0.021480973809957504,0.02130950428545475,0.0017832816811278462
road322_png.rf.6028574359019d435c66689704d0418f.jpg,0,0.3412019908428192,0.0038269590586423874,0.03718339651823044,0.007653918117284775,0.0017602057196199894
road322_png.rf.6028574359019d435c66689704d0418f.jpg,1,0.9401406645774841,0.5020080208778381,0.1197187751531601,0.9959840178489685,0.001578000606968999
road322_png.rf.6028574359019d435c66689704d0418f.jpg,0,0.014806099236011505,0.020290939137339592,0.028314175084233284,0.0404377356171608,0.001498074852861464
road322_png.rf.6028574359019d435c66689704d0418f.jpg,1,0.9700513482093811,0.528302013874054,0.05975063145160675,0.7159457802772522,0.0010810946114361286
road322_png.rf.6028574359019d435c66689704d0418f.jpg,1,0.9536623358726501,0.4491763710975647,0.0926753580570221,0.8857200741767883,0.0010669876355677843
road323_png.rf.b843dd95b3d22917710ac75cca4a57b0.jpg,14,0.5640028119087219,0.4151378571987152,0.258674293756485,0.2004372626543045,0.7425591945648193
road323_png.rf.b843dd95b3d22917710ac75cca4a57b0.jpg,9,0.6023433804512024,0.6132136583328247,0.2835216224193573,0.23007474839687347,0.6680862307548523
road339_png.rf.a176f5700f7182473dd4c3a268ebcbbd.jpg,14,0.5010966658592224,0.2599794864654541,0.3837554454803467,0.3131197392940521,0.9103327393531799
road339_png.rf.a176f5700f7182473dd4c3a268ebcbbd.jpg,1,0.9072681069374084,0.4221021831035614,0.015844345092773438,0.016282008960843086,0.006076018791645765
road339_png.rf.a176f5700f7182473dd4c3a268ebcbbd.jpg,1,0.6058486104011536,0.00349844410084188,0.014954640530049801,0.00686757592484355,0.003333066822960973
road339_png.rf.a176f5700f7182473dd4c3a268ebcbbd.jpg,1,0.847284197807312,0.006283173803240061,0.043686941266059875,0.0124680045992136,0.003034756286069751
road339_png.rf.a176f5700f7182473dd4c3a268ebcbbd.jpg,0,0.8434920310974121,0.0066511863842606544,0.05034094676375389,0.013302372768521309,0.0025684775318950415
road339_png.rf.a176f5700f7182473dd4c3a268ebcbbd.jpg,0,0.8474026322364807,0.009422221221029758,0.04522756487131119,0.018181661143898964,0.002215298591181636
road339_png.rf.a176f5700f7182473dd4c3a268ebcbbd.jpg,1,0.6092445254325867,0.004110074136406183,0.016323309391736984,0.007898167707026005,0.001986040035262704
road339_png.rf.a176f5700f7182473dd4c3a268ebcbbd.jpg,0,0.525962769985199,0.003934415522962809,0.00800943374633789,0.0069744945503771305,0.0017781308852136135
road339_png.rf.a176f5700f7182473dd4c3a268ebcbbd.jpg,0,0.8349159955978394,0.007276163436472416,0.0728406235575676,0.014552326872944832,0.0016871585976332426
road339_png.rf.a176f5700f7182473dd4c3a268ebcbbd.jpg,1,0.9072390794754028,0.42200568318367004,0.017811188474297523,0.022671187296509743,0.0015754475025460124
road339_png.rf.a176f5700f7182473dd4c3a268ebcbbd.jpg,0,0.5260550379753113,0.0033742794767022133,0.00673866318538785,0.005727812182158232,0.0013687876053154469
road339_png.rf.a176f5700f7182473dd4c3a268ebcbbd.jpg,1,0.6033443808555603,0.0037053755950182676,0.018678775057196617,0.007396752014756203,0.0012441830476745963
road339_png.rf.a176f5700f7182473dd4c3a268ebcbbd.jpg,1,0.788379967212677,0.1438043862581253,0.015190931968390942,0.013879391364753246,0.0010847393423318863
road339_png.rf.a176f5700f7182473dd4c3a268ebcbbd.jpg,0,0.7578814625740051,0.43566542863845825,0.01126861572265625,0.010103519074618816,0.0010262321447953582
road351_png.rf.917ea4e951348855c275b66bb4d890ad.jpg,8,0.5082123875617981,0.3799316883087158,0.27362677454948425,0.21795497834682465,0.8780719041824341
road351_png.rf.917ea4e951348855c275b66bb4d890ad.jpg,0,0.6925986409187317,0.8889915943145752,0.04470289871096611,0.0372394435107708,0.015716509893536568
road351_png.rf.917ea4e951348855c275b66bb4d890ad.jpg,0,0.6625291705131531,0.8915038704872131,0.09450006484985352,0.05384357273578644,0.00394004350528121
road351_png.rf.917ea4e951348855c275b66bb4d890ad.jpg,0,0.6716017723083496,0.8934155106544495,0.06818360835313797,0.03990481421351433,0.003628145670518279
road351_png.rf.917ea4e951348855c275b66bb4d890ad.jpg,0,0.6828670501708984,0.8965262174606323,0.05490494146943092,0.047773584723472595,0.0028341219294816256
road351_png.rf.917ea4e951348855c275b66bb4d890ad.jpg,0,0.6988965272903442,0.892434298992157,0.05442223325371742,0.046286217868328094,0.002473964123055339
road351_png.rf.917ea4e951348855c275b66bb4d890ad.jpg,0,0.6877711415290833,0.8929677605628967,0.04251289367675781,0.039027582854032516,0.0022220714017748833
road351_png.rf.917ea4e951348855c275b66bb4d890ad.jpg,0,0.6817131042480469,0.8903517127037048,0.05004794895648956,0.039791181683540344,0.001939136884175241
road351_png.rf.917ea4e951348855c275b66bb4d890ad.jpg,8,0.582857608795166,0.01569296047091484,0.35066482424736023,0.03138592094182968,0.0010555287590250373
road351_png.rf.917ea4e951348855c275b66bb4d890ad.jpg,0,0.4834858179092407,0.03321829065680504,0.11494941264390945,0.06643658131361008,0.0010521213989704847
road353_png.rf.deb497f4908212e3409c887fbb0544df.jpg,8,0.44605880975723267,0.4956403970718384,0.21523351967334747,0.16488197445869446,0.8950520753860474
road353_png.rf.deb497f4908212e3409c887fbb0544df.jpg,0,0.5942462086677551,0.029066774994134903,0.021519478410482407,0.04965492710471153,0.02848614752292633
road353_png.rf.deb497f4908212e3409c887fbb0544df.jpg,0,0.5982568860054016,0.27046066522598267,0.04746881127357483,0.028543857857584953,0.020553670823574066
road353_png.rf.deb497f4908212e3409c887fbb0544df.jpg,0,0.5945850610733032,0.03222000598907471,0.01429722923785448,0.03976384177803993,0.010478273034095764
road353_png.rf.deb497f4908212e3409c887fbb0544df.jpg,0,0.6073479056358337,0.27011868357658386,0.03125051409006119,0.028264101594686508,0.007441864814609289
road353_png.rf.deb497f4908212e3409c887fbb0544df.jpg,0,0.9915935397148132,0.14528518915176392,0.016812985762953758,0.033815834671258926,0.006758890580385923
road353_png.rf.deb497f4908212e3409c887fbb0544df.jpg,0,0.9938203692436218,0.14489252865314484,0.012359253130853176,0.03229713439941406,0.006065677851438522
road353_png.rf.deb497f4908212e3409c887fbb0544df.jpg,8,0.6135004758834839,0.031586725264787674,0.01881302334368229,0.049284350126981735,0.0055717844516038895
road353_png.rf.deb497f4908212e3409c887fbb0544df.jpg,0,0.5844766497612,0.26613375544548035,0.09209783375263214,0.04268455505371094,0.005352711770683527
road353_png.rf.deb497f4908212e3409c887fbb0544df.jpg,0,0.5857808589935303,0.027866948395967484,0.0334978848695755,0.05258304998278618,0.005220113322138786
road353_png.rf.deb497f4908212e3409c887fbb0544df.jpg,0,0.6191027164459229,0.023837555199861526,0.09395423531532288,0.046911291778087616,0.003913674503564835
road353_png.rf.deb497f4908212e3409c887fbb0544df.jpg,0,0.9937986731529236,0.13843214511871338,0.0120253199711442,0.04356759414076805,0.0033410582691431046
road353_png.rf.deb497f4908212e3409c887fbb0544df.jpg,1,0.6166842579841614,0.036963243037462234,0.02587483637034893,0.05623621493577957,0.0032960453536361456
road353_png.rf.deb497f4908212e3409c887fbb0544df.jpg,1,0.9109808206558228,0.46265149116516113,0.03376476839184761,0.03475680947303772,0.0024748118594288826
road353_png.rf.deb497f4908212e3409c887fbb0544df.jpg,8,0.6500037312507629,0.015294743701815605,0.33543258905410767,0.03058948740363121,0.0022195903584361076
road353_png.rf.deb497f4908212e3409c887fbb0544df.jpg,0,0.6136806011199951,0.2766781151294708,0.0301718357950449,0.05268489569425583,0.002207455923780799
road353_png.rf.deb497f4908212e3409c887fbb0544df.jpg,0,0.9913693070411682,0.13615994155406952,0.01708500273525715,0.06560990959405899,0.0021761637181043625
road353_png.rf.deb497f4908212e3409c887fbb0544df.jpg,0,0.9899417161941528,0.16895568370819092,0.020078806206583977,0.10394606739282608,0.001682103960774839
road353_png.rf.deb497f4908212e3409c887fbb0544df.jpg,1,0.9138602018356323,0.4619239866733551,0.026271747425198555,0.030168350785970688,0.001356679480522871
road353_png.rf.deb497f4908212e3409c887fbb0544df.jpg,0,0.5993731021881104,0.2715529799461365,0.05209743231534958,0.03877327963709831,0.0012287151766940951
road353_png.rf.deb497f4908212e3409c887fbb0544df.jpg,0,0.5845878720283508,0.025837017223238945,0.09526392817497253,0.05167403444647789,0.0011790425051003695
road353_png.rf.deb497f4908212e3409c887fbb0544df.jpg,0,0.6098164916038513,0.273237019777298,0.03472251445055008,0.04038697108626366,0.001075682113878429
road353_png.rf.deb497f4908212e3409c887fbb0544df.jpg,0,0.9934006333351135,0.14981944859027863,0.012745197862386703,0.046714361757040024,0.0010086999973282218
road353_png.rf.deb497f4908212e3409c887fbb0544df.jpg,0,0.5992014408111572,0.02587362937629223,0.07358276098966599,0.05088204890489578,0.0010079785715788603
road355_png.rf.c43f3ac674a10af91051d8cb228747ad.jpg,8,0.41604578495025635,0.37174516916275024,0.19155389070510864,0.14173170924186707,0.893761932849884
road355_png.rf.c43f3ac674a10af91051d8cb228747ad.jpg,14,0.7439082264900208,0.012396865524351597,0.12531845271587372,0.024793731048703194,0.018129881471395493
road355_png.rf.c43f3ac674a10af91051d8cb228747ad.jpg,5,0.7499885559082031,0.0121377008035779,0.1220911517739296,0.024251798167824745,0.007300196215510368
road355_png.rf.c43f3ac674a10af91051d8cb228747ad.jpg,1,0.8768103718757629,0.033825669437646866,0.017643196508288383,0.015201195143163204,0.007270710077136755
road355_png.rf.c43f3ac674a10af91051d8cb228747ad.jpg,12,0.7507244348526001,0.012611106969416142,0.13120636343955994,0.024999374523758888,0.004543626215308905
road355_png.rf.c43f3ac674a10af91051d8cb228747ad.jpg,5,0.7560643553733826,0.010182899422943592,0.0872127115726471,0.020365798845887184,0.0040550329722464085
road355_png.rf.c43f3ac674a10af91051d8cb228747ad.jpg,3,0.7502731680870056,0.01130107045173645,0.1079053208231926,0.02237176150083542,0.0020647901110351086
road355_png.rf.c43f3ac674a10af91051d8cb228747ad.jpg,1,0.8556429147720337,0.5000929832458496,0.2881949543952942,0.9998140931129456,0.0019688087049871683
road355_png.rf.c43f3ac674a10af91051d8cb228747ad.jpg,1,0.7774091958999634,0.5003517866134644,0.445181667804718,0.9992965459823608,0.0012136936420574784
road355_png.rf.c43f3ac674a10af91051d8cb228747ad.jpg,1,0.8310158252716064,0.004723661579191685,0.07032827287912369,0.00944732315838337,0.0010742059675976634
road355_png.rf.c43f3ac674a10af91051d8cb228747ad.jpg,8,0.7347947955131531,0.014534901827573776,0.2123400717973709,0.02850046381354332,0.0010184140410274267
road362_png.rf.765355e68b8097399c60024a6f28840c.jpg,8,0.3922519087791443,0.49486449360847473,0.23180291056632996,0.18351848423480988,0.8891642689704895
road362_png.rf.765355e68b8097399c60024a6f28840c.jpg,0,0.9425889849662781,0.16267700493335724,0.021162400022149086,0.05106639117002487,0.028761107474565506
road362_png.rf.765355e68b8097399c60024a6f28840c.jpg,1,0.24218693375587463,0.019002040848135948,0.018658235669136047,0.03752234950661659,0.0234121922403574
road362_png.rf.765355e68b8097399c60024a6f28840c.jpg,1,0.2446022927761078,0.016055194661021233,0.019066132605075836,0.03161369636654854,0.015369641594588757
road362_png.rf.765355e68b8097399c60024a6f28840c.jpg,1,0.3588922619819641,0.6341072916984558,0.016870353370904922,0.05174112692475319,0.014238954521715641
road362_png.rf.765355e68b8097399c60024a6f28840c.jpg,1,0.23415179550647736,0.0195059385150671,0.03175067901611328,0.0387798435986042,0.0059062098152935505
road362_png.rf.765355e68b8097399c60024a6f28840c.jpg,8,0.318753182888031,0.9747910499572754,0.15476761758327484,0.05009966716170311,0.003599391784518957
road362_png.rf.765355e68b8097399c60024a6f28840c.jpg,12,0.3187994360923767,0.9749277830123901,0.1522803008556366,0.04952812194824219,0.002484119264408946
road362_png.rf.765355e68b8097399c60024a6f28840c.jpg,8,0.24249425530433655,0.019112488254904747,0.02277933806180954,0.038224976509809494,0.0018787278095260262
road362_png.rf.765355e68b8097399c60024a6f28840c.jpg,3,0.8141064643859863,0.9949402213096619,0.07123969495296478,0.009675979614257812,0.0015771887265145779
road362_png.rf.765355e68b8097399c60024a6f28840c.jpg,3,0.8058562278747559,0.9948281645774841,0.05059124901890755,0.00993325188755989,0.0010184000711888075
road362_png.rf.765355e68b8097399c60024a6f28840c.jpg,0,0.9358447790145874,0.16406814754009247,0.032860685139894485,0.0518997460603714,0.001010529464110732
road367_png.rf.68facda4326805592fce6d2bfb2dba6c.jpg,7,0.4377499520778656,0.429045170545578,0.13290750980377197,0.1038501113653183,0.9168198108673096
road367_png.rf.68facda4326805592fce6d2bfb2dba6c.jpg,10,0.43908223509788513,0.42937424778938293,0.12716752290725708,0.10212905704975128,0.10136288404464722
road367_png.rf.68facda4326805592fce6d2bfb2dba6c.jpg,13,0.43911388516426086,0.4294406473636627,0.12683355808258057,0.10250619798898697,0.09082471579313278
road367_png.rf.68facda4326805592fce6d2bfb2dba6c.jpg,0,0.2688617706298828,0.5767253041267395,0.01708410307765007,0.017120104283094406,0.002731465734541416
road367_png.rf.68facda4326805592fce6d2bfb2dba6c.jpg,1,0.7298920154571533,0.4689311385154724,0.04510153457522392,0.05843048915266991,0.0013950592838227749
road367_png.rf.68facda4326805592fce6d2bfb2dba6c.jpg,0,0.9737535119056702,0.1836862564086914,0.02100328356027603,0.01517354603856802,0.0013770812656730413
road388_png.rf.cc49d1d1343172eaa95da35bf070a7d3.jpg,13,0.5378783345222473,0.38376742601394653,0.11894398927688599,0.09054885059595108,0.9683947563171387
road388_png.rf.cc49d1d1343172eaa95da35bf070a7d3.jpg,10,0.5367778539657593,0.3839910328388214,0.11500182747840881,0.08705777674913406,0.03368866443634033
road388_png.rf.cc49d1d1343172eaa95da35bf070a7d3.jpg,0,0.6828553676605225,0.7004953622817993,0.012212387286126614,0.037491872906684875,0.004494420252740383
road388_png.rf.cc49d1d1343172eaa95da35bf070a7d3.jpg,0,0.6810264587402344,0.7023781538009644,0.0077519784681499004,0.028357580304145813,0.0019098159391433
road388_png.rf.cc49d1d1343172eaa95da35bf070a7d3.jpg,1,0.17095856368541718,0.28495508432388306,0.0351913720369339,0.02335244044661522,0.0013212369522079825
road38_png.rf.8b6e15b041aab397eb10b38728fa1e15.jpg,1,0.9727334380149841,0.19862054288387299,0.054014574736356735,0.052711471915245056,0.27759823203086853
road38_png.rf.8b6e15b041aab397eb10b38728fa1e15.jpg,1,0.9465141892433167,0.4718512296676636,0.05640565603971481,0.03883050009608269,0.2545270621776581
road38_png.rf.8b6e15b041aab397eb10b38728fa1e15.jpg,1,0.921347439289093,0.7506556510925293,0.021592067554593086,0.04738543927669525,0.10107783228158951
road38_png.rf.8b6e15b041aab397eb10b38728fa1e15.jpg,1,0.9156025052070618,0.9023376703262329,0.01821085251867771,0.043614462018013,0.08161119371652603
road38_png.rf.8b6e15b041aab397eb10b38728fa1e15.jpg,0,0.971815288066864,0.1994255632162094,0.05619452893733978,0.05454887077212334,0.07557382434606552
road38_png.rf.8b6e15b041aab397eb10b38728fa1e15.jpg,1,0.14840619266033173,0.13517728447914124,0.10148933529853821,0.27035456895828247,0.04906513914465904
road38_png.rf.8b6e15b041aab397eb10b38728fa1e15.jpg,1,0.10295579582452774,0.234883114695549,0.20591159164905548,0.4697474539279938,0.03343837335705757
road38_png.rf.8b6e15b041aab397eb10b38728fa1e15.jpg,1,0.9854392409324646,0.12178030610084534,0.028573110699653625,0.031001871451735497,0.02741865999996662
road38_png.rf.8b6e15b041aab397eb10b38728fa1e15.jpg,1,0.1450360119342804,0.21744950115680695,0.11205759644508362,0.4348539710044861,0.02561040408909321
road38_png.rf.8b6e15b041aab397eb10b38728fa1e15.jpg,1,0.939409077167511,0.47355449199676514,0.04634284973144531,0.03791802003979683,0.024108631536364555
road38_png.rf.8b6e15b041aab397eb10b38728fa1e15.jpg,1,0.12141813337802887,0.13471311330795288,0.1550031155347824,0.26942622661590576,0.017393112182617188
road38_png.rf.8b6e15b041aab397eb10b38728fa1e15.jpg,1,0.11064739525318146,0.16608567535877228,0.19519922137260437,0.33089327812194824,0.015407586470246315
road38_png.rf.8b6e15b041aab397eb10b38728fa1e15.jpg,0,0.5517687797546387,0.01100523117929697,0.12139812111854553,0.02201046235859394,0.011740229092538357
road38_png.rf.8b6e15b041aab397eb10b38728fa1e15.jpg,1,0.1252276450395584,0.19976022839546204,0.15727928280830383,0.3995204567909241,0.01111521851271391
road38_png.rf.8b6e15b041aab397eb10b38728fa1e15.jpg,1,0.136979877948761,0.1799383908510208,0.1253378689289093,0.3598767817020416,0.008693374693393707
road38_png.rf.8b6e15b041aab397eb10b38728fa1e15.jpg,0,0.5471159219741821,0.01400449126958847,0.139495849609375,0.02800898253917694,0.00832213182002306
road38_png.rf.8b6e15b041aab397eb10b38728fa1e15.jpg,1,0.930313229560852,0.474091500043869,0.03310864046216011,0.04019840061664581,0.007298132870346308
road38_png.rf.8b6e15b041aab397eb10b38728fa1e15.jpg,1,0.7706223726272583,0.5650763511657715,0.07519765943288803,0.10121312737464905,0.006245593540370464
road38_png.rf.8b6e15b041aab397eb10b38728fa1e15.jpg,0,0.5521343350410461,0.007848820649087429,0.1272551566362381,0.015697641298174858,0.005441764835268259
road38_png.rf.8b6e15b041aab397eb10b38728fa1e15.jpg,1,0.10233395546674728,0.10259255766868591,0.19265849888324738,0.20275188982486725,0.0038048522546887398
road38_png.rf.8b6e15b041aab397eb10b38728fa1e15.jpg,0,0.5474554896354675,0.011298833414912224,0.17468364536762238,0.022597666829824448,0.0037994319573044777
road38_png.rf.8b6e15b041aab397eb10b38728fa1e15.jpg,1,0.10999749600887299,0.16065748035907745,0.029256170615553856,0.0862903743982315,0.003149919444695115
road38_png.rf.8b6e15b041aab397eb10b38728fa1e15.jpg,1,0.05655941367149353,0.13086824119091034,0.09123407304286957,0.2617364823818207,0.0030391018372029066
road38_png.rf.8b6e15b041aab397eb10b38728fa1e15.jpg,1,0.9522748589515686,0.46919238567352295,0.04773110896348953,0.03291493281722069,0.002450230298563838
road38_png.rf.8b6e15b041aab397eb10b38728fa1e15.jpg,1,0.159951850771904,0.16478820145130157,0.07884496450424194,0.32957640290260315,0.0023984871804714203
road38_png.rf.8b6e15b041aab397eb10b38728fa1e15.jpg,1,0.04842853546142578,0.7281973958015442,0.029709603637456894,0.06606271117925644,0.0022353925742208958
road38_png.rf.8b6e15b041aab397eb10b38728fa1e15.jpg,1,0.1026269719004631,0.07139692455530167,0.1916341483592987,0.14279384911060333,0.00204807729460299
road38_png.rf.8b6e15b041aab397eb10b38728fa1e15.jpg,1,0.9869495034217834,0.7381992340087891,0.025609677657485008,0.0234375,0.0020021372474730015
road38_png.rf.8b6e15b041aab397eb10b38728fa1e15.jpg,5,0.24970723688602448,0.037513770163059235,0.09327151626348495,0.07502754032611847,0.0019291266798973083
road38_png.rf.8b6e15b041aab397eb10b38728fa1e15.jpg,1,0.7347686886787415,0.545676052570343,0.090994693338871,0.056854911148548126,0.0017793296137824655
road38_png.rf.8b6e15b041aab397eb10b38728fa1e15.jpg,1,0.9833829402923584,0.12307851761579514,0.03301312401890755,0.04010283201932907,0.0016647896263748407
road38_png.rf.8b6e15b041aab397eb10b38728fa1e15.jpg,1,0.7344712615013123,0.5334561467170715,0.08885985612869263,0.06386639922857285,0.0016571378801018
road38_png.rf.8b6e15b041aab397eb10b38728fa1e15.jpg,1,0.10163413733243942,0.045398153364658356,0.1960332691669464,0.09079289436340332,0.0015965010970830917
road38_png.rf.8b6e15b041aab397eb10b38728fa1e15.jpg,1,0.10200032591819763,0.35893192887306213,0.20400065183639526,0.7160580158233643,0.001553663401864469
road38_png.rf.8b6e15b041aab397eb10b38728fa1e15.jpg,1,0.7725234627723694,0.5494419932365417,0.07593118399381638,0.07111795246601105,0.001522987731732428
road38_png.rf.8b6e15b041aab397eb10b38728fa1e15.jpg,1,0.4189172387123108,0.08657374233007431,0.01918492093682289,0.02640935592353344,0.0015093955444172025
road38_png.rf.8b6e15b041aab397eb10b38728fa1e15.jpg,1,0.9221308827400208,0.9015223979949951,0.02661154977977276,0.043732717633247375,0.001396617037244141
road38_png.rf.8b6e15b041aab397eb10b38728fa1e15.jpg,1,0.24939292669296265,0.03807631880044937,0.09984803199768066,0.07473031431436539,0.0013812442775815725
road38_png.rf.8b6e15b041aab397eb10b38728fa1e15.jpg,1,0.13272100687026978,0.07023372501134872,0.1335156261920929,0.14046745002269745,0.0013808483490720391
road38_png.rf.8b6e15b041aab397eb10b38728fa1e15.jpg,1,0.9948491454124451,0.10608227550983429,0.010301737114787102,0.04930619150400162,0.0013779890723526478
road38_png.rf.8b6e15b041aab397eb10b38728fa1e15.jpg,1,0.0452372282743454,0.2479342818260193,0.0904744565486908,0.49464380741119385,0.0013291833456605673
road38_png.rf.8b6e15b041aab397eb10b38728fa1e15.jpg,1,0.7590177059173584,0.5726397633552551,0.10323040932416916,0.12398980557918549,0.0012810119660571218
road38_png.rf.8b6e15b041aab397eb10b38728fa1e15.jpg,1,0.07360634952783585,0.12807820737361908,0.13450518250465393,0.2560451626777649,0.0011933731148019433
road38_png.rf.8b6e15b041aab397eb10b38728fa1e15.jpg,1,0.1298845410346985,0.10601836442947388,0.14107587933540344,0.20964780449867249,0.00105094735044986
road393_png.rf.4fe43a89433923b9841d1435d98c4aae.jpg,3,0.547324001789093,0.6776748895645142,0.11841583997011185,0.09396905452013016,0.9241302013397217
road393_png.rf.4fe43a89433923b9841d1435d98c4aae.jpg,1,0.8453993797302246,0.9592117071151733,0.031221536919474602,0.08157678693532944,0.0012634516460821033
road393_png.rf.4fe43a89433923b9841d1435d98c4aae.jpg,0,0.6868690848350525,0.9656811356544495,0.03444847837090492,0.0671476274728775,0.0010246123420074582
road397_png.rf.64b46468e2e241a3cb5dbce555894da3.jpg,3,0.5833598375320435,0.24926014244556427,0.32201018929481506,0.24547407031059265,0.9363135099411011
road400_png.rf.03186a0125d7e8f9ccbad9322201c91a.jpg,3,0.6329949498176575,0.558556079864502,0.1630992591381073,0.12349877506494522,0.8906754851341248
road400_png.rf.03186a0125d7e8f9ccbad9322201c91a.jpg,0,0.8008924722671509,0.895293653011322,0.012360133230686188,0.032913871109485626,0.10497947782278061
road400_png.rf.03186a0125d7e8f9ccbad9322201c91a.jpg,0,0.8019080758094788,0.897251307964325,0.017701663076877594,0.035063158720731735,0.0044973078183829784
road402_png.rf.8b57601c39d08578c3fba71d26f6dd1a.jpg,13,0.4211343824863434,0.6598156094551086,0.11604981124401093,0.09328941255807877,0.6674485206604004
road402_png.rf.8b57601c39d08578c3fba71d26f6dd1a.jpg,0,0.2692409157752991,0.7418388724327087,0.0084993289783597,0.025974275544285774,0.007411624304950237
road402_png.rf.8b57601c39d08578c3fba71d26f6dd1a.jpg,10,0.42092272639274597,0.6595258116722107,0.11634115874767303,0.0953211784362793,0.00459942314773798
road402_png.rf.8b57601c39d08578c3fba71d26f6dd1a.jpg,0,0.27008092403411865,0.7422888875007629,0.011165802367031574,0.02859225682914257,0.0012276570778340101
road412_png.rf.f3dc3c3dcb2d0a679c190b33c3a3178b.jpg,3,0.5798913836479187,0.5111380815505981,0.08992210030555725,0.07207141071557999,0.9262329936027527
road412_png.rf.f3dc3c3dcb2d0a679c190b33c3a3178b.jpg,0,0.9217371344566345,0.9701545834541321,0.06729529798030853,0.05886026844382286,0.013112641870975494
road412_png.rf.f3dc3c3dcb2d0a679c190b33c3a3178b.jpg,0,0.901597797870636,0.9710096716880798,0.11541000008583069,0.05798068642616272,0.008536308072507381
road412_png.rf.f3dc3c3dcb2d0a679c190b33c3a3178b.jpg,1,0.2797175347805023,0.7684098482131958,0.013210040517151356,0.01079574041068554,0.006557234562933445
road412_png.rf.f3dc3c3dcb2d0a679c190b33c3a3178b.jpg,0,0.980301022529602,0.9705272912979126,0.03939804807305336,0.058945439755916595,0.006145162042230368
road412_png.rf.f3dc3c3dcb2d0a679c190b33c3a3178b.jpg,1,0.9818812608718872,0.9427070021629333,0.03603128343820572,0.11458602547645569,0.004632615018635988
road412_png.rf.f3dc3c3dcb2d0a679c190b33c3a3178b.jpg,1,0.9801293611526489,0.9645969867706299,0.03974137082695961,0.07039972394704819,0.0034495543222874403
road412_png.rf.f3dc3c3dcb2d0a679c190b33c3a3178b.jpg,1,0.9742541909217834,0.9303714036941528,0.05046742036938667,0.1392572969198227,0.0033745397813618183
road412_png.rf.f3dc3c3dcb2d0a679c190b33c3a3178b.jpg,1,0.9703114032745361,0.9656808376312256,0.0581086240708828,0.06780646741390228,0.002775533590465784
road412_png.rf.f3dc3c3dcb2d0a679c190b33c3a3178b.jpg,0,0.9808615446090698,0.9914799332618713,0.03827689215540886,0.017040252685546875,0.0014153558295220137
road412_png.rf.f3dc3c3dcb2d0a679c190b33c3a3178b.jpg,0,0.9780716896057129,0.9867905974388123,0.04385676980018616,0.026418833062052727,0.0013412755215540528
road412_png.rf.f3dc3c3dcb2d0a679c190b33c3a3178b.jpg,0,0.9102506041526794,0.9945671558380127,0.10328902304172516,0.010667800903320312,0.0010075820609927177
road420_png.rf.4db7dbd13a7b9c37ddddb7df9adf0834.jpg,13,0.5341887474060059,0.6141763925552368,0.2140529453754425,0.16814841330051422,0.9461551904678345
road420_png.rf.4db7dbd13a7b9c37ddddb7df9adf0834.jpg,14,0.6639909148216248,0.4863229990005493,0.6720181703567505,0.9661365151405334,0.0025321142747998238
road421_png.rf.cd6d5f5724ac207f49f64d2ecc32f9f6.jpg,13,0.5209331512451172,0.4944345951080322,0.27174919843673706,0.22091253101825714,0.950167715549469
road421_png.rf.cd6d5f5724ac207f49f64d2ecc32f9f6.jpg,1,0.9956976175308228,0.6906698346138,0.008424319326877594,0.06721687316894531,0.0019622542895376682
road421_png.rf.cd6d5f5724ac207f49f64d2ecc32f9f6.jpg,1,0.9962673783302307,0.668595552444458,0.00744181452319026,0.028606049716472626,0.0012985700741410255
road422_png.rf.9b9d58bbb154a5b030ff2addac608ef8.jpg,13,0.3577212691307068,0.5363407135009766,0.06098619103431702,0.05121946707367897,0.894137442111969
road422_png.rf.9b9d58bbb154a5b030ff2addac608ef8.jpg,12,0.35849788784980774,0.5342606902122498,0.06311313807964325,0.05278195068240166,0.26396334171295166
road422_png.rf.9b9d58bbb154a5b030ff2addac608ef8.jpg,14,0.3595759868621826,0.58470618724823,0.06329280138015747,0.047363538295030594,0.0810307189822197
road422_png.rf.9b9d58bbb154a5b030ff2addac608ef8.jpg,7,0.9279286861419678,0.6041079759597778,0.006536704022437334,0.008338158018887043,0.0035471536684781313
road422_png.rf.9b9d58bbb154a5b030ff2addac608ef8.jpg,10,0.20979592204093933,0.6879720091819763,0.0077199386432766914,0.007730631157755852,0.0033345052506774664
road422_png.rf.9b9d58bbb154a5b030ff2addac608ef8.jpg,10,0.36059337854385376,0.5845090746879578,0.06033967435359955,0.047218069434165955,0.0025199397932738066
road422_png.rf.9b9d58bbb154a5b030ff2addac608ef8.jpg,1,0.39880692958831787,0.3784565031528473,0.0320354625582695,0.019094357267022133,0.0024756628554314375
road422_png.rf.9b9d58bbb154a5b030ff2addac608ef8.jpg,7,0.9314810037612915,0.6057536005973816,0.006940988823771477,0.007263954263180494,0.0020564631558954716
road431_png.rf.4cf451707a1af9d139094513881b7654.jpg,13,0.18343289196491241,0.5992540121078491,0.19472460448741913,0.16237971186637878,0.9630928635597229
road431_png.rf.4cf451707a1af9d139094513881b7654.jpg,0,0.40371325612068176,0.936019778251648,0.013302876614034176,0.009453627280890942,0.04203648492693901
road431_png.rf.4cf451707a1af9d139094513881b7654.jpg,1,0.34702154994010925,0.936533510684967,0.01248678844422102,0.009123729541897774,0.027078935876488686
road431_png.rf.4cf451707a1af9d139094513881b7654.jpg,1,0.4045216739177704,0.9352638125419617,0.013773001730442047,0.009366695769131184,0.009599409997463226
road431_png.rf.4cf451707a1af9d139094513881b7654.jpg,0,0.10140662640333176,0.9785419702529907,0.016566405072808266,0.04107915610074997,0.004453630186617374
road431_png.rf.4cf451707a1af9d139094513881b7654.jpg,1,0.4053281843662262,0.9338467121124268,0.015395201742649078,0.011414234526455402,0.003879953408613801
road431_png.rf.4cf451707a1af9d139094513881b7654.jpg,0,0.3910796642303467,0.43607306480407715,0.014018132351338863,0.01251213438808918,0.003041787538677454
road431_png.rf.4cf451707a1af9d139094513881b7654.jpg,0,0.4040945768356323,0.9349210262298584,0.015988167375326157,0.012716587632894516,0.002943405881524086
road431_png.rf.4cf451707a1af9d139094513881b7654.jpg,0,0.3478086590766907,0.9360308051109314,0.014154728502035141,0.011019267141819,0.0028139075729995966
road431_png.rf.4cf451707a1af9d139094513881b7654.jpg,1,0.3273945748806,0.09461533278226852,0.012908936478197575,0.012641238048672676,0.002381684258580208
road431_png.rf.4cf451707a1af9d139094513881b7654.jpg,1,0.4549647271633148,0.0923917144536972,0.020477551966905594,0.015209116041660309,0.0021140500903129578
road431_png.rf.4cf451707a1af9d139094513881b7654.jpg,0,0.3444750905036926,0.9363299012184143,0.01655413582921028,0.012549180537462234,0.0018651746213436127
road431_png.rf.4cf451707a1af9d139094513881b7654.jpg,0,0.5032901763916016,0.7080364227294922,0.014059947803616524,0.012750186026096344,0.0018295844784006476
road431_png.rf.4cf451707a1af9d139094513881b7654.jpg,1,0.6176367998123169,0.5862216353416443,0.011010464280843735,0.008778499439358711,0.0016899043694138527
road431_png.rf.4cf451707a1af9d139094513881b7654.jpg,0,0.40252190828323364,0.9365255236625671,0.015137599781155586,0.011846689507365227,0.001629055943340063
road431_png.rf.4cf451707a1af9d139094513881b7654.jpg,0,0.4976447820663452,0.10336962342262268,0.011734522879123688,0.01146392710506916,0.001529213972389698
road431_png.rf.4cf451707a1af9d139094513881b7654.jpg,7,0.22733499109745026,0.3395572900772095,0.008151824586093426,0.01346335094422102,0.00105986965354532
road431_png.rf.4cf451707a1af9d139094513881b7654.jpg,1,0.45658060908317566,0.09099383652210236,0.02927527204155922,0.019442081451416016,0.0010476555908098817
road439_png.rf.3a8f1ca30bf60d80f05733e8d83212d9.jpg,13,0.25767672061920166,0.7927259802818298,0.17668099701404572,0.14268355071544647,0.9424656629562378
road439_png.rf.3a8f1ca30bf60d80f05733e8d83212d9.jpg,1,0.40982210636138916,0.10473901778459549,0.8169084787368774,0.20947803556919098,0.012049504555761814
road439_png.rf.3a8f1ca30bf60d80f05733e8d83212d9.jpg,0,0.423770010471344,0.10971997678279877,0.8437775373458862,0.21847589313983917,0.007375981193035841
road439_png.rf.3a8f1ca30bf60d80f05733e8d83212d9.jpg,1,0.6043444275856018,0.10122846066951752,0.7912517786026001,0.20245692133903503,0.0012550677638500929
road43_png.rf.c576096fc5f0b00379321f94ddffcbc6.jpg,0,0.8382480144500732,0.5251073837280273,0.03252425789833069,0.08360906690359116,0.8630984425544739
road43_png.rf.c576096fc5f0b00379321f94ddffcbc6.jpg,0,0.4596726894378662,0.3592812120914459,0.041499506682157516,0.11932184547185898,0.8134499192237854
road43_png.rf.c576096fc5f0b00379321f94ddffcbc6.jpg,0,0.2440408319234848,0.38127365708351135,0.042243242263793945,0.1166708692908287,0.7921034097671509
road43_png.rf.c576096fc5f0b00379321f94ddffcbc6.jpg,0,0.6757608652114868,0.5272472500801086,0.029008280485868454,0.0815834328532219,0.788553774356842
road43_png.rf.c576096fc5f0b00379321f94ddffcbc6.jpg,0,0.04321704059839249,0.4052080810070038,0.04563072323799133,0.11656468361616135,0.7029100060462952
road43_png.rf.c576096fc5f0b00379321f94ddffcbc6.jpg,1,0.6503779292106628,0.7238010764122009,0.020794648677110672,0.02622501738369465,0.3575504422187805
road43_png.rf.c576096fc5f0b00379321f94ddffcbc6.jpg,1,0.3481423854827881,0.7533912658691406,0.03838928043842316,0.02495061606168747,0.2881978452205658
road43_png.rf.c576096fc5f0b00379321f94ddffcbc6.jpg,1,0.6074332594871521,0.7236883640289307,0.0140089625492692,0.022990301251411438,0.16759870946407318
road43_png.rf.c576096fc5f0b00379321f94ddffcbc6.jpg,1,0.4031285047531128,0.8376272916793823,0.0205728467553854,0.05343180522322655,0.12674130499362946
road43_png.rf.c576096fc5f0b00379321f94ddffcbc6.jpg,1,0.3428937494754791,0.7525347471237183,0.028515413403511047,0.02248111180961132,0.0978708565235138
road43_png.rf.c576096fc5f0b00379321f94ddffcbc6.jpg,1,0.14617504179477692,0.7727451324462891,0.02561124600470066,0.022705812007188797,0.09729557484388351
road43_png.rf.c576096fc5f0b00379321f94ddffcbc6.jpg,1,0.1471099853515625,0.7739357948303223,0.0356038473546505,0.03368641808629036,0.07298500835895538
road43_png.rf.c576096fc5f0b00379321f94ddffcbc6.jpg,1,0.5255112648010254,0.721048891544342,0.013597452081739902,0.022021954879164696,0.06847100704908371
road43_png.rf.c576096fc5f0b00379321f94ddffcbc6.jpg,1,0.6067418456077576,0.7196453213691711,0.012768782675266266,0.014591437764465809,0.06222933530807495
road43_png.rf.c576096fc5f0b00379321f94ddffcbc6.jpg,1,0.6496297717094421,0.7224043607711792,0.02480059489607811,0.03220580145716667,0.06187163665890694
road43_png.rf.c576096fc5f0b00379321f94ddffcbc6.jpg,1,0.14672718942165375,0.7748183012008667,0.030076421797275543,0.027726981788873672,0.06124027073383331
road43_png.rf.c576096fc5f0b00379321f94ddffcbc6.jpg,1,0.13445734977722168,0.7048560380935669,0.014387699775397778,0.03977137431502342,0.0608055554330349
road43_png.rf.c576096fc5f0b00379321f94ddffcbc6.jpg,0,0.13494808971881866,0.7048609852790833,0.013975501991808414,0.038189008831977844,0.04730014130473137
road43_png.rf.c576096fc5f0b00379321f94ddffcbc6.jpg,1,0.6496548652648926,0.7205533385276794,0.013929881155490875,0.01818084716796875,0.04127281904220581
road43_png.rf.c576096fc5f0b00379321f94ddffcbc6.jpg,1,0.9802300930023193,0.7688974738121033,0.01461535319685936,0.02601088024675846,0.032149024307727814
road43_png.rf.c576096fc5f0b00379321f94ddffcbc6.jpg,1,0.6460376977920532,0.724675714969635,0.02972382865846157,0.026958979666233063,0.02865000255405903
road43_png.rf.c576096fc5f0b00379321f94ddffcbc6.jpg,1,0.5266249775886536,0.7193260192871094,0.015827510505914688,0.014503479935228825,0.02801470085978508
road43_png.rf.c576096fc5f0b00379321f94ddffcbc6.jpg,1,0.15201251208782196,0.7708034515380859,0.03797447681427002,0.023293569684028625,0.017542926594614983
road43_png.rf.c576096fc5f0b00379321f94ddffcbc6.jpg,1,0.6498276591300964,0.7168927192687988,0.012239456176757812,0.012540451250970364,0.016803938895463943
road43_png.rf.c576096fc5f0b00379321f94ddffcbc6.jpg,1,0.14148011803627014,0.7728189826011658,0.032651983201503754,0.024679845198988914,0.01575986109673977
road43_png.rf.c576096fc5f0b00379321f94ddffcbc6.jpg,1,0.34698861837387085,0.7554131746292114,0.04387257993221283,0.03287315368652344,0.014405389316380024
road43_png.rf.c576096fc5f0b00379321f94ddffcbc6.jpg,1,0.6075260043144226,0.7248845100402832,0.016075024381279945,0.028878800570964813,0.012654530815780163
road43_png.rf.c576096fc5f0b00379321f94ddffcbc6.jpg,1,0.9839990139007568,0.7694665789604187,0.02173614501953125,0.02597552165389061,0.008843743242323399
road43_png.rf.c576096fc5f0b00379321f94ddffcbc6.jpg,1,0.14907072484493256,0.7798110246658325,0.03804371878504753,0.03942005708813667,0.0071657258085906506
road43_png.rf.c576096fc5f0b00379321f94ddffcbc6.jpg,1,0.5255640149116516,0.7281448841094971,0.014651225879788399,0.03638920560479164,0.006413579918444157
road43_png.rf.c576096fc5f0b00379321f94ddffcbc6.jpg,1,0.7241105437278748,0.7716171741485596,0.018195373937487602,0.03967747464776039,0.006389128975570202
road43_png.rf.c576096fc5f0b00379321f94ddffcbc6.jpg,1,0.6392621994018555,0.7864958047866821,0.017523692920804024,0.02639234997332096,0.005581986624747515
road43_png.rf.c576096fc5f0b00379321f94ddffcbc6.jpg,1,0.565372884273529,0.7181204557418823,0.008312225341796875,0.008961531333625317,0.004416444804519415
road43_png.rf.c576096fc5f0b00379321f94ddffcbc6.jpg,1,0.5262405872344971,0.7204317450523376,0.01789221540093422,0.018782028928399086,0.004137043375521898
road43_png.rf.c576096fc5f0b00379321f94ddffcbc6.jpg,1,0.7887111902236938,0.8342753648757935,0.040060192346572876,0.033094555139541626,0.003106385003775358
road43_png.rf.c576096fc5f0b00379321f94ddffcbc6.jpg,1,0.14071446657180786,0.779468834400177,0.04482974484562874,0.046942565590143204,0.00301417987793684
road43_png.rf.c576096fc5f0b00379321f94ddffcbc6.jpg,1,0.1496223509311676,0.7697046995162964,0.042552728205919266,0.030620355159044266,0.002823767252266407
road43_png.rf.c576096fc5f0b00379321f94ddffcbc6.jpg,0,0.19772779941558838,0.6993451118469238,0.013887717388570309,0.03571855276823044,0.0023526204749941826
road43_png.rf.c576096fc5f0b00379321f94ddffcbc6.jpg,1,0.5289770364761353,0.719057559967041,0.022572005167603493,0.018993744626641273,0.0022423495538532734
road43_png.rf.c576096fc5f0b00379321f94ddffcbc6.jpg,1,0.5799283385276794,0.803974449634552,0.03189798444509506,0.0188446044921875,0.0019101403886452317
road43_png.rf.c576096fc5f0b00379321f94ddffcbc6.jpg,1,0.9803981184959412,0.7669715881347656,0.02082061767578125,0.0306167621165514,0.001726633170619607
road43_png.rf.c576096fc5f0b00379321f94ddffcbc6.jpg,1,0.35696983337402344,0.8727320432662964,0.17698229849338531,0.25453606247901917,0.0015672141453251243
road43_png.rf.c576096fc5f0b00379321f94ddffcbc6.jpg,1,0.15110188722610474,0.7805459499359131,0.04504399374127388,0.04996189847588539,0.0015569169772788882
road43_png.rf.c576096fc5f0b00379321f94ddffcbc6.jpg,1,0.6502872109413147,0.7253978848457336,0.030287230387330055,0.03412958234548569,0.0015084565384313464
road43_png.rf.c576096fc5f0b00379321f94ddffcbc6.jpg,0,0.8331538438796997,0.5566958785057068,0.05038980394601822,0.08975627273321152,0.0013804526533931494
road43_png.rf.c576096fc5f0b00379321f94ddffcbc6.jpg,1,0.654419481754303,0.7234728336334229,0.022084897384047508,0.023505285382270813,0.0013694558292627335
road43_png.rf.c576096fc5f0b00379321f94ddffcbc6.jpg,1,0.6451972126960754,0.7210232019424438,0.020749973133206367,0.019741792231798172,0.0013378411531448364
road43_png.rf.c576096fc5f0b00379321f94ddffcbc6.jpg,0,0.6464105248451233,0.7521666288375854,0.03589601069688797,0.02019522897899151,0.0013112743617966771
road43_png.rf.c576096fc5f0b00379321f94ddffcbc6.jpg,1,0.15905547142028809,0.7828231453895569,0.055969782173633575,0.04578179866075516,0.0012874428648501635
road43_png.rf.c576096fc5f0b00379321f94ddffcbc6.jpg,1,0.7242755889892578,0.7659457325935364,0.02145913988351822,0.030549930408596992,0.0012648791307583451
road43_png.rf.c576096fc5f0b00379321f94ddffcbc6.jpg,1,0.34321486949920654,0.7520925402641296,0.03569452837109566,0.031671009957790375,0.0012259341310709715
road43_png.rf.c576096fc5f0b00379321f94ddffcbc6.jpg,1,0.7203469276428223,0.7666840553283691,0.028539437800645828,0.031796894967556,0.0011203213362023234
road43_png.rf.c576096fc5f0b00379321f94ddffcbc6.jpg,1,0.19826090335845947,0.6993255615234375,0.01363818533718586,0.0390770249068737,0.0011172491358593106
road43_png.rf.c576096fc5f0b00379321f94ddffcbc6.jpg,1,0.7513718605041504,0.8385500907897949,0.06853888928890228,0.06962409615516663,0.0011025769636034966
road446_png.rf.f38afaa2d572c8426b05a88bdb4a5d3d.jpg,13,0.5272785425186157,0.35952702164649963,0.22781863808631897,0.19003506004810333,0.9785731434822083
road446_png.rf.f38afaa2d572c8426b05a88bdb4a5d3d.jpg,0,0.9897552728652954,0.854612410068512,0.015553548000752926,0.009640254080295563,0.0019506057724356651
road450_png.rf.4066ba8e8ac659692b69cbcf144c575f.jpg,10,0.4801896810531616,0.4435622990131378,0.15385283529758453,0.1212182492017746,0.9681844711303711
road450_png.rf.4066ba8e8ac659692b69cbcf144c575f.jpg,0,0.18628032505512238,0.9693402647972107,0.02418428286910057,0.061319500207901,0.00396002596244216
road450_png.rf.4066ba8e8ac659692b69cbcf144c575f.jpg,0,0.18062223494052887,0.9957247972488403,0.03931012749671936,0.008550424128770828,0.002385441679507494
road450_png.rf.4066ba8e8ac659692b69cbcf144c575f.jpg,10,0.475858598947525,0.414684534072876,0.15486307442188263,0.18865013122558594,0.0023125503212213516
road450_png.rf.4066ba8e8ac659692b69cbcf144c575f.jpg,10,0.476703941822052,0.5016945004463196,0.16610325872898102,0.249589741230011,0.001089680241420865
road453_png.rf.2ac6332c02e34b01f38bd0daf2dee199.jpg,10,0.4445497691631317,0.4760574400424957,0.29417869448661804,0.24329343438148499,0.9340100884437561
road453_png.rf.2ac6332c02e34b01f38bd0daf2dee199.jpg,5,0.5125473737716675,0.2852218449115753,0.10726115107536316,0.14189274609088898,0.005456792190670967
road453_png.rf.2ac6332c02e34b01f38bd0daf2dee199.jpg,9,0.4092528820037842,0.4674195647239685,0.07367552816867828,0.09158556908369064,0.002137401606887579
road453_png.rf.2ac6332c02e34b01f38bd0daf2dee199.jpg,0,0.2707676291465759,0.07743487507104874,0.5173549652099609,0.15486975014209747,0.001371862948872149
road459_png.rf.90e8843192d53e6f83e48ef5a09736a3.jpg,12,0.4829135537147522,0.4416005313396454,0.22317388653755188,0.18708406388759613,0.9140586853027344
road459_png.rf.90e8843192d53e6f83e48ef5a09736a3.jpg,1,0.42819494009017944,0.8729637265205383,0.1742517501115799,0.24522605538368225,0.11720174551010132
road459_png.rf.90e8843192d53e6f83e48ef5a09736a3.jpg,1,0.4343639016151428,0.8632860779762268,0.28253504633903503,0.27342796325683594,0.0039239008910954
road459_png.rf.90e8843192d53e6f83e48ef5a09736a3.jpg,1,0.9149973392486572,0.49836719036102295,0.16988563537597656,0.9938371181488037,0.00181486620567739
road459_png.rf.90e8843192d53e6f83e48ef5a09736a3.jpg,1,0.34799012541770935,0.858436644077301,0.3795160949230194,0.28312692046165466,0.0016067108372226357
road459_png.rf.90e8843192d53e6f83e48ef5a09736a3.jpg,1,0.8759610652923584,0.5012192726135254,0.24807806313037872,0.9975615739822388,0.0015343211125582457
road459_png.rf.90e8843192d53e6f83e48ef5a09736a3.jpg,0,0.48995131254196167,0.9108998775482178,0.05040840059518814,0.17820043861865997,0.0012355325743556023
road459_png.rf.90e8843192d53e6f83e48ef5a09736a3.jpg,6,0.9290252327919006,0.49424445629119873,0.14192523062229156,0.9734448790550232,0.0012318991357460618
road459_png.rf.90e8843192d53e6f83e48ef5a09736a3.jpg,0,0.48989972472190857,0.947004497051239,0.052724070847034454,0.1056269183754921,0.0011289985850453377
road459_png.rf.90e8843192d53e6f83e48ef5a09736a3.jpg,1,0.4576059579849243,0.8542978167533875,0.8152124285697937,0.2914043664932251,0.0010112874442711473
road45_png.rf.de2883de8bdeb35347f7dfbd23b1916c.jpg,0,0.657435953617096,0.1476215422153473,0.04341265186667442,0.11915188282728195,0.7032476663589478
road45_png.rf.de2883de8bdeb35347f7dfbd23b1916c.jpg,1,0.37964051961898804,0.22749124467372894,0.026318881660699844,0.020116055384278297,0.09804418683052063
road45_png.rf.de2883de8bdeb35347f7dfbd23b1916c.jpg,1,0.6258372664451599,0.32208743691444397,0.1853150725364685,0.24846015870571136,0.0872003510594368
road45_png.rf.de2883de8bdeb35347f7dfbd23b1916c.jpg,0,0.689466655254364,0.4118331968784332,0.04134801775217056,0.025807417929172516,0.04110630974173546
road45_png.rf.de2883de8bdeb35347f7dfbd23b1916c.jpg,0,0.6642055511474609,0.14261172711849213,0.05817171558737755,0.12614436447620392,0.018544325605034828
road45_png.rf.de2883de8bdeb35347f7dfbd23b1916c.jpg,1,0.16122855246067047,0.06194952502846718,0.028448957949876785,0.020899204537272453,0.011671863496303558
road45_png.rf.de2883de8bdeb35347f7dfbd23b1916c.jpg,0,0.6847741603851318,0.15667101740837097,0.023195194080471992,0.09492824226617813,0.011494590900838375
road45_png.rf.de2883de8bdeb35347f7dfbd23b1916c.jpg,1,0.37924057245254517,0.22612264752388,0.0315496027469635,0.024734370410442352,0.009649114683270454
road45_png.rf.de2883de8bdeb35347f7dfbd23b1916c.jpg,0,0.3389122188091278,0.2807149887084961,0.014633692800998688,0.012358592823147774,0.007656174246221781
road45_png.rf.de2883de8bdeb35347f7dfbd23b1916c.jpg,6,0.588986337184906,0.8145787715911865,0.07028253376483917,0.10556639730930328,0.007283083163201809
road45_png.rf.de2883de8bdeb35347f7dfbd23b1916c.jpg,0,0.6679365038871765,0.17164920270442963,0.046115145087242126,0.055119387805461884,0.00705577339977026
road45_png.rf.de2883de8bdeb35347f7dfbd23b1916c.jpg,1,0.6020109057426453,0.3252761662006378,0.12223511934280396,0.24805580079555511,0.006773544941097498
road45_png.rf.de2883de8bdeb35347f7dfbd23b1916c.jpg,0,0.6613866686820984,0.19988907873630524,0.04433668777346611,0.019376205280423164,0.0061222584918141365
road45_png.rf.de2883de8bdeb35347f7dfbd23b1916c.jpg,0,0.37966129183769226,0.22615939378738403,0.03077540174126625,0.02501717023551464,0.005647360812872648
road45_png.rf.de2883de8bdeb35347f7dfbd23b1916c.jpg,0,0.7171029448509216,0.9367511868476868,0.01692691259086132,0.01137271337211132,0.005213750991970301
road45_png.rf.de2883de8bdeb35347f7dfbd23b1916c.jpg,0,0.6875585913658142,0.41463881731033325,0.04820024222135544,0.034381426870822906,0.004943282809108496
road45_png.rf.de2883de8bdeb35347f7dfbd23b1916c.jpg,1,0.5158654451370239,0.7343813180923462,0.030050424858927727,0.030009858310222626,0.004472863860428333
road45_png.rf.de2883de8bdeb35347f7dfbd23b1916c.jpg,1,0.43200787901878357,0.03432825580239296,0.025076353922486305,0.01970824971795082,0.0037991972640156746
road45_png.rf.de2883de8bdeb35347f7dfbd23b1916c.jpg,0,0.6060138940811157,0.32522135972976685,0.13330401480197906,0.24852819740772247,0.0028066651429980993
road45_png.rf.de2883de8bdeb35347f7dfbd23b1916c.jpg,1,0.5126227140426636,0.7343456745147705,0.027808520942926407,0.035271573811769485,0.0024941994342952967
road45_png.rf.de2883de8bdeb35347f7dfbd23b1916c.jpg,0,0.5630056262016296,0.7712713479995728,0.1211128681898117,0.20358534157276154,0.002446060301735997
road45_png.rf.de2883de8bdeb35347f7dfbd23b1916c.jpg,0,0.6754654049873352,0.15227198600769043,0.04153978079557419,0.10287705063819885,0.0023971276823431253
road45_png.rf.de2883de8bdeb35347f7dfbd23b1916c.jpg,0,0.6658995747566223,0.17969535291194916,0.040884681046009064,0.0388336181640625,0.002169436775147915
road45_png.rf.de2883de8bdeb35347f7dfbd23b1916c.jpg,0,0.6754136681556702,0.16507184505462646,0.03613853454589844,0.06596925109624863,0.0021342411637306213
road45_png.rf.de2883de8bdeb35347f7dfbd23b1916c.jpg,1,0.645337700843811,0.329273521900177,0.2517748773097992,0.280567467212677,0.002049514325335622
road45_png.rf.de2883de8bdeb35347f7dfbd23b1916c.jpg,0,0.6801037788391113,0.15603795647621155,0.028191860765218735,0.08551836013793945,0.0019157768692821264
road45_png.rf.de2883de8bdeb35347f7dfbd23b1916c.jpg,0,0.16158445179462433,0.06221577897667885,0.029326055198907852,0.02028707042336464,0.0017391497967764735
road45_png.rf.de2883de8bdeb35347f7dfbd23b1916c.jpg,0,0.6839286088943481,0.40780311822891235,0.05758285894989967,0.037596262991428375,0.001692313002422452
road45_png.rf.de2883de8bdeb35347f7dfbd23b1916c.jpg,0,0.20523904263973236,0.053408727049827576,0.012740557081997395,0.008785862475633621,0.0014936391962692142
road45_png.rf.de2883de8bdeb35347f7dfbd23b1916c.jpg,1,0.4829161465167999,0.8451193571090698,0.07927579432725906,0.1608312427997589,0.0014454430202022195
road45_png.rf.de2883de8bdeb35347f7dfbd23b1916c.jpg,0,0.5765835046768188,0.7988988757133484,0.094614177942276,0.1390758752822876,0.001364510739222169
road45_png.rf.de2883de8bdeb35347f7dfbd23b1916c.jpg,1,0.5154862999916077,0.7402237057685852,0.03590547293424606,0.04637608304619789,0.0012554432032629848
road45_png.rf.de2883de8bdeb35347f7dfbd23b1916c.jpg,1,0.30808284878730774,0.0033191971015185118,0.018769577145576477,0.006426583509892225,0.0012406010646373034
road45_png.rf.de2883de8bdeb35347f7dfbd23b1916c.jpg,0,0.10588043183088303,0.13561463356018066,0.04673074930906296,0.03858780115842819,0.0012205695966258645
road45_png.rf.de2883de8bdeb35347f7dfbd23b1916c.jpg,0,0.7029175758361816,0.44370147585868835,0.05124833062291145,0.023525714874267578,0.0011219142470508814
road45_png.rf.de2883de8bdeb35347f7dfbd23b1916c.jpg,1,0.5115021467208862,0.7276074886322021,0.03014601394534111,0.03281630203127861,0.0010993644827976823
road466_png.rf.d57ae6325b53f1b11ebb16fbfefd48e0.jpg,12,0.3655540645122528,0.248711958527565,0.2872132360935211,0.2192978709936142,0.915065348148346
road466_png.rf.d57ae6325b53f1b11ebb16fbfefd48e0.jpg,0,0.3200777471065521,0.7957351803779602,0.18691140413284302,0.384313702583313,0.8922110199928284
road466_png.rf.d57ae6325b53f1b11ebb16fbfefd48e0.jpg,0,0.2927648723125458,0.9950849413871765,0.04403914138674736,0.009756235405802727,0.00747783062979579
road466_png.rf.d57ae6325b53f1b11ebb16fbfefd48e0.jpg,0,0.3025927245616913,0.995013952255249,0.06904615461826324,0.009879185818135738,0.0032673345413058996
road466_png.rf.d57ae6325b53f1b11ebb16fbfefd48e0.jpg,0,0.31359270215034485,0.9943050146102905,0.09613877534866333,0.011390172876417637,0.002339637139812112
road466_png.rf.d57ae6325b53f1b11ebb16fbfefd48e0.jpg,0,0.36195364594459534,0.8356648087501526,0.09539655596017838,0.2758745849132538,0.0020999028347432613
road470_png.rf.7670afafae0b681bed4d7bd1ce2f1775.jpg,12,0.32480520009994507,0.5417858958244324,0.19312720000743866,0.1562441736459732,0.8868924379348755
road470_png.rf.7670afafae0b681bed4d7bd1ce2f1775.jpg,1,0.06152499467134476,0.7335689663887024,0.12215282022953033,0.4283676743507385,0.001751911942847073
road470_png.rf.7670afafae0b681bed4d7bd1ce2f1775.jpg,0,0.04167504981160164,0.651760995388031,0.08125339448451996,0.1982896625995636,0.0014398654457181692
road470_png.rf.7670afafae0b681bed4d7bd1ce2f1775.jpg,3,0.539356529712677,0.28097400069236755,0.05601336434483528,0.07608940452337265,0.0012690204894170165
road470_png.rf.7670afafae0b681bed4d7bd1ce2f1775.jpg,5,0.5414173603057861,0.2803351879119873,0.05194675177335739,0.0713726058602333,0.001037755748257041
road485_png.rf.27b8f614cd9acbfc022c4c40b8707cbf.jpg,12,0.3789328336715698,0.4694254398345947,0.4546080231666565,0.3574201166629791,0.9321469068527222
road487_png.rf.dc7045b0bb497d4a44959dc9f8466232.jpg,12,0.5761831402778625,0.42449483275413513,0.11578039824962616,0.09291209280490875,0.9207455515861511
road487_png.rf.dc7045b0bb497d4a44959dc9f8466232.jpg,0,0.9934481382369995,0.565004825592041,0.0074963937513530254,0.006826767697930336,0.001617471338249743
road488_png.rf.d96ab5854f2c6a2137b4005752cadeec.jpg,12,0.675772488117218,0.3600116968154907,0.13262228667736053,0.10692671686410904,0.9122108817100525
road488_png.rf.d96ab5854f2c6a2137b4005752cadeec.jpg,13,0.6778241991996765,0.3597550094127655,0.12778902053833008,0.10631319880485535,0.010696286335587502
road488_png.rf.d96ab5854f2c6a2137b4005752cadeec.jpg,1,0.011662132106721401,0.01654607430100441,0.014367996715009212,0.031183693557977676,0.0036018243990838528
road488_png.rf.d96ab5854f2c6a2137b4005752cadeec.jpg,0,0.5562953948974609,0.012235862202942371,0.08143182843923569,0.024471724405884743,0.003511610208079219
road490_png.rf.464f4426af72921b633d86c047b4eb7a.jpg,12,0.5313172340393066,0.36813193559646606,0.16689836978912354,0.13120213150978088,0.8822691440582275
road490_png.rf.464f4426af72921b633d86c047b4eb7a.jpg,1,0.9964807033538818,0.6301092505455017,0.006690979469567537,0.04390694573521614,0.0035390076227486134
road490_png.rf.464f4426af72921b633d86c047b4eb7a.jpg,0,0.26118096709251404,0.8090682029724121,0.03257771581411362,0.02037782035768032,0.0017114669317379594
road491_png.rf.878b3a369b2f57b3edeb679ff3e03c23.jpg,12,0.5738435387611389,0.40091264247894287,0.20457066595554352,0.16409163177013397,0.9123135209083557
road506_png.rf.7a13ac3369dd9c4a13997267c82b32a6.jpg,12,0.31276974081993103,0.673191249370575,0.2413545548915863,0.19657006859779358,0.8988593816757202
road506_png.rf.7a13ac3369dd9c4a13997267c82b32a6.jpg,1,0.5605661273002625,0.6755771636962891,0.017221854999661446,0.011356648057699203,0.00733537832275033
road506_png.rf.7a13ac3369dd9c4a13997267c82b32a6.jpg,1,0.6072985529899597,0.869797945022583,0.018636850640177727,0.017869729548692703,0.00511827040463686
road506_png.rf.7a13ac3369dd9c4a13997267c82b32a6.jpg,0,0.19353504478931427,0.8120872378349304,0.00907113030552864,0.007255407981574535,0.0019488576799631119
road506_png.rf.7a13ac3369dd9c4a13997267c82b32a6.jpg,1,0.7133626341819763,0.4022877514362335,0.020847175270318985,0.02769719809293747,0.0012953589903190732
road506_png.rf.7a13ac3369dd9c4a13997267c82b32a6.jpg,0,0.6588013768196106,0.9942222237586975,0.041092947125434875,0.010580062866210938,0.001258642878383398
road506_png.rf.7a13ac3369dd9c4a13997267c82b32a6.jpg,0,0.9857000708580017,0.6468928456306458,0.02859996072947979,0.06765050441026688,0.0012152426643297076
road506_png.rf.7a13ac3369dd9c4a13997267c82b32a6.jpg,0,0.5351042747497559,0.4363877773284912,0.007039804011583328,0.004991091322153807,0.0010972400195896626
road506_png.rf.7a13ac3369dd9c4a13997267c82b32a6.jpg,1,0.6047327518463135,0.8698756694793701,0.02156650274991989,0.020903514698147774,0.0010816636495292187
road519_png.rf.aa9e93bebe13bca1fd49aa4b08f47354.jpg,12,0.5812899470329285,0.46923983097076416,0.09368529915809631,0.0751611664891243,0.9436469674110413
road51_png.rf.049d6ceefd959818a9f59c81f8d1387a.jpg,0,0.5561309456825256,0.4983885884284973,0.1573765128850937,0.3233605623245239,0.5915617942810059
road51_png.rf.049d6ceefd959818a9f59c81f8d1387a.jpg,1,0.5580158233642578,0.48773330450057983,0.16280467808246613,0.3464379906654358,0.15183305740356445
road51_png.rf.049d6ceefd959818a9f59c81f8d1387a.jpg,12,0.5555456280708313,0.4994301497936249,0.15897168219089508,0.3245902955532074,0.05635602027177811
road51_png.rf.049d6ceefd959818a9f59c81f8d1387a.jpg,1,0.5196571350097656,0.04507153108716011,0.050179485231637955,0.09014306217432022,0.015719275921583176
road51_png.rf.049d6ceefd959818a9f59c81f8d1387a.jpg,1,0.5413151979446411,0.045373525470495224,0.06226811185479164,0.09046325832605362,0.014376611448824406
road51_png.rf.049d6ceefd959818a9f59c81f8d1387a.jpg,1,0.6695418953895569,0.5011491775512695,0.6609162092208862,0.9977017641067505,0.005001166835427284
road51_png.rf.049d6ceefd959818a9f59c81f8d1387a.jpg,0,0.5396919250488281,0.5316937565803528,0.13927336037158966,0.222842738032341,0.004408771637827158
road51_png.rf.049d6ceefd959818a9f59c81f8d1387a.jpg,1,0.5329437255859375,0.04901568591594696,0.08344735205173492,0.09803137183189392,0.0035441922955214977
road51_png.rf.049d6ceefd959818a9f59c81f8d1387a.jpg,1,0.6680102944374084,0.03457018733024597,0.09127654135227203,0.06914037466049194,0.003361333394423127
road51_png.rf.049d6ceefd959818a9f59c81f8d1387a.jpg,7,0.03907177224755287,0.48467448353767395,0.07814354449510574,0.9693489670753479,0.0031187613494694233
road51_png.rf.049d6ceefd959818a9f59c81f8d1387a.jpg,0,0.5281713604927063,0.8487813472747803,0.02788807824254036,0.018869180232286453,0.001971033401787281
road51_png.rf.049d6ceefd959818a9f59c81f8d1387a.jpg,1,0.9966568350791931,0.3026386499404907,0.006625249050557613,0.018752997741103172,0.0019399758893996477
road51_png.rf.049d6ceefd959818a9f59c81f8d1387a.jpg,14,0.06142495572566986,0.5005573630332947,0.12253182381391525,0.9988853335380554,0.0018426048336550593
road51_png.rf.049d6ceefd959818a9f59c81f8d1387a.jpg,14,0.043350446969270706,0.4954756796360016,0.08670089393854141,0.9850698113441467,0.001732887583784759
road51_png.rf.049d6ceefd959818a9f59c81f8d1387a.jpg,7,0.06328068673610687,0.5,0.12644028663635254,1.0,0.001715939026325941
road51_png.rf.049d6ceefd959818a9f59c81f8d1387a.jpg,0,0.5090388059616089,0.5339033007621765,0.1337772160768509,0.21084390580654144,0.0015238908817991614
road51_png.rf.049d6ceefd959818a9f59c81f8d1387a.jpg,1,0.9854444861412048,0.9405620694160461,0.028783800080418587,0.11887602508068085,0.001461854437366128
road51_png.rf.049d6ceefd959818a9f59c81f8d1387a.jpg,1,0.9962077736854553,0.3019163906574249,0.007386427838355303,0.02366797812283039,0.0013258516555652022
road51_png.rf.049d6ceefd959818a9f59c81f8d1387a.jpg,1,0.5145450234413147,0.04230108484625816,0.035621900111436844,0.08431364595890045,0.0012625458184629679
road51_png.rf.049d6ceefd959818a9f59c81f8d1387a.jpg,1,0.04740720987319946,0.445111483335495,0.09481441974639893,0.89022296667099,0.0011760644847527146
road51_png.rf.049d6ceefd959818a9f59c81f8d1387a.jpg,1,0.14000563323497772,0.5001828670501709,0.28001126646995544,0.999634325504303,0.001158950966782868
road51_png.rf.049d6ceefd959818a9f59c81f8d1387a.jpg,1,0.07014975696802139,0.5,0.13997961580753326,1.0,0.0011538364924490452
road520_png.rf.937374420bcb13bddc7b27ad6128d860.jpg,12,0.6382637023925781,0.40694719552993774,0.1626092493534088,0.12377262860536575,0.8637612462043762
road520_png.rf.937374420bcb13bddc7b27ad6128d860.jpg,0,0.41407352685928345,0.9174743890762329,0.023576004430651665,0.0862441435456276,0.010547352954745293
road520_png.rf.937374420bcb13bddc7b27ad6128d860.jpg,0,0.6418070197105408,0.8744298815727234,0.1694410890340805,0.251140296459198,0.004974085371941328
road520_png.rf.937374420bcb13bddc7b27ad6128d860.jpg,0,0.40904170274734497,0.9289840459823608,0.03244719281792641,0.06222453713417053,0.003647253382951021
road520_png.rf.937374420bcb13bddc7b27ad6128d860.jpg,0,0.9758238792419434,0.6194841861724854,0.04829949885606766,0.14371934533119202,0.0031189690344035625
road520_png.rf.937374420bcb13bddc7b27ad6128d860.jpg,1,0.3887038826942444,0.9108023643493652,0.15674379467964172,0.1783953458070755,0.001695937942713499
road520_png.rf.937374420bcb13bddc7b27ad6128d860.jpg,0,0.39600780606269836,0.9267945289611816,0.048269566148519516,0.06691896170377731,0.0013512650039047003
road520_png.rf.937374420bcb13bddc7b27ad6128d860.jpg,1,0.6426336169242859,0.8855143785476685,0.15705010294914246,0.2289714217185974,0.001316920854151249
road520_png.rf.937374420bcb13bddc7b27ad6128d860.jpg,0,0.41504931449890137,0.9286577105522156,0.021307872608304024,0.06250205636024475,0.0010406570509076118
road554_png.rf.534262cf45c8f7f6ad9e709bfa74bd81.jpg,8,0.3840242028236389,0.7087627649307251,0.18394586443901062,0.14511168003082275,0.8964764475822449
road573_png.rf.692497fab5c04bfffa1d5f4b2b285213.jpg,8,0.3788955509662628,0.655562698841095,0.31664738059043884,0.2530551850795746,0.9145228266716003
road573_png.rf.692497fab5c04bfffa1d5f4b2b285213.jpg,11,0.5479015111923218,0.7217252254486084,0.9041969776153564,0.5565496683120728,0.0016390769742429256
road574_png.rf.e9300ee48cadd50aff3821e5d303d293.jpg,8,0.49227336049079895,0.6602784991264343,0.40744414925575256,0.3251406252384186,0.9115357398986816
road574_png.rf.e9300ee48cadd50aff3821e5d303d293.jpg,0,0.5055756568908691,0.9662352800369263,0.050363101065158844,0.06590594351291656,0.0017297964077442884
road574_png.rf.e9300ee48cadd50aff3821e5d303d293.jpg,11,0.4382488429546356,0.7311286926269531,0.8764976859092712,0.5377426147460938,0.0015107414219528437
road574_png.rf.e9300ee48cadd50aff3821e5d303d293.jpg,0,0.5223787426948547,0.9672143459320068,0.10453136265277863,0.06554009765386581,0.0015005769673734903
road574_png.rf.e9300ee48cadd50aff3821e5d303d293.jpg,0,0.5240548849105835,0.9516911506652832,0.09970805048942566,0.09661784768104553,0.0010976995108649135
road576_png.rf.f46db39f9f64118df1377c6196897c25.jpg,8,0.2568361759185791,0.3330022394657135,0.13139712810516357,0.09850214421749115,0.9146881699562073
road576_png.rf.f46db39f9f64118df1377c6196897c25.jpg,0,0.632944643497467,0.7395499348640442,0.010403119958937168,0.025493988767266273,0.055580101907253265
road576_png.rf.f46db39f9f64118df1377c6196897c25.jpg,0,0.2836907207965851,0.9939735531806946,0.10148314386606216,0.011911759153008461,0.009585171937942505
road576_png.rf.f46db39f9f64118df1377c6196897c25.jpg,0,0.28484031558036804,0.9913925528526306,0.12745846807956696,0.01719386875629425,0.007575162220746279
road576_png.rf.f46db39f9f64118df1377c6196897c25.jpg,0,0.20852108299732208,0.5721461772918701,0.009230632334947586,0.011735550127923489,0.005306644830852747
road576_png.rf.f46db39f9f64118df1377c6196897c25.jpg,0,0.2087971270084381,0.5739091038703918,0.00834217481315136,0.008107882924377918,0.0018625896191224456
road576_png.rf.f46db39f9f64118df1377c6196897c25.jpg,0,0.26547783613204956,0.993456244468689,0.07410673052072525,0.012731186114251614,0.001831651316024363
road576_png.rf.f46db39f9f64118df1377c6196897c25.jpg,0,0.2070254683494568,0.5712411403656006,0.011527447029948235,0.014655040577054024,0.0018184962682425976
road582_png.rf.930fbae49546d10b46e1f533c4e0a291.jpg,1,0.6469138264656067,0.6230612993240356,0.05980301275849342,0.1103861927986145,0.855630099773407
road582_png.rf.930fbae49546d10b46e1f533c4e0a291.jpg,1,0.3547455966472626,0.36364707350730896,0.06518734991550446,0.11279363185167313,0.4918875992298126
road582_png.rf.930fbae49546d10b46e1f533c4e0a291.jpg,0,0.8180652260780334,0.800513505935669,0.022312825545668602,0.021180741488933563,0.09540598839521408
road582_png.rf.930fbae49546d10b46e1f533c4e0a291.jpg,1,0.7187825441360474,0.7732883095741272,0.028649844229221344,0.025921456515789032,0.06613171845674515
road582_png.rf.930fbae49546d10b46e1f533c4e0a291.jpg,0,0.8204178214073181,0.7923948168754578,0.027677390724420547,0.04150185361504555,0.038311608135700226
road582_png.rf.930fbae49546d10b46e1f533c4e0a291.jpg,0,0.8198968768119812,0.8001382946968079,0.028196629136800766,0.02470119297504425,0.030697446316480637
road582_png.rf.930fbae49546d10b46e1f533c4e0a291.jpg,1,0.7164499163627625,0.7765384912490845,0.030518606305122375,0.030934995040297508,0.025752972811460495
road582_png.rf.930fbae49546d10b46e1f533c4e0a291.jpg,1,0.7127496600151062,0.7683711051940918,0.042156368494033813,0.03178919479250908,0.020083431154489517
road582_png.rf.930fbae49546d10b46e1f533c4e0a291.jpg,1,0.6376692652702332,0.6277794241905212,0.07510174810886383,0.12687107920646667,0.01833193749189377
road582_png.rf.930fbae49546d10b46e1f533c4e0a291.jpg,1,0.633152186870575,0.5572925209999084,0.08880351483821869,0.25278082489967346,0.015227876603603363
road582_png.rf.930fbae49546d10b46e1f533c4e0a291.jpg,0,0.817995548248291,0.7846248745918274,0.028547067195177078,0.05894213542342186,0.01466352492570877
road582_png.rf.930fbae49546d10b46e1f533c4e0a291.jpg,1,0.30346548557281494,0.8021327257156372,0.018464988097548485,0.016391314566135406,0.014393938705325127
road582_png.rf.930fbae49546d10b46e1f533c4e0a291.jpg,0,0.8230555653572083,0.7847504615783691,0.02363857999444008,0.05394253507256508,0.01351000927388668
road582_png.rf.930fbae49546d10b46e1f533c4e0a291.jpg,0,0.35378319025039673,0.36425673961639404,0.06262141466140747,0.11062442511320114,0.009646781720221043
road582_png.rf.930fbae49546d10b46e1f533c4e0a291.jpg,0,0.8208540678024292,0.795654296875,0.023772094398736954,0.03370820730924606,0.009508328512310982
road582_png.rf.930fbae49546d10b46e1f533c4e0a291.jpg,1,0.7183493375778198,0.772416353225708,0.03724883124232292,0.034358978271484375,0.0074832858517766
road582_png.rf.930fbae49546d10b46e1f533c4e0a291.jpg,1,0.30072078108787537,0.8008781671524048,0.017543792724609375,0.01575499400496483,0.0058525013737380505
road582_png.rf.930fbae49546d10b46e1f533c4e0a291.jpg,0,0.816773533821106,0.7972029447555542,0.029854262247681618,0.03205028176307678,0.004923601169139147
road582_png.rf.930fbae49546d10b46e1f533c4e0a291.jpg,1,0.6370787620544434,0.5793218612670898,0.06738662719726562,0.05948525294661522,0.0045287818647921085
road582_png.rf.930fbae49546d10b46e1f533c4e0a291.jpg,0,0.8129225969314575,0.7753971219062805,0.041195210069417953,0.07594145834445953,0.0043579647317528725
road582_png.rf.930fbae49546d10b46e1f533c4e0a291.jpg,0,0.8146752119064331,0.7998033761978149,0.029443887993693352,0.02454618364572525,0.004190002102404833
road582_png.rf.930fbae49546d10b46e1f533c4e0a291.jpg,0,0.8351021409034729,0.7863640785217285,0.022979004308581352,0.05171225965023041,0.0038634075317531824
road582_png.rf.930fbae49546d10b46e1f533c4e0a291.jpg,0,0.8175907731056213,0.8062342405319214,0.031175248324871063,0.03875725343823433,0.0031778127886354923
road582_png.rf.930fbae49546d10b46e1f533c4e0a291.jpg,0,0.915641725063324,0.5000638961791992,0.16871657967567444,0.9828976392745972,0.0025469311513006687
road582_png.rf.930fbae49546d10b46e1f533c4e0a291.jpg,1,0.9455479383468628,0.4915983974933624,0.10890418291091919,0.9391093254089355,0.00212082383222878
road582_png.rf.930fbae49546d10b46e1f533c4e0a291.jpg,14,0.6440563201904297,0.587748110294342,0.04891689121723175,0.0386359877884388,0.0020183799788355827
road582_png.rf.930fbae49546d10b46e1f533c4e0a291.jpg,1,0.9073172211647034,0.5016726851463318,0.1853656768798828,0.9958837032318115,0.001966631505638361
road582_png.rf.930fbae49546d10b46e1f533c4e0a291.jpg,0,0.8313512206077576,0.7907847166061401,0.029424302279949188,0.04479533061385155,0.0019116309704259038
road582_png.rf.930fbae49546d10b46e1f533c4e0a291.jpg,1,0.638478696346283,0.5559098124504089,0.11662201583385468,0.28415313363075256,0.0018010708736255765
road582_png.rf.930fbae49546d10b46e1f533c4e0a291.jpg,1,0.6308043599128723,0.5871723294258118,0.09427008777856827,0.1642274558544159,0.0012772961053997278
road582_png.rf.930fbae49546d10b46e1f533c4e0a291.jpg,1,0.3048095703125,0.8095453381538391,0.024538353085517883,0.035167694091796875,0.0012095781276002526
road582_png.rf.930fbae49546d10b46e1f533c4e0a291.jpg,1,0.6492369771003723,0.5774820446968079,0.053957499563694,0.06109263747930527,0.0010799498995766044
road582_png.rf.930fbae49546d10b46e1f533c4e0a291.jpg,0,0.863186776638031,0.5014673471450806,0.2733042240142822,0.9944621920585632,0.0010212234919890761
road585_png.rf.9f55a59547b49a85d4b9012e0f24859c.jpg,12,0.5016911625862122,0.31751447916030884,0.1412341147661209,0.11280509829521179,0.8651884198188782
road585_png.rf.9f55a59547b49a85d4b9012e0f24859c.jpg,13,0.5075002908706665,0.31760096549987793,0.13098947703838348,0.11379049718379974,0.006157543044537306
road585_png.rf.9f55a59547b49a85d4b9012e0f24859c.jpg,1,0.5935524106025696,0.6562464833259583,0.011566786095499992,0.008627158589661121,0.002318968763574958
road587_png.rf.a53ec0d32057731c117123acb2f3b4e1.jpg,12,0.45500919222831726,0.5169882774353027,0.0746898278594017,0.058874279260635376,0.9257063865661621
road587_png.rf.a53ec0d32057731c117123acb2f3b4e1.jpg,1,0.03388821333646774,0.6447950005531311,0.01932889223098755,0.02096044085919857,0.07622955739498138
road587_png.rf.a53ec0d32057731c117123acb2f3b4e1.jpg,1,0.037228140980005264,0.6436829566955566,0.023896703496575356,0.022274531424045563,0.0308472141623497
road587_png.rf.a53ec0d32057731c117123acb2f3b4e1.jpg,1,0.12448419630527496,0.6752347350120544,0.022525567561388016,0.01865907944738865,0.02526777982711792
road587_png.rf.a53ec0d32057731c117123acb2f3b4e1.jpg,1,0.03854122385382652,0.6427775621414185,0.033370018005371094,0.026814021170139313,0.01707575097680092
road587_png.rf.a53ec0d32057731c117123acb2f3b4e1.jpg,1,0.03749779984354973,0.645466148853302,0.026253942400217056,0.03071073442697525,0.016387728974223137
road587_png.rf.a53ec0d32057731c117123acb2f3b4e1.jpg,1,0.12116234749555588,0.6768139004707336,0.016458135098218918,0.01667807623744011,0.014658783562481403
road587_png.rf.a53ec0d32057731c117123acb2f3b4e1.jpg,1,0.12070364505052567,0.6774167418479919,0.014266427606344223,0.013435364700853825,0.012141929939389229
road587_png.rf.a53ec0d32057731c117123acb2f3b4e1.jpg,1,0.030910860747098923,0.6403136253356934,0.03117319568991661,0.030244242399930954,0.009574309922754765
road587_png.rf.a53ec0d32057731c117123acb2f3b4e1.jpg,1,0.034967489540576935,0.6418942809104919,0.03713991120457649,0.038814544677734375,0.006812039762735367
road587_png.rf.a53ec0d32057731c117123acb2f3b4e1.jpg,14,0.4521397352218628,0.5738833546638489,0.07744088768959045,0.063450887799263,0.005576087161898613
road587_png.rf.a53ec0d32057731c117123acb2f3b4e1.jpg,1,0.03692911937832832,0.6371768116950989,0.03666296973824501,0.032529316842556,0.005239775869995356
road587_png.rf.a53ec0d32057731c117123acb2f3b4e1.jpg,1,0.12226906418800354,0.6754794716835022,0.026255453005433083,0.022881949320435524,0.005032812245190144
road587_png.rf.a53ec0d32057731c117123acb2f3b4e1.jpg,1,0.02905389852821827,0.6367332339286804,0.04917627573013306,0.03673582896590233,0.0033748699352145195
road587_png.rf.a53ec0d32057731c117123acb2f3b4e1.jpg,1,0.12165364623069763,0.6793053150177002,0.01786661148071289,0.01854170300066471,0.003148515010252595
road587_png.rf.a53ec0d32057731c117123acb2f3b4e1.jpg,1,0.031257592141628265,0.6440187692642212,0.025898480787873268,0.024760613217949867,0.0030557550489902496
road587_png.rf.a53ec0d32057731c117123acb2f3b4e1.jpg,1,0.02560357004404068,0.627674400806427,0.05120714008808136,0.02913258783519268,0.0022506036330014467
road587_png.rf.a53ec0d32057731c117123acb2f3b4e1.jpg,1,0.4515398144721985,0.5627478361129761,0.07473359256982803,0.08592213690280914,0.0014917246298864484
road587_png.rf.a53ec0d32057731c117123acb2f3b4e1.jpg,1,0.1275535523891449,0.6735015511512756,0.03322041034698486,0.028607003390789032,0.0012600146001204848
road587_png.rf.a53ec0d32057731c117123acb2f3b4e1.jpg,1,0.04012254253029823,0.6484547853469849,0.038773637264966965,0.03664457052946091,0.001235699630342424
road587_png.rf.a53ec0d32057731c117123acb2f3b4e1.jpg,1,0.027346676215529442,0.6647560596466064,0.030326001346111298,0.08687922358512878,0.0010350680677220225
road596_png.rf.11f43967e3d8f54a7c94b5810f527f23.jpg,12,0.5068906545639038,0.38706740736961365,0.11738447844982147,0.09780040383338928,0.9458858966827393
road596_png.rf.11f43967e3d8f54a7c94b5810f527f23.jpg,13,0.5067606568336487,0.387430876493454,0.11550111323595047,0.09420362114906311,0.0040052225813269615
road596_png.rf.11f43967e3d8f54a7c94b5810f527f23.jpg,1,0.9278058409690857,0.3528163731098175,0.01934330351650715,0.01792221888899803,0.0034140083007514477
road596_png.rf.11f43967e3d8f54a7c94b5810f527f23.jpg,10,0.5057445168495178,0.4809011220932007,0.11350928992033005,0.09446584433317184,0.002432027831673622
road596_png.rf.11f43967e3d8f54a7c94b5810f527f23.jpg,10,0.5050612688064575,0.3879137933254242,0.11405564099550247,0.09373793751001358,0.0022650891914963722
road596_png.rf.11f43967e3d8f54a7c94b5810f527f23.jpg,0,0.7873520851135254,0.275502473115921,0.01681269146502018,0.013410312123596668,0.0015111298998817801
road59_png.rf.f43173a745a9712aebbbc8f919e0fff6.jpg,14,0.6943266987800598,0.4929085671901703,0.5171996355056763,0.6574990153312683,0.9361790418624878
road604_png.rf.78092f95d0c775d7e2b266dee85e6c5d.jpg,12,0.3336125314235687,0.2961936891078949,0.1611899882555008,0.12732265889644623,0.8898836970329285
road604_png.rf.78092f95d0c775d7e2b266dee85e6c5d.jpg,0,0.9296268820762634,0.24622735381126404,0.0272397268563509,0.017628982663154602,0.0081963324919343
road604_png.rf.78092f95d0c775d7e2b266dee85e6c5d.jpg,0,0.8643926978111267,0.2696308195590973,0.13248465955257416,0.08143661916255951,0.006832893006503582
road604_png.rf.78092f95d0c775d7e2b266dee85e6c5d.jpg,4,0.6530723571777344,0.042053449898958206,0.012693919241428375,0.011232557706534863,0.00660545751452446
road604_png.rf.78092f95d0c775d7e2b266dee85e6c5d.jpg,0,0.8513413071632385,0.2720670700073242,0.097114197909832,0.06777701526880264,0.005375988781452179
road604_png.rf.78092f95d0c775d7e2b266dee85e6c5d.jpg,8,0.44433724880218506,0.9860374927520752,0.37798815965652466,0.027925051748752594,0.0023268612567335367
road604_png.rf.78092f95d0c775d7e2b266dee85e6c5d.jpg,0,0.9290145635604858,0.245127871632576,0.03839896246790886,0.02165147103369236,0.00230435561388731
road604_png.rf.78092f95d0c775d7e2b266dee85e6c5d.jpg,0,0.2264898419380188,0.18536841869354248,0.014386617578566074,0.010158722288906574,0.0017361853970214725
road604_png.rf.78092f95d0c775d7e2b266dee85e6c5d.jpg,0,0.8889264464378357,0.2692885994911194,0.19047759473323822,0.09541422128677368,0.0015242130029946566
road604_png.rf.78092f95d0c775d7e2b266dee85e6c5d.jpg,0,0.8538490533828735,0.2659890651702881,0.07973187416791916,0.05634636431932449,0.0012377199018374085
road604_png.rf.78092f95d0c775d7e2b266dee85e6c5d.jpg,0,0.9189807772636414,0.24605807662010193,0.024015573784708977,0.020303964614868164,0.0012215012684464455
road604_png.rf.78092f95d0c775d7e2b266dee85e6c5d.jpg,4,0.7178800106048584,0.12230866402387619,0.01058439165353775,0.010966164059937,0.0010704562300816178
road613_png.rf.560c13a685d02ca31a65b6b2b172772a.jpg,9,0.5616127252578735,0.5155127048492432,0.09139607846736908,0.0731264278292656,0.875586211681366
road613_png.rf.560c13a685d02ca31a65b6b2b172772a.jpg,10,0.562168300151825,0.5156375765800476,0.0925820842385292,0.07441642135381699,0.19603334367275238
road613_png.rf.560c13a685d02ca31a65b6b2b172772a.jpg,13,0.5614383816719055,0.5156968235969543,0.09134179353713989,0.07422032952308655,0.1501200646162033
road613_png.rf.560c13a685d02ca31a65b6b2b172772a.jpg,1,0.11271382123231888,0.6816613674163818,0.021800078451633453,0.026757974177598953,0.01038918737322092
road613_png.rf.560c13a685d02ca31a65b6b2b172772a.jpg,9,0.47083404660224915,0.4692343473434448,0.012068969197571278,0.02603784017264843,0.008697029203176498
road613_png.rf.560c13a685d02ca31a65b6b2b172772a.jpg,1,0.5711401700973511,0.37461164593696594,0.009476331993937492,0.025625009089708328,0.007600191980600357
road613_png.rf.560c13a685d02ca31a65b6b2b172772a.jpg,1,0.11090463399887085,0.6801913380622864,0.02668619342148304,0.03216354921460152,0.004235750529915094
road613_png.rf.560c13a685d02ca31a65b6b2b172772a.jpg,1,0.5706791877746582,0.38374608755111694,0.011743656359612942,0.04486960917711258,0.00352636631578207
road613_png.rf.560c13a685d02ca31a65b6b2b172772a.jpg,1,0.2633499503135681,0.40186408162117004,0.0084405317902565,0.006479006726294756,0.002431031782180071
road613_png.rf.560c13a685d02ca31a65b6b2b172772a.jpg,0,0.49800053238868713,0.3118468225002289,0.009667727164924145,0.026939062401652336,0.0022503468208014965
road613_png.rf.560c13a685d02ca31a65b6b2b172772a.jpg,8,0.9245784282684326,0.9188408851623535,0.03461382910609245,0.05109075456857681,0.0011432801838964224
road613_png.rf.560c13a685d02ca31a65b6b2b172772a.jpg,1,0.050661589950323105,0.661487877368927,0.06161458045244217,0.02772544138133526,0.0010514676105231047
road613_png.rf.560c13a685d02ca31a65b6b2b172772a.jpg,11,0.5061785578727722,0.7797142267227173,0.9876428842544556,0.4405716061592102,0.0010296778054907918
road619_png.rf.afe775af026ad763791eed33be445f64.jpg,8,0.5261409878730774,0.43651801347732544,0.1802857220172882,0.14662159979343414,0.9262648224830627
road619_png.rf.afe775af026ad763791eed33be445f64.jpg,1,0.992768406867981,0.11058629304170609,0.014023194089531898,0.0205242820084095,0.07014261186122894
road619_png.rf.afe775af026ad763791eed33be445f64.jpg,1,0.26104456186294556,0.47778937220573425,0.028560712933540344,0.021616972982883453,0.06397522240877151
road619_png.rf.afe775af026ad763791eed33be445f64.jpg,1,0.9885342121124268,0.10949928313493729,0.021935023367404938,0.022083118557929993,0.023068256676197052
road619_png.rf.afe775af026ad763791eed33be445f64.jpg,1,0.2588960528373718,0.4773045480251312,0.03491935506463051,0.02595028653740883,0.00934322364628315
road619_png.rf.afe775af026ad763791eed33be445f64.jpg,1,0.993556559085846,0.10871190577745438,0.01234802883118391,0.03545022010803223,0.005700367037206888
road619_png.rf.afe775af026ad763791eed33be445f64.jpg,1,0.20719502866268158,0.005202354397624731,0.04873206093907356,0.010404708795249462,0.003603671444579959
road619_png.rf.afe775af026ad763791eed33be445f64.jpg,1,0.9919371604919434,0.11384918540716171,0.01612575352191925,0.029960202053189278,0.0035310660023242235
road619_png.rf.afe775af026ad763791eed33be445f64.jpg,1,0.4739035964012146,0.004261928144842386,0.021803967654705048,0.008523856289684772,0.003140197368338704
road619_png.rf.afe775af026ad763791eed33be445f64.jpg,1,0.9852472543716431,0.10867530107498169,0.026793040335178375,0.02715735323727131,0.0027701330836862326
road619_png.rf.afe775af026ad763791eed33be445f64.jpg,1,0.5682734251022339,0.6294100880622864,0.019314436241984367,0.012327561154961586,0.0027208970859646797
road619_png.rf.afe775af026ad763791eed33be445f64.jpg,4,0.5415629148483276,0.030766386538743973,0.012371834367513657,0.017960015684366226,0.002377165714278817
road619_png.rf.afe775af026ad763791eed33be445f64.jpg,1,0.9869364500045776,0.11295434832572937,0.026127228513360023,0.03198450431227684,0.002287375507876277
road619_png.rf.afe775af026ad763791eed33be445f64.jpg,0,0.20256322622299194,0.005887535400688648,0.04208238422870636,0.011775070801377296,0.0022478268947452307
road619_png.rf.afe775af026ad763791eed33be445f64.jpg,1,0.4811308979988098,0.004089237190783024,0.02398509345948696,0.008178474381566048,0.001710536889731884
road619_png.rf.afe775af026ad763791eed33be445f64.jpg,1,0.3607040345668793,0.030238134786486626,0.019799087196588516,0.060237281024456024,0.001681493129581213
road619_png.rf.afe775af026ad763791eed33be445f64.jpg,1,0.5657095313072205,0.6272083520889282,0.01950443722307682,0.013128134422004223,0.0015662899240851402
road619_png.rf.afe775af026ad763791eed33be445f64.jpg,1,0.2129645198583603,0.008221546187996864,0.07321284711360931,0.01644309237599373,0.0012507120845839381
road619_png.rf.afe775af026ad763791eed33be445f64.jpg,5,0.5023828744888306,0.12558643519878387,0.08949603140354156,0.07568369060754776,0.0011045540450140834
road619_png.rf.afe775af026ad763791eed33be445f64.jpg,1,0.9868845343589783,0.15235181152820587,0.025400236248970032,0.03431820124387741,0.0010642801644280553
road619_png.rf.afe775af026ad763791eed33be445f64.jpg,1,0.2595081329345703,0.48219749331474304,0.035609081387519836,0.036431826651096344,0.0010301817674189806
road629_png.rf.79a049eae4f765c580544c533220d5f5.jpg,9,0.6633207201957703,0.37491294741630554,0.3550889492034912,0.2874697744846344,0.8895871043205261
road629_png.rf.79a049eae4f765c580544c533220d5f5.jpg,9,0.5,0.37261274456977844,1.0,0.7452254891395569,0.002251413417980075
road629_png.rf.79a049eae4f765c580544c533220d5f5.jpg,8,0.7953044176101685,0.9718945026397705,0.12374012917280197,0.05571006238460541,0.0021405199076980352
road629_png.rf.79a049eae4f765c580544c533220d5f5.jpg,0,0.35017484426498413,0.5179377794265747,0.7003496885299683,0.9618200063705444,0.0015275191981345415
road629_png.rf.79a049eae4f765c580544c533220d5f5.jpg,1,0.3502626419067383,0.5766973495483398,0.6943419575691223,0.820669949054718,0.00125126913189888
road62_png.rf.b3288434b3cf3e2b6d2f057c1f5a0502.jpg,14,0.6372991800308228,0.3929237127304077,0.3313077986240387,0.24587015807628632,0.9027939438819885
road62_png.rf.b3288434b3cf3e2b6d2f057c1f5a0502.jpg,1,0.387430340051651,0.33243894577026367,0.774860680103302,0.6647295951843262,0.0020855942275375128
road633_png.rf.282d128c502ba602126742a5064cd054.jpg,14,0.3965257406234741,0.31647682189941406,0.13994356989860535,0.10906276851892471,0.8717708587646484
road639_png.rf.74306332af06fee257b44f5dd9ae02fb.jpg,11,0.5382310748100281,0.6249270439147949,0.14042329788208008,0.11620961874723434,0.9199522137641907
road639_png.rf.74306332af06fee257b44f5dd9ae02fb.jpg,9,0.0736779198050499,0.7760527729988098,0.06762421131134033,0.05393622815608978,0.8605961799621582
road639_png.rf.74306332af06fee257b44f5dd9ae02fb.jpg,7,0.07442663609981537,0.7763949632644653,0.06836547702550888,0.05383095517754555,0.3434688448905945
road639_png.rf.74306332af06fee257b44f5dd9ae02fb.jpg,5,0.07670173794031143,0.7750981450080872,0.06993015110492706,0.05334194004535675,0.09887653589248657
road639_png.rf.74306332af06fee257b44f5dd9ae02fb.jpg,5,0.53685063123703,0.6260294318199158,0.14410808682441711,0.12191872298717499,0.022606663405895233
road639_png.rf.74306332af06fee257b44f5dd9ae02fb.jpg,8,0.07499708980321884,0.776022732257843,0.06862087547779083,0.05379435047507286,0.006537722423672676
road639_png.rf.74306332af06fee257b44f5dd9ae02fb.jpg,11,0.5046098828315735,0.5761061906814575,0.9907803535461426,0.8477877378463745,0.004444835241883993
road639_png.rf.74306332af06fee257b44f5dd9ae02fb.jpg,0,0.6159374713897705,0.5063237547874451,0.016039995476603508,0.01444857008755207,0.0011772559955716133
road639_png.rf.74306332af06fee257b44f5dd9ae02fb.jpg,10,0.07718988507986069,0.774509608745575,0.07093675434589386,0.05510939285159111,0.0011271396651864052
road640_png.rf.d095777d03f03f86a0b6b1f5b32dfdd5.jpg,11,0.7826757431030273,0.32104310393333435,0.1611863672733307,0.13082465529441833,0.9256518483161926
road640_png.rf.d095777d03f03f86a0b6b1f5b32dfdd5.jpg,9,0.24171467125415802,0.48620012402534485,0.07085274159908295,0.05544827878475189,0.906254231929779
road640_png.rf.d095777d03f03f86a0b6b1f5b32dfdd5.jpg,7,0.24315758049488068,0.4873269200325012,0.07276038080453873,0.05669828876852989,0.5831303000450134
road640_png.rf.d095777d03f03f86a0b6b1f5b32dfdd5.jpg,10,0.24363276362419128,0.48707419633865356,0.07185619324445724,0.05764029920101166,0.4356771409511566
road640_png.rf.d095777d03f03f86a0b6b1f5b32dfdd5.jpg,11,0.5584524273872375,0.44385772943496704,0.8830952644348145,0.8862844705581665,0.029542570933699608
road640_png.rf.d095777d03f03f86a0b6b1f5b32dfdd5.jpg,8,0.7799146175384521,0.3229406476020813,0.1630728840827942,0.13293039798736572,0.021546946838498116
road640_png.rf.d095777d03f03f86a0b6b1f5b32dfdd5.jpg,5,0.779962420463562,0.32255083322525024,0.16234683990478516,0.13335101306438446,0.008443806320428848
road640_png.rf.d095777d03f03f86a0b6b1f5b32dfdd5.jpg,8,0.24264362454414368,0.4863201975822449,0.07170712202787399,0.057631053030490875,0.003275980008766055
road640_png.rf.d095777d03f03f86a0b6b1f5b32dfdd5.jpg,1,0.1436215043067932,0.047214508056640625,0.032682448625564575,0.025639193132519722,0.002276643645018339
road640_png.rf.d095777d03f03f86a0b6b1f5b32dfdd5.jpg,0,0.5348346829414368,0.062438372522592545,0.06713970005512238,0.12487674504518509,0.001320081646554172
road64_png.rf.bf315b45291d211d2e01926d50ddfddf.jpg,14,0.5486321449279785,0.46753180027008057,0.8265805840492249,0.9350636005401611,0.9362016320228577
road64_png.rf.bf315b45291d211d2e01926d50ddfddf.jpg,1,0.8688123226165771,0.48227542638778687,0.26230937242507935,0.9617409110069275,0.026047011837363243
road64_png.rf.bf315b45291d211d2e01926d50ddfddf.jpg,1,0.9167085289955139,0.478464812040329,0.166487917304039,0.9410331845283508,0.01681061089038849
road64_png.rf.bf315b45291d211d2e01926d50ddfddf.jpg,1,0.14609311521053314,0.490166574716568,0.2921862304210663,0.980333149433136,0.009485811926424503
road64_png.rf.bf315b45291d211d2e01926d50ddfddf.jpg,1,0.10264117270708084,0.510829508304596,0.20528234541416168,0.9783410429954529,0.007457318250089884
road64_png.rf.bf315b45291d211d2e01926d50ddfddf.jpg,1,0.22428002953529358,0.4591115713119507,0.44856005907058716,0.9147131443023682,0.0029390850104391575
road64_png.rf.bf315b45291d211d2e01926d50ddfddf.jpg,1,0.782372772693634,0.4823437035083771,0.4340098202228546,0.9641683101654053,0.002595515688881278
road64_png.rf.bf315b45291d211d2e01926d50ddfddf.jpg,1,0.528690755367279,0.10416779667139053,0.028048517182469368,0.029466401785612106,0.0019035872537642717
road64_png.rf.bf315b45291d211d2e01926d50ddfddf.jpg,1,0.8158641457557678,0.3083078861236572,0.36772993206977844,0.615480899810791,0.0017440726514905691
road64_png.rf.bf315b45291d211d2e01926d50ddfddf.jpg,1,0.88016676902771,0.3216785788536072,0.2396666556596756,0.6422544121742249,0.0015910303918644786
road64_png.rf.bf315b45291d211d2e01926d50ddfddf.jpg,14,0.6982762813568115,0.49581775069236755,0.6034474968910217,0.9916355013847351,0.0014755649026483297
road64_png.rf.bf315b45291d211d2e01926d50ddfddf.jpg,1,0.26101309061050415,0.14249840378761292,0.5220261812210083,0.28499680757522583,0.0010062801884487271
road650_png.rf.b4086d2eec2b5bfe4465ae484a3b762f.jpg,9,0.48561879992485046,0.3184836804866791,0.12383454293012619,0.10511327534914017,0.8542537689208984
road650_png.rf.b4086d2eec2b5bfe4465ae484a3b762f.jpg,6,0.24909749627113342,0.0068390159867703915,0.020723452791571617,0.013596233911812305,0.013281977735459805
road650_png.rf.b4086d2eec2b5bfe4465ae484a3b762f.jpg,10,0.2486528754234314,0.007250424940139055,0.02231636457145214,0.014108062721788883,0.004581577610224485
road650_png.rf.b4086d2eec2b5bfe4465ae484a3b762f.jpg,1,0.3601466715335846,0.004763677250593901,0.026756031438708305,0.00924740731716156,0.004549280274659395
road650_png.rf.b4086d2eec2b5bfe4465ae484a3b762f.jpg,1,0.3648431599140167,0.004404746927320957,0.019749458879232407,0.008312811143696308,0.0037742764689028263
road650_png.rf.b4086d2eec2b5bfe4465ae484a3b762f.jpg,9,0.2472233921289444,0.007045715115964413,0.025818495079874992,0.014028719626367092,0.0030125281773507595
road650_png.rf.b4086d2eec2b5bfe4465ae484a3b762f.jpg,10,0.4851011335849762,0.3192777633666992,0.12407927215099335,0.10400427877902985,0.0024443911388516426
road650_png.rf.b4086d2eec2b5bfe4465ae484a3b762f.jpg,1,0.36795926094055176,0.004128581844270229,0.01705004647374153,0.00788661278784275,0.0023896272759884596
road650_png.rf.b4086d2eec2b5bfe4465ae484a3b762f.jpg,1,0.3640058636665344,0.007204858586192131,0.022464752197265625,0.012868978083133698,0.0014424572000280023
road650_png.rf.b4086d2eec2b5bfe4465ae484a3b762f.jpg,1,0.358695924282074,0.007511974778026342,0.022961286827921867,0.013509849086403847,0.0014078840613365173
road652_png.rf.e82e3cfaed8d2378962fd6c1380f5d02.jpg,8,0.4825248122215271,0.45662838220596313,0.06535951793193817,0.05191968381404877,0.9592715501785278
road652_png.rf.e82e3cfaed8d2378962fd6c1380f5d02.jpg,10,0.2877383232116699,0.4737563729286194,0.052434612065553665,0.041240252554416656,0.763592541217804
road652_png.rf.e82e3cfaed8d2378962fd6c1380f5d02.jpg,8,0.2886466979980469,0.4737299680709839,0.049676693975925446,0.03913560509681702,0.5824455618858337
road652_png.rf.e82e3cfaed8d2378962fd6c1380f5d02.jpg,3,0.28782960772514343,0.4736386239528656,0.051113516092300415,0.04025573283433914,0.06420166045427322
road652_png.rf.e82e3cfaed8d2378962fd6c1380f5d02.jpg,13,0.2875654399394989,0.4736962914466858,0.05193163827061653,0.04080372676253319,0.055990781635046005
road652_png.rf.e82e3cfaed8d2378962fd6c1380f5d02.jpg,0,0.28719383478164673,0.2189604789018631,0.03980141505599022,0.011759153567254543,0.005102163180708885
road652_png.rf.e82e3cfaed8d2378962fd6c1380f5d02.jpg,8,0.2881188988685608,0.43213340640068054,0.055262256413698196,0.04214019328355789,0.005059828050434589
road652_png.rf.e82e3cfaed8d2378962fd6c1380f5d02.jpg,1,0.7546334862709045,0.9631947875022888,0.009527940303087234,0.007863485254347324,0.0030978836584836245
road652_png.rf.e82e3cfaed8d2378962fd6c1380f5d02.jpg,0,0.29130199551582336,0.20965979993343353,0.04457994922995567,0.02450968697667122,0.0014057712396606803
road652_png.rf.e82e3cfaed8d2378962fd6c1380f5d02.jpg,0,0.29447972774505615,0.20518888533115387,0.04035256430506706,0.02907276339828968,0.0013946420513093472
road652_png.rf.e82e3cfaed8d2378962fd6c1380f5d02.jpg,1,0.535182774066925,0.06136917322874069,0.0158438328653574,0.009744328446686268,0.0012895541731268167
road652_png.rf.e82e3cfaed8d2378962fd6c1380f5d02.jpg,0,0.2960762679576874,0.20188955962657928,0.03535879775881767,0.025472037494182587,0.0010065707610920072
road653_png.rf.a69e562a3dab509d536c1f6d7689c4de.jpg,8,0.5728591084480286,0.5732342004776001,0.0744573175907135,0.05985172092914581,0.9729154109954834
road653_png.rf.a69e562a3dab509d536c1f6d7689c4de.jpg,10,0.3355974853038788,0.594092071056366,0.05562489107251167,0.046910252422094345,0.9355461001396179
road653_png.rf.a69e562a3dab509d536c1f6d7689c4de.jpg,8,0.3365115523338318,0.5924884080886841,0.05640341714024544,0.04494652524590492,0.4590233266353607
road653_png.rf.a69e562a3dab509d536c1f6d7689c4de.jpg,13,0.33611175417900085,0.5929263234138489,0.054804474115371704,0.047149915248155594,0.007320390548557043
road653_png.rf.a69e562a3dab509d536c1f6d7689c4de.jpg,0,0.7414172291755676,0.3362675607204437,0.02044142223894596,0.022956483066082,0.002582058310508728
road653_png.rf.a69e562a3dab509d536c1f6d7689c4de.jpg,0,0.3099719285964966,0.24273985624313354,0.022584017366170883,0.015871047973632812,0.0016205465653911233
road653_png.rf.a69e562a3dab509d536c1f6d7689c4de.jpg,8,0.3359888195991516,0.5467411875724792,0.06069552153348923,0.04843433201313019,0.0015712109161540866
road653_png.rf.a69e562a3dab509d536c1f6d7689c4de.jpg,0,0.7342058420181274,0.3376474380493164,0.038074713200330734,0.034273918718099594,0.001570174703374505
road653_png.rf.a69e562a3dab509d536c1f6d7689c4de.jpg,0,0.741364598274231,0.33578169345855713,0.024392569437623024,0.027674565091729164,0.0010801047319546342
road654_png.rf.dccac1ff09c216df1ecd3c90e1d3923b.jpg,8,0.4248199760913849,0.4995369613170624,0.08667895197868347,0.0678691491484642,0.970356285572052
road654_png.rf.dccac1ff09c216df1ecd3c90e1d3923b.jpg,10,0.1374407559633255,0.5217499732971191,0.06176532432436943,0.04856986552476883,0.8960652351379395
road654_png.rf.dccac1ff09c216df1ecd3c90e1d3923b.jpg,13,0.13760590553283691,0.5222336649894714,0.062175203114748,0.04753883183002472,0.317205011844635
road654_png.rf.dccac1ff09c216df1ecd3c90e1d3923b.jpg,8,0.1394280195236206,0.5211350321769714,0.0637914165854454,0.049861617386341095,0.24098193645477295
road654_png.rf.dccac1ff09c216df1ecd3c90e1d3923b.jpg,9,0.13906268775463104,0.5208504796028137,0.06391869485378265,0.04980688914656639,0.17099088430404663
road654_png.rf.dccac1ff09c216df1ecd3c90e1d3923b.jpg,1,0.10976511985063553,0.14472275972366333,0.023981168866157532,0.01614179089665413,0.004145871382206678
road654_png.rf.dccac1ff09c216df1ecd3c90e1d3923b.jpg,9,0.9889174699783325,0.46246302127838135,0.021722061559557915,0.06688015162944794,0.0024108788929879665
road654_png.rf.dccac1ff09c216df1ecd3c90e1d3923b.jpg,8,0.13953769207000732,0.47004473209381104,0.06136974319815636,0.051595065742731094,0.0019400266464799643
road654_png.rf.dccac1ff09c216df1ecd3c90e1d3923b.jpg,14,0.14117667078971863,0.47007057070732117,0.06315752118825912,0.05195217952132225,0.0015425883466377854
road654_png.rf.dccac1ff09c216df1ecd3c90e1d3923b.jpg,12,0.9882352352142334,0.46232011914253235,0.02307620458304882,0.06728664040565491,0.001277972711250186
road654_png.rf.dccac1ff09c216df1ecd3c90e1d3923b.jpg,3,0.9903363585472107,0.46713656187057495,0.019207075238227844,0.05987926945090294,0.0012569950195029378
road654_png.rf.dccac1ff09c216df1ecd3c90e1d3923b.jpg,11,0.1397022008895874,0.47041088342666626,0.06231728941202164,0.05136706307530403,0.001253244816325605
road654_png.rf.dccac1ff09c216df1ecd3c90e1d3923b.jpg,3,0.9935819506645203,0.4701318144798279,0.012706903740763664,0.05073940008878708,0.0011912992922589183
road655_png.rf.ff15054285f0f0f70cd01a48ab24b450.jpg,8,0.6480154395103455,0.5281977653503418,0.09630570560693741,0.07821116596460342,0.921789288520813
road655_png.rf.ff15054285f0f0f70cd01a48ab24b450.jpg,7,0.297116756439209,0.5621851682662964,0.0691983550786972,0.05311177670955658,0.8283411860466003
road655_png.rf.ff15054285f0f0f70cd01a48ab24b450.jpg,10,0.29769188165664673,0.5624839663505554,0.06908191740512848,0.05398229509592056,0.7473875284194946
road655_png.rf.ff15054285f0f0f70cd01a48ab24b450.jpg,9,0.2967139482498169,0.5623879432678223,0.06937681883573532,0.05313671752810478,0.4986305236816406
road655_png.rf.ff15054285f0f0f70cd01a48ab24b450.jpg,8,0.2983244061470032,0.5622273683547974,0.06888595223426819,0.054865140467882156,0.10014583170413971
road655_png.rf.ff15054285f0f0f70cd01a48ab24b450.jpg,5,0.297095388174057,0.5061154365539551,0.07197815179824829,0.05589566007256508,0.028070416301488876
road655_png.rf.ff15054285f0f0f70cd01a48ab24b450.jpg,8,0.2986380457878113,0.5050745010375977,0.07144968956708908,0.05801476165652275,0.022910913452506065
road655_png.rf.ff15054285f0f0f70cd01a48ab24b450.jpg,11,0.29830387234687805,0.505149245262146,0.07236840575933456,0.05762100592255592,0.009609416127204895
road655_png.rf.ff15054285f0f0f70cd01a48ab24b450.jpg,1,0.7396402359008789,0.15108618140220642,0.008444859646260738,0.0076932357624173164,0.002654707757756114
road655_png.rf.ff15054285f0f0f70cd01a48ab24b450.jpg,0,0.5291494131088257,0.00909252930432558,0.09073298424482346,0.01818409375846386,0.0018705512629821897
road655_png.rf.ff15054285f0f0f70cd01a48ab24b450.jpg,1,0.3959542214870453,0.9355642199516296,0.01633438840508461,0.011388632468879223,0.0015662325313314795
road655_png.rf.ff15054285f0f0f70cd01a48ab24b450.jpg,1,0.7403197288513184,0.1492130607366562,0.008888537995517254,0.008633806370198727,0.0012851444771513343
road655_png.rf.ff15054285f0f0f70cd01a48ab24b450.jpg,1,0.5297217965126038,0.0096155796200037,0.08882211148738861,0.0192311592400074,0.0010774024995043874
road65_png.rf.35a17912d8a5df128c238eff97db75eb.jpg,14,0.5197790861129761,0.4500984847545624,0.465713232755661,0.3425377905368805,0.8818733096122742
road65_png.rf.35a17912d8a5df128c238eff97db75eb.jpg,0,0.7723133563995361,0.9783890247344971,0.02643577940762043,0.021108482033014297,0.01238936185836792
road65_png.rf.35a17912d8a5df128c238eff97db75eb.jpg,1,0.582924485206604,0.2718629837036133,0.023132948204874992,0.029633063822984695,0.006913924589753151
road65_png.rf.35a17912d8a5df128c238eff97db75eb.jpg,5,0.21494029462337494,0.157070592045784,0.11052201688289642,0.06778381019830704,0.0033824006095528603
road65_png.rf.35a17912d8a5df128c238eff97db75eb.jpg,1,0.5850308537483215,0.27438950538635254,0.031214017421007156,0.03767389804124832,0.0027344312984496355
road65_png.rf.35a17912d8a5df128c238eff97db75eb.jpg,14,0.21522444486618042,0.1579672247171402,0.10919424891471863,0.06914488226175308,0.0024790107272565365
road65_png.rf.35a17912d8a5df128c238eff97db75eb.jpg,0,0.7730076313018799,0.9802291989326477,0.02971928007900715,0.027815820649266243,0.0021003675647079945
road65_png.rf.35a17912d8a5df128c238eff97db75eb.jpg,5,0.20605912804603577,0.3240679204463959,0.11866812407970428,0.07364636659622192,0.0016757374396547675
road65_png.rf.35a17912d8a5df128c238eff97db75eb.jpg,12,0.5430448651313782,0.8098024725914001,0.01384089607745409,0.01802803948521614,0.0014591097133234143
road65_png.rf.35a17912d8a5df128c238eff97db75eb.jpg,0,0.7720468044281006,0.977250337600708,0.018594229593873024,0.02083565667271614,0.0011513722129166126
road65_png.rf.35a17912d8a5df128c238eff97db75eb.jpg,1,0.21640785038471222,0.1567641943693161,0.11264069378376007,0.06936421245336533,0.0010798516450449824
road661_png.rf.9b3a953ded6512ace828850f97be4472.jpg,8,0.5144537687301636,0.6389372944831848,0.2578998804092407,0.2152615785598755,0.9108216166496277
road661_png.rf.9b3a953ded6512ace828850f97be4472.jpg,1,0.46359628438949585,0.1287831962108612,0.01815660297870636,0.0345955565571785,0.006580043118447065
road661_png.rf.9b3a953ded6512ace828850f97be4472.jpg,6,0.9167632460594177,0.506058394908905,0.16642116010189056,0.9878832101821899,0.0014393266756087542
road666_png.rf.7d914d9d62e7d0fcc23d5bce18bb5d3c.jpg,10,0.5585808157920837,0.6897849440574646,0.3804582357406616,0.3101581931114197,0.9651331305503845
road666_png.rf.7d914d9d62e7d0fcc23d5bce18bb5d3c.jpg,8,0.9913990497589111,0.48486778140068054,0.01659136638045311,0.1296122968196869,0.001826541032642126
road666_png.rf.7d914d9d62e7d0fcc23d5bce18bb5d3c.jpg,1,0.18612506985664368,0.6510612964630127,0.011968485079705715,0.049444567412137985,0.0015317898942157626
road666_png.rf.7d914d9d62e7d0fcc23d5bce18bb5d3c.jpg,3,0.9872360825538635,0.4780277907848358,0.025221165269613266,0.12432755529880524,0.001406889408826828
road666_png.rf.7d914d9d62e7d0fcc23d5bce18bb5d3c.jpg,8,0.9875757098197937,0.48357531428337097,0.024380464106798172,0.14956273138523102,0.0012637813342735171
road673_png.rf.4180f0a6afa7416d52c729d8b9305d75.jpg,14,0.333357572555542,0.4477379322052002,0.06692202389240265,0.0539434514939785,0.8503820300102234
road673_png.rf.4180f0a6afa7416d52c729d8b9305d75.jpg,1,0.37730666995048523,0.20311957597732544,0.039738986641168594,0.031051654368638992,0.0028179592918604612
road673_png.rf.4180f0a6afa7416d52c729d8b9305d75.jpg,0,0.12011020630598068,0.8214874863624573,0.016124000772833824,0.00924037117511034,0.00260453624650836
road673_png.rf.4180f0a6afa7416d52c729d8b9305d75.jpg,1,0.563616931438446,0.47489526867866516,0.02408691681921482,0.023657983168959618,0.002301522297784686
road673_png.rf.4180f0a6afa7416d52c729d8b9305d75.jpg,1,0.9944090247154236,0.3206350803375244,0.010664353147149086,0.03984146937727928,0.0018221283098682761
road673_png.rf.4180f0a6afa7416d52c729d8b9305d75.jpg,0,0.43508079648017883,0.7688949108123779,0.014110785908997059,0.012529226951301098,0.001503690262325108
road673_png.rf.4180f0a6afa7416d52c729d8b9305d75.jpg,1,0.6585303544998169,0.7835395932197571,0.014336659573018551,0.011836051940917969,0.0014391334261745214
road673_png.rf.4180f0a6afa7416d52c729d8b9305d75.jpg,1,0.994502604007721,0.36506742238998413,0.01018399465829134,0.04272039234638214,0.0012951695825904608
road673_png.rf.4180f0a6afa7416d52c729d8b9305d75.jpg,1,0.5620743632316589,0.4731319546699524,0.020922478288412094,0.01862349919974804,0.0012307603610679507
road673_png.rf.4180f0a6afa7416d52c729d8b9305d75.jpg,1,0.3708480894565582,0.21141570806503296,0.03869669511914253,0.05062714219093323,0.0011828464921563864
road673_png.rf.4180f0a6afa7416d52c729d8b9305d75.jpg,0,0.12174911797046661,0.8209248185157776,0.020890144631266594,0.013024624437093735,0.0010834860149770975
road691_png.rf.3ca3931933e5623e51596577124c3447.jpg,3,0.4995206892490387,0.5453938245773315,0.16537736356258392,0.12441202998161316,0.9235512614250183
road691_png.rf.3ca3931933e5623e51596577124c3447.jpg,5,0.5039447546005249,0.3524402379989624,0.16529875993728638,0.13058128952980042,0.9140424132347107
road692_png.rf.428a4cfb2f374f0acb60ffc5c57e0750.jpg,5,0.444690465927124,0.33002451062202454,0.23487092554569244,0.18448418378829956,0.9419317841529846
road692_png.rf.428a4cfb2f374f0acb60ffc5c57e0750.jpg,3,0.4404887557029724,0.603138267993927,0.2412002682685852,0.1865520179271698,0.9339876174926758
road692_png.rf.428a4cfb2f374f0acb60ffc5c57e0750.jpg,0,0.9960637092590332,0.9759023189544678,0.007646854501217604,0.046649202704429626,0.0011112891370430589
road701_png.rf.cdb390be5b29eb46e8125d30c802cde0.jpg,5,0.8888958692550659,0.37975096702575684,0.22220832109451294,0.19465269148349762,0.9431766271591187
road701_png.rf.cdb390be5b29eb46e8125d30c802cde0.jpg,3,0.8900628685951233,0.6726483702659607,0.2198743224143982,0.19349561631679535,0.9282790422439575
road701_png.rf.cdb390be5b29eb46e8125d30c802cde0.jpg,0,0.4628444015979767,0.311725914478302,0.02750638872385025,0.013430778868496418,0.03943786025047302
road701_png.rf.cdb390be5b29eb46e8125d30c802cde0.jpg,0,0.4612773060798645,0.3140018880367279,0.02412300929427147,0.018345650285482407,0.012412095442414284
road701_png.rf.cdb390be5b29eb46e8125d30c802cde0.jpg,0,0.46467629075050354,0.31174564361572266,0.03256288170814514,0.018598923459649086,0.005615108646452427
road701_png.rf.cdb390be5b29eb46e8125d30c802cde0.jpg,0,0.03133789077401161,0.2382582724094391,0.046958036720752716,0.031349845230579376,0.0018752936739474535
road701_png.rf.cdb390be5b29eb46e8125d30c802cde0.jpg,0,0.6011821627616882,0.2571588158607483,0.011951960623264313,0.02748718671500683,0.0011642439058050513
road708_png.rf.d9bf7da6e0e73af3295909a18a2cabee.jpg,5,0.520961344242096,0.4381925165653229,0.24767468869686127,0.19847984611988068,0.9379027485847473
road708_png.rf.d9bf7da6e0e73af3295909a18a2cabee.jpg,3,0.5246343016624451,0.7289787530899048,0.24501335620880127,0.19614015519618988,0.9231878519058228
road708_png.rf.d9bf7da6e0e73af3295909a18a2cabee.jpg,4,0.600752055644989,0.07559241354465485,0.009506995789706707,0.009977749548852444,0.004704043734818697
road708_png.rf.d9bf7da6e0e73af3295909a18a2cabee.jpg,0,0.7783417105674744,0.38347530364990234,0.4433167278766632,0.7669506072998047,0.0010345509508624673
road709_png.rf.4247ab0b03caf6c144ac9d5203850b81.jpg,5,0.4884132444858551,0.5024020075798035,0.07872658967971802,0.06515294313430786,0.956089198589325
road709_png.rf.4247ab0b03caf6c144ac9d5203850b81.jpg,3,0.48648887872695923,0.5937790274620056,0.0799090713262558,0.06302478164434433,0.8955293893814087
road709_png.rf.4247ab0b03caf6c144ac9d5203850b81.jpg,1,0.3790208399295807,0.26777178049087524,0.02047095075249672,0.015218478627502918,0.04357459768652916
road709_png.rf.4247ab0b03caf6c144ac9d5203850b81.jpg,9,0.8007200956344604,0.5904034972190857,0.11108523607254028,0.08654286712408066,0.023946939036250114
road709_png.rf.4247ab0b03caf6c144ac9d5203850b81.jpg,5,0.8008764982223511,0.5912403464317322,0.1102229654788971,0.08463195711374283,0.01596115157008171
road709_png.rf.4247ab0b03caf6c144ac9d5203850b81.jpg,0,0.42847660183906555,0.6983543038368225,0.01167664211243391,0.012657532468438148,0.005529982969164848
road709_png.rf.4247ab0b03caf6c144ac9d5203850b81.jpg,1,0.3807849884033203,0.26861220598220825,0.027231914922595024,0.019391005858778954,0.0030386929865926504
road716_png.rf.b9085b6c292ddd763a6e1481465dd3cd.jpg,5,0.6217933893203735,0.5526768565177917,0.0703422874212265,0.056789547204971313,0.9604135155677795
road716_png.rf.b9085b6c292ddd763a6e1481465dd3cd.jpg,3,0.5325701832771301,0.5475031137466431,0.06414201110601425,0.04903896152973175,0.8746744990348816
road720_png.rf.bdc71460f5121259128f84a720780e9e.jpg,8,0.3797447979450226,0.5206763744354248,0.09570738673210144,0.076481893658638,0.9710677862167358
road720_png.rf.bdc71460f5121259128f84a720780e9e.jpg,11,0.3809998631477356,0.52040696144104,0.09398332238197327,0.07741542905569077,0.003087251912802458
road720_png.rf.bdc71460f5121259128f84a720780e9e.jpg,5,0.38532257080078125,0.43994203209877014,0.09610253572463989,0.0743560791015625,0.0020643488969653845
road720_png.rf.bdc71460f5121259128f84a720780e9e.jpg,9,0.3864664137363434,0.4413302540779114,0.09863894432783127,0.07803264260292053,0.001030349638313055
road743_png.rf.09b77e4a47a21b7c3482c28b37c86ecb.jpg,5,0.272367000579834,0.3782830238342285,0.09661656618118286,0.0775417909026146,0.9414364099502563
road743_png.rf.09b77e4a47a21b7c3482c28b37c86ecb.jpg,3,0.2603429853916168,0.4830411970615387,0.09586749225854874,0.07653790712356567,0.9389635324478149
road747_png.rf.66031af78137deac5c6878292d9ce7db.jpg,5,0.8888999819755554,0.34014931321144104,0.22220011055469513,0.1989356428384781,0.9359510540962219
road747_png.rf.66031af78137deac5c6878292d9ce7db.jpg,3,0.8793514370918274,0.6261475682258606,0.23972636461257935,0.20068474113941193,0.9233773350715637
road747_png.rf.66031af78137deac5c6878292d9ce7db.jpg,1,0.9662423729896545,0.1453564167022705,0.066624715924263,0.2898339033126831,0.003826518775895238
road747_png.rf.66031af78137deac5c6878292d9ce7db.jpg,1,0.9670708179473877,0.08537989854812622,0.06535720825195312,0.1672397404909134,0.0034595218021422625
road760_png.rf.cb25cb1c5c71e6bbf07a9dc3b11915d2.jpg,3,0.4874849021434784,0.3574729561805725,0.21527716517448425,0.1773645579814911,0.9245500564575195
road770_png.rf.192c2e4a2994c3c1bdfa14f69586392c.jpg,7,0.5191617608070374,0.44751372933387756,0.10450484603643417,0.09001508355140686,0.8029559850692749
road770_png.rf.192c2e4a2994c3c1bdfa14f69586392c.jpg,12,0.5171405076980591,0.4483497738838196,0.10555953532457352,0.08610343933105469,0.6509419083595276
road770_png.rf.192c2e4a2994c3c1bdfa14f69586392c.jpg,14,0.9669522643089294,0.28295931220054626,0.06379663199186325,0.03651928901672363,0.39805448055267334
road770_png.rf.192c2e4a2994c3c1bdfa14f69586392c.jpg,1,0.9776344895362854,0.3943693935871124,0.04291563853621483,0.17096395790576935,0.020499179139733315
road770_png.rf.192c2e4a2994c3c1bdfa14f69586392c.jpg,0,0.9778441786766052,0.3897364139556885,0.042546346783638,0.16275516152381897,0.011385348625481129
road770_png.rf.192c2e4a2994c3c1bdfa14f69586392c.jpg,1,0.9774088263511658,0.4164178967475891,0.04331611096858978,0.25064659118652344,0.011228433810174465
road770_png.rf.192c2e4a2994c3c1bdfa14f69586392c.jpg,7,0.6808447241783142,0.5123611688613892,0.5030524134635925,0.40993568301200867,0.004060862585902214
road770_png.rf.192c2e4a2994c3c1bdfa14f69586392c.jpg,0,0.3338733911514282,0.46327123045921326,0.011582374572753906,0.008287503384053707,0.003342549316585064
road770_png.rf.192c2e4a2994c3c1bdfa14f69586392c.jpg,4,0.4098702371120453,0.41484534740448,0.009122848510742188,0.009904751554131508,0.0024865875020623207
road770_png.rf.192c2e4a2994c3c1bdfa14f69586392c.jpg,10,0.5194577574729919,0.4485761821269989,0.10782664269208908,0.087828129529953,0.0023736751172691584
road770_png.rf.192c2e4a2994c3c1bdfa14f69586392c.jpg,13,0.5192190408706665,0.4478650689125061,0.10714538395404816,0.08853545784950256,0.0016162027604877949
road770_png.rf.192c2e4a2994c3c1bdfa14f69586392c.jpg,7,0.6035327911376953,0.38013818860054016,0.30734217166900635,0.27354928851127625,0.0016143688699230552
road770_png.rf.192c2e4a2994c3c1bdfa14f69586392c.jpg,1,0.6997702717781067,0.4561924636363983,0.02073882333934307,0.0298662930727005,0.0015857568942010403
road770_png.rf.192c2e4a2994c3c1bdfa14f69586392c.jpg,7,0.6315094828605652,0.4550381004810333,0.36702075600624084,0.20331881940364838,0.0014233386609703302
road770_png.rf.192c2e4a2994c3c1bdfa14f69586392c.jpg,1,0.9832680225372314,0.41045084595680237,0.0328376479446888,0.26670634746551514,0.0010280291317030787
road773_png.rf.b467561d9bc1abfaa69c770187f44c38.jpg,9,0.6468425393104553,0.49451762437820435,0.06625953316688538,0.055183667689561844,0.7027865052223206
road773_png.rf.b467561d9bc1abfaa69c770187f44c38.jpg,12,0.6476559638977051,0.49491721391677856,0.06463193893432617,0.05740297958254814,0.10559852421283722
road773_png.rf.b467561d9bc1abfaa69c770187f44c38.jpg,0,0.6606586575508118,0.7626105546951294,0.039274878799915314,0.02722417563199997,0.0794132798910141
road773_png.rf.b467561d9bc1abfaa69c770187f44c38.jpg,0,0.6657864451408386,0.7641939520835876,0.04117048904299736,0.025484159588813782,0.037699609994888306
road773_png.rf.b467561d9bc1abfaa69c770187f44c38.jpg,0,0.6555323004722595,0.7626121640205383,0.03746553882956505,0.0235190037637949,0.01309087686240673
road773_png.rf.b467561d9bc1abfaa69c770187f44c38.jpg,1,0.5261865854263306,0.0035919216461479664,0.015510449185967445,0.0069336858578026295,0.0032434300519526005
road773_png.rf.b467561d9bc1abfaa69c770187f44c38.jpg,0,0.6421281695365906,0.7682153582572937,0.03567174822092056,0.01627834141254425,0.00198962539434433
road773_png.rf.b467561d9bc1abfaa69c770187f44c38.jpg,0,0.6668981909751892,0.3224293887615204,0.015050668269395828,0.010461477562785149,0.001779121346771717
road773_png.rf.b467561d9bc1abfaa69c770187f44c38.jpg,1,0.5286442041397095,0.00409103324636817,0.013820172287523746,0.007646700832992792,0.0015026683686301112
road773_png.rf.b467561d9bc1abfaa69c770187f44c38.jpg,0,0.8400816917419434,0.47554919123649597,0.009746844880282879,0.008968793787062168,0.0011045492719858885
road773_png.rf.b467561d9bc1abfaa69c770187f44c38.jpg,0,0.891219973564148,0.47733521461486816,0.015079719014465809,0.009135503321886063,0.0010862883646041155
road774_png.rf.01952886ddecdd8280c5df688e7f3f0e.jpg,9,0.6579770445823669,0.43525031208992004,0.06673461198806763,0.06251309812068939,0.8566300272941589
road774_png.rf.01952886ddecdd8280c5df688e7f3f0e.jpg,13,0.6590508818626404,0.43493783473968506,0.07023584097623825,0.06288418918848038,0.3568676710128784
road774_png.rf.01952886ddecdd8280c5df688e7f3f0e.jpg,10,0.6586591601371765,0.43527618050575256,0.06813878566026688,0.06305581331253052,0.016000892966985703
road774_png.rf.01952886ddecdd8280c5df688e7f3f0e.jpg,0,0.5272015333175659,0.7474749684333801,0.026957586407661438,0.022922443225979805,0.005718687549233437
road774_png.rf.01952886ddecdd8280c5df688e7f3f0e.jpg,0,0.42533600330352783,0.3709111213684082,0.008687019348144531,0.00726245017722249,0.0024318844079971313
road774_png.rf.01952886ddecdd8280c5df688e7f3f0e.jpg,1,0.8007776141166687,0.35290268063545227,0.014412440359592438,0.010094422847032547,0.002373885130509734
road774_png.rf.01952886ddecdd8280c5df688e7f3f0e.jpg,0,0.9276637434959412,0.004354615230113268,0.03593635559082031,0.008709230460226536,0.0013848321978002787
road774_png.rf.01952886ddecdd8280c5df688e7f3f0e.jpg,0,0.40161755681037903,0.5774725675582886,0.0070010703057050705,0.005567147396504879,0.0012342969421297312
road774_png.rf.01952886ddecdd8280c5df688e7f3f0e.jpg,0,0.7342878580093384,0.8767178654670715,0.011102676391601562,0.0080718994140625,0.001179667771793902
road794_png.rf.3569e6160a38765029861dd0a34ebfdd.jpg,13,0.44434699416160583,0.609696626663208,0.2112511247396469,0.16828995943069458,0.951728880405426
road794_png.rf.3569e6160a38765029861dd0a34ebfdd.jpg,12,0.08411842584609985,0.9442760348320007,0.051352981477975845,0.047262780368328094,0.6845958828926086
road794_png.rf.3569e6160a38765029861dd0a34ebfdd.jpg,0,0.26286235451698303,0.29384779930114746,0.038365695625543594,0.02719307132065296,0.05039341375231743
road794_png.rf.3569e6160a38765029861dd0a34ebfdd.jpg,0,0.27824804186820984,0.29290181398391724,0.06991525739431381,0.030397800728678703,0.03528069704771042
road794_png.rf.3569e6160a38765029861dd0a34ebfdd.jpg,8,0.08440132439136505,0.9430181384086609,0.04837588220834732,0.04471815750002861,0.025616461411118507
road794_png.rf.3569e6160a38765029861dd0a34ebfdd.jpg,0,0.7342786192893982,0.3108278810977936,0.03513475880026817,0.020285477861762047,0.0019587536808103323
road803_png.rf.ec1de6db189d7a63e98b91529236a7d1.jpg,3,0.530785083770752,0.5861424803733826,0.10216166824102402,0.0836189016699791,0.9334821701049805
road803_png.rf.ec1de6db189d7a63e98b91529236a7d1.jpg,0,0.367371141910553,0.9858090877532959,0.009488399140536785,0.021202601492404938,0.0014328914694488049
road804_png.rf.c07a9b7b679e771fad740f296ee3a8f7.jpg,3,0.6555062532424927,0.4910734295845032,0.1325196474790573,0.10517869144678116,0.8742318749427795
road804_png.rf.c07a9b7b679e771fad740f296ee3a8f7.jpg,0,0.003022522432729602,0.9242188930511475,0.005978165194392204,0.05093361809849739,0.0010111660230904818
road811_png.rf.e8ae9aefbf35658164ee88a52ed39bd8.jpg,13,0.45574864745140076,0.5107185244560242,0.18333208560943604,0.14629526436328888,0.9669368267059326
road822_png.rf.b3ba7f5457042a083bad8aac3fe5f819.jpg,14,0.4569999873638153,0.27141350507736206,0.20996908843517303,0.1703890711069107,0.91349858045578
road822_png.rf.b3ba7f5457042a083bad8aac3fe5f819.jpg,1,0.48017075657844543,0.5518355369567871,0.14410196244716644,0.27948278188705444,0.8671945333480835
road822_png.rf.b3ba7f5457042a083bad8aac3fe5f819.jpg,0,0.37100690603256226,0.6034542322158813,0.09565562754869461,0.18745753169059753,0.7427075505256653
road822_png.rf.b3ba7f5457042a083bad8aac3fe5f819.jpg,1,0.3724454939365387,0.606546938419342,0.09217633306980133,0.1834891140460968,0.3113221526145935
road822_png.rf.b3ba7f5457042a083bad8aac3fe5f819.jpg,0,0.4828323423862457,0.5578593015670776,0.15009132027626038,0.29442402720451355,0.14082767069339752
road822_png.rf.b3ba7f5457042a083bad8aac3fe5f819.jpg,12,0.19330909848213196,0.9474667906761169,0.06431718915700912,0.06320609152317047,0.007200186140835285
road822_png.rf.b3ba7f5457042a083bad8aac3fe5f819.jpg,0,0.18538828194141388,0.8861003518104553,0.0176421869546175,0.015727484598755836,0.0038746087811887264
road822_png.rf.b3ba7f5457042a083bad8aac3fe5f819.jpg,3,0.19350650906562805,0.9473051428794861,0.06291892379522324,0.0640726089477539,0.0023165682796388865
road822_png.rf.b3ba7f5457042a083bad8aac3fe5f819.jpg,0,0.1859336644411087,0.8875160813331604,0.020665554329752922,0.02015407383441925,0.0022521622013300657
road836_png.rf.05522d5697471753f15583e9c74d9908.jpg,12,0.5853807330131531,0.3860611915588379,0.20532278716564178,0.16227099299430847,0.90188068151474
road836_png.rf.05522d5697471753f15583e9c74d9908.jpg,1,0.222938671708107,0.44682496786117554,0.018588652834296227,0.013269021175801754,0.046200450509786606
road836_png.rf.05522d5697471753f15583e9c74d9908.jpg,1,0.2234034240245819,0.44473928213119507,0.022685401141643524,0.017695464193820953,0.002505287993699312
road836_png.rf.05522d5697471753f15583e9c74d9908.jpg,1,0.25523117184638977,0.6755191087722778,0.01296622958034277,0.009865541011095047,0.002012508222833276
road836_png.rf.05522d5697471753f15583e9c74d9908.jpg,1,0.16711793839931488,0.42466044425964355,0.009349383413791656,0.009910950437188148,0.0019570281729102135
road836_png.rf.05522d5697471753f15583e9c74d9908.jpg,1,0.166530579328537,0.4231013059616089,0.009745139628648758,0.010408475063741207,0.001664793468080461
road836_png.rf.05522d5697471753f15583e9c74d9908.jpg,1,0.23549076914787292,0.7316282391548157,0.020375454798340797,0.013270451687276363,0.0010711259674280882
road836_png.rf.05522d5697471753f15583e9c74d9908.jpg,1,0.2660149931907654,0.6192413568496704,0.019702911376953125,0.020701812580227852,0.0010470449924468994
road836_png.rf.05522d5697471753f15583e9c74d9908.jpg,7,0.8747010231018066,0.9944377541542053,0.01047391165047884,0.009952032007277012,0.0010345514165237546
road841_png.rf.7ddce1ff42545b101a28f63e6a1e5af7.jpg,12,0.42976057529449463,0.4082637429237366,0.13650894165039062,0.10654156655073166,0.860236644744873
road841_png.rf.7ddce1ff42545b101a28f63e6a1e5af7.jpg,12,0.4270764887332916,0.32455945014953613,0.14057116210460663,0.27260106801986694,0.005756582133471966
road841_png.rf.7ddce1ff42545b101a28f63e6a1e5af7.jpg,13,0.4360791742801666,0.40667983889579773,0.12915314733982086,0.10754743218421936,0.004448140971362591
road841_png.rf.7ddce1ff42545b101a28f63e6a1e5af7.jpg,1,0.6414108276367188,0.43748775124549866,0.011527501977980137,0.007813014090061188,0.0037145495880395174
road841_png.rf.7ddce1ff42545b101a28f63e6a1e5af7.jpg,1,0.6399226784706116,0.4369197189807892,0.011338821612298489,0.007527205161750317,0.0015878471313044429
road842_png.rf.eaef28c5ea8a82fe3cfba78634bebf18.jpg,12,0.3346537947654724,0.44265592098236084,0.17007766664028168,0.13458575308322906,0.8731618523597717
road842_png.rf.eaef28c5ea8a82fe3cfba78634bebf18.jpg,0,0.6276660561561584,0.6235793232917786,0.01132070180028677,0.008840341120958328,0.013825096189975739
road842_png.rf.eaef28c5ea8a82fe3cfba78634bebf18.jpg,1,0.7874952554702759,0.6998869180679321,0.022975409403443336,0.022324342280626297,0.006126632913947105
road842_png.rf.eaef28c5ea8a82fe3cfba78634bebf18.jpg,0,0.6286263465881348,0.6222650408744812,0.013265830464661121,0.01077762059867382,0.005630488973110914
road842_png.rf.eaef28c5ea8a82fe3cfba78634bebf18.jpg,1,0.6269901394844055,0.623693585395813,0.012090316973626614,0.007905813865363598,0.004933706484735012
road842_png.rf.eaef28c5ea8a82fe3cfba78634bebf18.jpg,0,0.9901621341705322,0.6360836029052734,0.01909622922539711,0.06886053085327148,0.0037471360992640257
road842_png.rf.eaef28c5ea8a82fe3cfba78634bebf18.jpg,0,0.9883071184158325,0.6292900443077087,0.022841233760118484,0.06009366363286972,0.0025742975994944572
road842_png.rf.eaef28c5ea8a82fe3cfba78634bebf18.jpg,0,0.9879752397537231,0.620835542678833,0.02311178483068943,0.03057454340159893,0.0025620232336223125
road842_png.rf.eaef28c5ea8a82fe3cfba78634bebf18.jpg,0,0.7193511128425598,0.7319074869155884,0.07730212807655334,0.14984263479709625,0.0022444711066782475
road842_png.rf.eaef28c5ea8a82fe3cfba78634bebf18.jpg,0,0.7342864274978638,0.7337035536766052,0.09996546804904938,0.1540396809577942,0.0017572372453287244
road842_png.rf.eaef28c5ea8a82fe3cfba78634bebf18.jpg,0,0.694309413433075,0.6885788440704346,0.15276454389095306,0.2458788901567459,0.0015663787489756942
road842_png.rf.eaef28c5ea8a82fe3cfba78634bebf18.jpg,0,0.6271386742591858,0.6250746846199036,0.012623567134141922,0.008837627246975899,0.0013234250945970416
road842_png.rf.eaef28c5ea8a82fe3cfba78634bebf18.jpg,0,0.8741796016693115,0.4570425748825073,0.2513529658317566,0.8134649991989136,0.0010291984071955085
road84_png.rf.3c4a24183c70e3af08fc01ae65761c88.jpg,14,0.49782368540763855,0.2971307337284088,0.2608567178249359,0.1919480711221695,0.8337978720664978
road84_png.rf.3c4a24183c70e3af08fc01ae65761c88.jpg,0,0.6002737879753113,0.8765477538108826,0.00928508397191763,0.007146615535020828,0.0016149899456650019
road84_png.rf.3c4a24183c70e3af08fc01ae65761c88.jpg,0,0.1304198056459427,0.6529752016067505,0.051012683659791946,0.03645369037985802,0.0012009621132165194
road84_png.rf.3c4a24183c70e3af08fc01ae65761c88.jpg,1,0.47453242540359497,0.12089146673679352,0.9460078477859497,0.24178293347358704,0.001130995457060635
road850_png.rf.74fa86d3aaa9d85f0c87bf9bb5ce433e.jpg,12,0.2958239018917084,0.33055439591407776,0.06322121620178223,0.05365949496626854,0.9307952523231506
road850_png.rf.74fa86d3aaa9d85f0c87bf9bb5ce433e.jpg,13,0.2976701259613037,0.32983943819999695,0.06619822233915329,0.0524761863052845,0.06533100455999374
road850_png.rf.74fa86d3aaa9d85f0c87bf9bb5ce433e.jpg,0,0.0030845527071505785,0.47406139969825745,0.006083998363465071,0.013164483942091465,0.0010791703825816512
road851_png.rf.30b2392d540fed2bdafd783c8defefb9.jpg,12,0.4151661992073059,0.3208719491958618,0.07337750494480133,0.05872537940740585,0.9290847778320312
road851_png.rf.30b2392d540fed2bdafd783c8defefb9.jpg,9,0.9955695867538452,0.39502406120300293,0.008860881440341473,0.024549119174480438,0.004310160875320435
road851_png.rf.30b2392d540fed2bdafd783c8defefb9.jpg,9,0.9953195452690125,0.40132707357406616,0.009320992976427078,0.039186038076877594,0.002467254176735878
road856_png.rf.c56e130a9afef0aa81d3359ce467f4b1.jpg,12,0.5072382092475891,0.23049256205558777,0.15016555786132812,0.12501373887062073,0.8783725500106812
road856_png.rf.c56e130a9afef0aa81d3359ce467f4b1.jpg,0,0.7446091175079346,0.9640412330627441,0.013385700061917305,0.011447613127529621,0.011435176245868206
road856_png.rf.c56e130a9afef0aa81d3359ce467f4b1.jpg,1,0.45197761058807373,0.3580474257469177,0.04887140914797783,0.1263994723558426,0.0012836166424676776
road859_png.rf.f0e4bbd39d237c79817d4ade35676364.jpg,12,0.4702998399734497,0.4061206877231598,0.08582210540771484,0.06984172016382217,0.9436529874801636
road859_png.rf.f0e4bbd39d237c79817d4ade35676364.jpg,1,0.009046375751495361,0.11111877858638763,0.017472809180617332,0.024212554097175598,0.006811401341110468
road859_png.rf.f0e4bbd39d237c79817d4ade35676364.jpg,1,0.06633500754833221,0.4466820955276489,0.13267001509666443,0.8190443515777588,0.0025690370239317417
road859_png.rf.f0e4bbd39d237c79817d4ade35676364.jpg,1,0.04015960916876793,0.12310273945331573,0.018341416493058205,0.01483667828142643,0.0023194486275315285
road859_png.rf.f0e4bbd39d237c79817d4ade35676364.jpg,0,0.6595340967178345,0.3026042878627777,0.01305257435888052,0.03034793585538864,0.0020055673085153103
road859_png.rf.f0e4bbd39d237c79817d4ade35676364.jpg,0,0.0033943394664674997,0.3802546262741089,0.006653800141066313,0.045498043298721313,0.0014157764380797744
road859_png.rf.f0e4bbd39d237c79817d4ade35676364.jpg,9,0.14688201248645782,0.6012367606163025,0.040926869958639145,0.07818174362182617,0.0010902221547439694
road85_png.rf.86fab2367257fba23a95cad102a7dd82.jpg,14,0.5195235013961792,0.5407885313034058,0.49026554822921753,0.4012145698070526,0.8697813749313354
road85_png.rf.86fab2367257fba23a95cad102a7dd82.jpg,1,0.5213769674301147,0.43892577290534973,0.029964448884129524,0.02648049220442772,0.0017136436654254794
road85_png.rf.86fab2367257fba23a95cad102a7dd82.jpg,1,0.3497070372104645,0.6642948985099792,0.012155203148722649,0.013934429734945297,0.0015531626995652914
road85_png.rf.86fab2367257fba23a95cad102a7dd82.jpg,1,0.3500257134437561,0.6658143401145935,0.014182531274855137,0.01740536466240883,0.001186590176075697
road865_png.rf.d20a4a3f4030905929c2739f03eba9b8.jpg,10,0.5817432403564453,0.25692030787467957,0.11461665481328964,0.0933038517832756,0.9109711050987244
road865_png.rf.d20a4a3f4030905929c2739f03eba9b8.jpg,9,0.5824723243713379,0.25641942024230957,0.11848504841327667,0.09560060501098633,0.050224028527736664
road865_png.rf.d20a4a3f4030905929c2739f03eba9b8.jpg,1,0.6788392663002014,0.3591032028198242,0.04180879145860672,0.09620270878076553,0.0013634441420435905
road865_png.rf.d20a4a3f4030905929c2739f03eba9b8.jpg,0,0.6464884877204895,0.231349915266037,0.020974745973944664,0.045962464064359665,0.0010642517590895295
road86_png.rf.618acea5b57f584ad3cf0c2ddd8be8b3.jpg,14,0.4976056218147278,0.509451150894165,0.28876325488090515,0.42189204692840576,0.8788594603538513
road86_png.rf.618acea5b57f584ad3cf0c2ddd8be8b3.jpg,0,0.5832203030586243,0.08983287215232849,0.7186242341995239,0.17966574430465698,0.0414792001247406
road86_png.rf.618acea5b57f584ad3cf0c2ddd8be8b3.jpg,0,0.5819617509841919,0.8512043952941895,0.02752443589270115,0.036563873291015625,0.015975087881088257
road86_png.rf.618acea5b57f584ad3cf0c2ddd8be8b3.jpg,0,0.8238776326179504,0.11800996959209442,0.351787805557251,0.23593732714653015,0.014962257817387581
road86_png.rf.618acea5b57f584ad3cf0c2ddd8be8b3.jpg,0,0.4894767701625824,0.059839434921741486,0.5014932751655579,0.11967886984348297,0.014740215614438057
road86_png.rf.618acea5b57f584ad3cf0c2ddd8be8b3.jpg,0,0.6908693313598633,0.06965893507003784,0.6141573190689087,0.13931787014007568,0.012590490281581879
road86_png.rf.618acea5b57f584ad3cf0c2ddd8be8b3.jpg,0,0.5267663598060608,0.15792079269886017,0.9464673399925232,0.31584158539772034,0.010031037963926792
road86_png.rf.618acea5b57f584ad3cf0c2ddd8be8b3.jpg,1,0.04123704507946968,0.8044819831848145,0.016057269647717476,0.040457140654325485,0.009849805384874344
road86_png.rf.618acea5b57f584ad3cf0c2ddd8be8b3.jpg,0,0.5769608616828918,0.8507739305496216,0.04272332787513733,0.058373965322971344,0.009591584093868732
road86_png.rf.618acea5b57f584ad3cf0c2ddd8be8b3.jpg,0,0.9803980588912964,0.09457710385322571,0.03859967738389969,0.09806207567453384,0.00861007533967495
road86_png.rf.618acea5b57f584ad3cf0c2ddd8be8b3.jpg,0,0.7357961535453796,0.0920896828174591,0.5284076929092407,0.1841793656349182,0.007730602752417326
road86_png.rf.618acea5b57f584ad3cf0c2ddd8be8b3.jpg,0,0.5412219166755676,0.8305752277374268,0.12481997907161713,0.2553876042366028,0.007137218024581671
road86_png.rf.618acea5b57f584ad3cf0c2ddd8be8b3.jpg,1,0.913934588432312,0.5045358538627625,0.014770581386983395,0.03803722932934761,0.006712593603879213
road86_png.rf.618acea5b57f584ad3cf0c2ddd8be8b3.jpg,0,0.5815883874893188,0.8409768342971802,0.03260282427072525,0.06821735203266144,0.006458246614784002
road86_png.rf.618acea5b57f584ad3cf0c2ddd8be8b3.jpg,0,0.18610940873622894,0.8209805488586426,0.0392625518143177,0.044223275035619736,0.005645004566758871
road86_png.rf.618acea5b57f584ad3cf0c2ddd8be8b3.jpg,1,0.045727476477622986,0.7998039722442627,0.026419982314109802,0.06335192918777466,0.00559723237529397
road86_png.rf.618acea5b57f584ad3cf0c2ddd8be8b3.jpg,0,0.4204849898815155,0.03940577432513237,0.3543708920478821,0.07881154865026474,0.005068051163107157
road86_png.rf.618acea5b57f584ad3cf0c2ddd8be8b3.jpg,1,0.11910490691661835,0.9644265174865723,0.03956019878387451,0.027523554861545563,0.00502626271918416
road86_png.rf.618acea5b57f584ad3cf0c2ddd8be8b3.jpg,0,0.5644428730010986,0.8503695130348206,0.06658770889043808,0.05065859481692314,0.004915440920740366
road86_png.rf.618acea5b57f584ad3cf0c2ddd8be8b3.jpg,0,0.9909223914146423,0.22499480843544006,0.017760276794433594,0.16730566322803497,0.004532836377620697
road86_png.rf.618acea5b57f584ad3cf0c2ddd8be8b3.jpg,0,0.519217848777771,0.2593786120414734,0.9615644216537476,0.5183627605438232,0.004347444046288729
road86_png.rf.618acea5b57f584ad3cf0c2ddd8be8b3.jpg,0,0.3667411804199219,0.034150492399930954,0.27116382122039795,0.06830098479986191,0.004207043442875147
road86_png.rf.618acea5b57f584ad3cf0c2ddd8be8b3.jpg,0,0.6044951677322388,0.12946654856204987,0.7538095116615295,0.2581860423088074,0.0038603951688855886
road86_png.rf.618acea5b57f584ad3cf0c2ddd8be8b3.jpg,0,0.9821229577064514,0.06331528723239899,0.035742100328207016,0.12663057446479797,0.003499041311442852
road86_png.rf.618acea5b57f584ad3cf0c2ddd8be8b3.jpg,0,0.8475552797317505,0.1796904355287552,0.3047960698604584,0.35803282260894775,0.0034202015958726406
road86_png.rf.618acea5b57f584ad3cf0c2ddd8be8b3.jpg,0,0.9852195978164673,0.07340862601995468,0.029323285445570946,0.11859215795993805,0.0033723546657711267
road86_png.rf.618acea5b57f584ad3cf0c2ddd8be8b3.jpg,0,0.9945645928382874,0.22273172438144684,0.010486896149814129,0.09132818132638931,0.003137558000162244
road86_png.rf.618acea5b57f584ad3cf0c2ddd8be8b3.jpg,0,0.4295738935470581,0.892118513584137,0.12007922679185867,0.055388085544109344,0.002913671312853694
road86_png.rf.618acea5b57f584ad3cf0c2ddd8be8b3.jpg,0,0.3530406057834625,0.029673025012016296,0.208430677652359,0.05884779244661331,0.002901894971728325
road86_png.rf.618acea5b57f584ad3cf0c2ddd8be8b3.jpg,0,0.34567511081695557,0.01369442418217659,0.14101214706897736,0.02738884836435318,0.0027897802647203207
road86_png.rf.618acea5b57f584ad3cf0c2ddd8be8b3.jpg,0,0.5852674841880798,0.8541308641433716,0.031770963221788406,0.04829825088381767,0.002546906704083085
road86_png.rf.618acea5b57f584ad3cf0c2ddd8be8b3.jpg,1,0.004908374976366758,0.6767604947090149,0.00907279085367918,0.03448449820280075,0.0025443728081882
road86_png.rf.618acea5b57f584ad3cf0c2ddd8be8b3.jpg,1,0.9937804937362671,0.2686002552509308,0.011457443237304688,0.15127551555633545,0.002534969011321664
road86_png.rf.618acea5b57f584ad3cf0c2ddd8be8b3.jpg,1,0.007510954048484564,0.6763682961463928,0.014360301196575165,0.03294042497873306,0.0023656287230551243
road86_png.rf.618acea5b57f584ad3cf0c2ddd8be8b3.jpg,0,0.6779921650886536,0.14844802021980286,0.6440156102180481,0.29656511545181274,0.0022012775298208
road86_png.rf.618acea5b57f584ad3cf0c2ddd8be8b3.jpg,0,0.5424638986587524,0.007250412367284298,0.1306396722793579,0.014500824734568596,0.002139052841812372
road86_png.rf.618acea5b57f584ad3cf0c2ddd8be8b3.jpg,0,0.5357246398925781,0.01069793850183487,0.14238005876541138,0.02139587700366974,0.0021164061035960913
road86_png.rf.618acea5b57f584ad3cf0c2ddd8be8b3.jpg,1,0.4215276837348938,0.8618029356002808,0.01686066947877407,0.03605189919471741,0.0021158363670110703
road86_png.rf.618acea5b57f584ad3cf0c2ddd8be8b3.jpg,1,0.012303906492888927,0.6754706501960754,0.02413264848291874,0.03673986345529556,0.002112826332449913
road86_png.rf.618acea5b57f584ad3cf0c2ddd8be8b3.jpg,0,0.7860735654830933,0.008708620443940163,0.07012837380170822,0.017417240887880325,0.002073029289022088
road86_png.rf.618acea5b57f584ad3cf0c2ddd8be8b3.jpg,0,0.45084309577941895,0.8903527855873108,0.07069768011569977,0.04419165477156639,0.0020612324588000774
road86_png.rf.618acea5b57f584ad3cf0c2ddd8be8b3.jpg,0,0.5665615797042847,0.8482838273048401,0.0671495646238327,0.07269199192523956,0.0020217616111040115
road86_png.rf.618acea5b57f584ad3cf0c2ddd8be8b3.jpg,1,0.5417731404304504,0.816715657711029,0.12382456660270691,0.22405141592025757,0.0020030150189995766
road86_png.rf.618acea5b57f584ad3cf0c2ddd8be8b3.jpg,0,0.9817754030227661,0.08652643114328384,0.03599269688129425,0.06661035120487213,0.0019070310518145561
road86_png.rf.618acea5b57f584ad3cf0c2ddd8be8b3.jpg,0,0.1877078413963318,0.8190602660179138,0.02686113677918911,0.0416315533220768,0.0018075041007250547
road86_png.rf.618acea5b57f584ad3cf0c2ddd8be8b3.jpg,0,0.992218554019928,0.20345446467399597,0.015562938526272774,0.05493459478020668,0.001722389250062406
road86_png.rf.618acea5b57f584ad3cf0c2ddd8be8b3.jpg,0,0.5493232011795044,0.021157341077923775,0.35083621740341187,0.04155462235212326,0.0016946386313065886
road86_png.rf.618acea5b57f584ad3cf0c2ddd8be8b3.jpg,0,0.5956431031227112,0.8192649483680725,0.2451903373003006,0.2926553785800934,0.0015706141712144017
road86_png.rf.618acea5b57f584ad3cf0c2ddd8be8b3.jpg,0,0.34774112701416016,0.019986892119050026,0.1521969586610794,0.03997378423810005,0.0015503627946600318
road86_png.rf.618acea5b57f584ad3cf0c2ddd8be8b3.jpg,0,0.9939967393875122,0.1945471167564392,0.011548849754035473,0.030952583998441696,0.0015309900045394897
road86_png.rf.618acea5b57f584ad3cf0c2ddd8be8b3.jpg,0,0.45082148909568787,0.8722496628761292,0.06802588701248169,0.09586650133132935,0.0015250578289851546
road86_png.rf.618acea5b57f584ad3cf0c2ddd8be8b3.jpg,1,0.12415773421525955,0.9639801979064941,0.05209334194660187,0.03098488040268421,0.001512537943199277
road86_png.rf.618acea5b57f584ad3cf0c2ddd8be8b3.jpg,1,0.9942598938941956,0.28228217363357544,0.010568032041192055,0.07584595680236816,0.0014828601852059364
road86_png.rf.618acea5b57f584ad3cf0c2ddd8be8b3.jpg,1,0.11126931011676788,0.9641435146331787,0.02594284899532795,0.024095315486192703,0.0014450660673901439
road86_png.rf.618acea5b57f584ad3cf0c2ddd8be8b3.jpg,0,0.9794018268585205,0.10773137956857681,0.032894134521484375,0.0634508803486824,0.001443083630874753
road86_png.rf.618acea5b57f584ad3cf0c2ddd8be8b3.jpg,0,0.44125548005104065,0.8910012245178223,0.09210968017578125,0.04891366511583328,0.0014248915249481797
road86_png.rf.618acea5b57f584ad3cf0c2ddd8be8b3.jpg,0,0.5828748941421509,0.8584557175636292,0.03403777629137039,0.06944964826107025,0.0013996370835229754
road86_png.rf.618acea5b57f584ad3cf0c2ddd8be8b3.jpg,1,0.6476462483406067,0.7752528190612793,0.01344790868461132,0.03514114022254944,0.0013213916681706905
road86_png.rf.618acea5b57f584ad3cf0c2ddd8be8b3.jpg,1,0.988633394241333,0.2651853561401367,0.022634141147136688,0.2774704396724701,0.0012954386183992028
road86_png.rf.618acea5b57f584ad3cf0c2ddd8be8b3.jpg,0,0.4028657078742981,0.029131818562746048,0.273022323846817,0.057895153760910034,0.0012304121628403664
road86_png.rf.618acea5b57f584ad3cf0c2ddd8be8b3.jpg,0,0.7627072930335999,0.010062197223305702,0.084686279296875,0.020124394446611404,0.001167678041383624
road86_png.rf.618acea5b57f584ad3cf0c2ddd8be8b3.jpg,0,0.9851507544517517,0.23611095547676086,0.02929702214896679,0.23055650293827057,0.001144874608144164
road86_png.rf.618acea5b57f584ad3cf0c2ddd8be8b3.jpg,0,0.7705159187316895,0.008291319012641907,0.06422681361436844,0.016582638025283813,0.0011289587710052729
road86_png.rf.618acea5b57f584ad3cf0c2ddd8be8b3.jpg,0,0.7838895320892334,0.030568258836865425,0.07947768270969391,0.06113651767373085,0.0011230214731767774
road86_png.rf.618acea5b57f584ad3cf0c2ddd8be8b3.jpg,0,0.9907947778701782,0.24536502361297607,0.018410462886095047,0.23554718494415283,0.0011134337401017547
road86_png.rf.618acea5b57f584ad3cf0c2ddd8be8b3.jpg,0,0.5841512084007263,0.8304176926612854,0.026766961440443993,0.08678971976041794,0.0011052917689085007
road86_png.rf.618acea5b57f584ad3cf0c2ddd8be8b3.jpg,0,0.9887526035308838,0.009541260078549385,0.02154262363910675,0.01825183629989624,0.001030836603604257
road86_png.rf.618acea5b57f584ad3cf0c2ddd8be8b3.jpg,0,0.9952064156532288,0.23389369249343872,0.008571771904826164,0.07246027141809464,0.0010013740975409746
road872_png.rf.d95002240567bc0114365d0ba181071f.jpg,8,0.3376471996307373,0.549635112285614,0.11831225454807281,0.09241218119859695,0.9562355875968933
road872_png.rf.d95002240567bc0114365d0ba181071f.jpg,14,0.7593297362327576,0.6723929643630981,0.04083281382918358,0.038526903837919235,0.5907116532325745
road872_png.rf.d95002240567bc0114365d0ba181071f.jpg,1,0.005315384827554226,0.3000551164150238,0.010476845316588879,0.022485293447971344,0.01892959699034691
road872_png.rf.d95002240567bc0114365d0ba181071f.jpg,1,0.22687989473342896,0.24823710322380066,0.014072253368794918,0.01522902399301529,0.00616986071690917
road872_png.rf.d95002240567bc0114365d0ba181071f.jpg,1,0.7981116771697998,0.7055199146270752,0.16484759747982025,0.12070590257644653,0.004688889253884554
road872_png.rf.d95002240567bc0114365d0ba181071f.jpg,1,0.9308667182922363,0.40447795391082764,0.023756174370646477,0.017419559881091118,0.00414575170725584
road872_png.rf.d95002240567bc0114365d0ba181071f.jpg,1,0.0070964014157652855,0.3010731339454651,0.014192802831530571,0.0262326467782259,0.003922938834875822
road872_png.rf.d95002240567bc0114365d0ba181071f.jpg,7,0.5087903141975403,0.211154505610466,0.9824194312095642,0.4218725860118866,0.0033214869908988476
road872_png.rf.d95002240567bc0114365d0ba181071f.jpg,1,0.7635963559150696,0.7069154381752014,0.09157878160476685,0.11868007481098175,0.0031209816224873066
road872_png.rf.d95002240567bc0114365d0ba181071f.jpg,1,0.0044952938333153725,0.30331823229789734,0.008990587666630745,0.03106130287051201,0.0020349768456071615
road872_png.rf.d95002240567bc0114365d0ba181071f.jpg,1,0.6270373463630676,0.9487516283988953,0.02267169952392578,0.014223612844944,0.0017691472312435508
road872_png.rf.d95002240567bc0114365d0ba181071f.jpg,11,0.5454503297805786,0.21797390282154083,0.9039216637611389,0.43594780564308167,0.001595601555891335
road872_png.rf.d95002240567bc0114365d0ba181071f.jpg,1,0.9890028238296509,0.4525763690471649,0.021038569509983063,0.023754818364977837,0.0013302882434800267
road872_png.rf.d95002240567bc0114365d0ba181071f.jpg,0,0.9973198175430298,0.3924855589866638,0.005352020263671875,0.016746118664741516,0.0013246916932985187
road872_png.rf.d95002240567bc0114365d0ba181071f.jpg,1,0.9937577843666077,0.6261865496635437,0.011681923642754555,0.016915908083319664,0.0012109552044421434
road872_png.rf.d95002240567bc0114365d0ba181071f.jpg,14,0.27605414390563965,0.4393092393875122,0.5521082878112793,0.8740649223327637,0.0010151182068511844
road876_png.rf.723330bcac2a5e357c0a325590dbff3c.jpg,8,0.47868451476097107,0.36511898040771484,0.2346498817205429,0.18104444444179535,0.8971595764160156
road876_png.rf.723330bcac2a5e357c0a325590dbff3c.jpg,14,0.3012470602989197,0.7621331214904785,0.052463993430137634,0.04983542859554291,0.6532468199729919
road876_png.rf.723330bcac2a5e357c0a325590dbff3c.jpg,1,0.4020678997039795,0.7819400429725647,0.017648624256253242,0.04669659212231636,0.30901190638542175
road876_png.rf.723330bcac2a5e357c0a325590dbff3c.jpg,1,0.4013911187648773,0.7859927415847778,0.021943533793091774,0.054866060614585876,0.0745939165353775
road876_png.rf.723330bcac2a5e357c0a325590dbff3c.jpg,1,0.6514742970466614,0.7492598295211792,0.014360794797539711,0.010488290339708328,0.00778975198045373
road876_png.rf.723330bcac2a5e357c0a325590dbff3c.jpg,1,0.4009692370891571,0.7912002801895142,0.02659177966415882,0.07038131356239319,0.006060818675905466
road876_png.rf.723330bcac2a5e357c0a325590dbff3c.jpg,1,0.40549236536026,0.7789409756660461,0.03046681359410286,0.051954783499240875,0.0029494715854525566
road876_png.rf.723330bcac2a5e357c0a325590dbff3c.jpg,1,0.8936563730239868,0.5593377947807312,0.016549404710531235,0.01370213646441698,0.0027869732584804296
road876_png.rf.723330bcac2a5e357c0a325590dbff3c.jpg,1,0.39226365089416504,0.7795206308364868,0.03179055079817772,0.04212423786520958,0.0025868420489132404
road876_png.rf.723330bcac2a5e357c0a325590dbff3c.jpg,0,0.7199798226356506,0.4248409569263458,0.013893494382500648,0.010271439328789711,0.0019173109903931618
road876_png.rf.723330bcac2a5e357c0a325590dbff3c.jpg,0,0.9969431161880493,0.3806869089603424,0.006113712675869465,0.013952952809631824,0.0018950728699564934
road876_png.rf.723330bcac2a5e357c0a325590dbff3c.jpg,1,0.3965184986591339,0.7832275032997131,0.02992318384349346,0.047102637588977814,0.001573983347043395
road876_png.rf.723330bcac2a5e357c0a325590dbff3c.jpg,1,0.6027143597602844,0.7482956051826477,0.008847934193909168,0.0066576008684933186,0.0013535601319745183
road876_png.rf.723330bcac2a5e357c0a325590dbff3c.jpg,1,0.63527911901474,0.744196355342865,0.006600600201636553,0.007710677105933428,0.0011525528971105814
road94_png.rf.77920ec51ee4fe99a6fb6f8d99f67954.jpg,14,0.5159662961959839,0.500992476940155,0.5611443519592285,0.6201282143592834,0.9306334257125854
road94_png.rf.77920ec51ee4fe99a6fb6f8d99f67954.jpg,14,0.32309627532958984,0.45161229372024536,0.6461925506591797,0.9032245874404907,0.022022517397999763
road94_png.rf.77920ec51ee4fe99a6fb6f8d99f67954.jpg,1,0.7158389091491699,0.5,0.5683222413063049,1.0,0.0022938596084713936
road94_png.rf.77920ec51ee4fe99a6fb6f8d99f67954.jpg,14,0.6352181434631348,0.5,0.72956383228302,1.0,0.0010881460038945079
